sha256,y_pred,y_score
5a87cf1d19816464f9243cf66ad6bc1fb2ffc7ccb26f7f97b98d9a4e7886c1bc,0,0.0012028964
2cdbba53751b7fef1ba04f2360580aa704581dcff368ba74df50eafc9aa0fb83,0,0.024166184
a9fb35df094165e5bf955f24aa187e416ff2df68b9681886f4bcbcc4748a1077,0,0.002510545
2eca60b3a540697cd7676edea2fbabdfaf54c3ae958584168231981099d2868a,0,0.00019059751
d6d196970bef06f613fbd6db576aef208685829191c046dacadb4bc843f95d7d,1,0.7583358
3754b6766f038e5f03acda9007d9ec61dad9181d914543d4f2972421d43922e4,0,0.0016720719
7436334d6a4f7cab24d6be6280463d807170bd004876f9e7445db86b5afe49f9,0,0.0033532032
dda556263266d7aa3a0728f34d951f6ee827fb2817a1cac09a502e2682898845,0,0.0033532032
821d65eaa2d218ce84ee8af652ba08e0873602455e7163bac5113aee17e59599,0,0.0033532032
85fee156f7b033fee446cd805444c6c69dc4ab2bab4fbdf26f0316e03b4a2eee,0,0.12389325
e55cb4bbf0d52dc6c538d192f5cc9ec39fd09bb90e410ab198e66a1f7e0ff461,1,0.7583358
87debb3ff143353c26a3300d7f21c034cb4a69243708aa30020dce2dd3b37e80,0,0.01840574
b9543f666038d9167f805f84b0ab2e0bd862eaa47e91f4253c9063db3c95890e,0,0.04697655
10c5d8a638ca50379f8b80d46f626417f815738763f273881e82680372d6746c,0,0.027138926
8b502b31ce797d5a162bc6b9300b5f02351b0b6b290b8dc1390b8dfb826673ab,0,0.00012781181
0b7e185222384b8d816b4da5becd742f14cad39f8f118057c86c3e3323525dc7,0,0.00026649743
c19bb195dfbfea8d5deece490aa283f7485751e89b960db12d289c2e55d38aa5,0,0.0021172434
6f606c58e486a4753635779526cfa2bf1cf60c630ccfbef8c1ace53576507ed1,0,0.00026649743
638bb5cdfa60421ca6e1842bee215c832eb737153611979c39b55fbf12a035f6,0,0.008383125
31fd3c5e752324ba3696db498d75ad33428b79c0ce52b1bf699a055d39b7e443,0,0.022550946
5b3e695e3298827b179e1832cf010fdff6dbc6f00070e6b546453b6fbf2793c3,0,0.0003066834
4872964741e2ca3818ba5ab42e80b347bd3bd1813bb16296b5aeb8aedd56de70,0,0.12389325
264bde65630ac8b952bfecafb46bf423fa2ea0e711d665c340bb83c5d066cf23,0,0.001544633
f92781c021038c161c7abbb000f1fe437cff027c2f32145f98b0665a7d8cde14,0,0.2700914
b7659da492a1ebd8bd7cea2909be4ee1f58e00a2586d65a1c91b2e1e5ec6acd1,0,0.00028947808
dd4075cab8b933c58eaae9dafcccce80be010e903be67efeeb4bfda783d63125,0,0.29054928
1e4e1c1666425621cf5e3f644ccf5d72ea822384ee0467687b96ef250a42561d,0,0.007826894
cfd90ce50fb95b865f94d65be4f44afd638029a9adc485bb7d45f66365461980,0,0.0006316283
063cc45a247a1e6de2909910186e718506738272bc2f65177b68bccdb911364b,0,0.00097042666
b524698dd5c9143b92843574bcc3eb021d94f1e2773db08cf71c76494fdac281,0,0.032916456
f7129d820c2763f372b133b343a80f448dccbba5ed61ef6e674b6f9d35e52f55,0,0.00092604774
bfa68143654dadbe6166b9e4c1d849d830a29d69700b62fcf28f646bf51ba29a,0,0.09506932
23d648eb43b188e3eaa500278207086c4bfae3cfabd57bdc0b6b9f35b2e78b6a,0,0.0013640462
da2e768f0cd63e2125125679f28bfb9fbaa7d9c87db99c7495c2521e2e34bb19,0,0.0036931953
f23ae9162fce89be3a21ee67dff4ce79328c705e0cd3098f2e718c08e5d3356c,0,0.16744275
19271b015556bd3c3cee620a816985ce7680cc40aabb2ecddbf6688a5754799a,0,0.8341918
6624980087cff7f86b194f15d209a2fa80da4ae06958de5a2e822fabda6e1cac,0,0.0003845763
99561ea8eab44cad2dffdb36d60d641bba4d86a16bf8ea1c969b43a80d64145f,0,0.0017555108
9fb133a590101bcfdb09c85a12cc159906caee4265832801e0d6c2cc5d54803d,0,0.00017513198
6bdda778eafc5a23a20705ff5755ce96a1eea7b7e41159684499cd260babcfb6,0,0.002242531
f055f0c7522941c4ff8edd07e6ae6b82394d1bf6b424d4371b71cc66eb90df48,1,0.7583358
bd35116ffce9add4eadbffcfc0087336cbcdf81852ebf4dd249ca77a453e4b7f,0,0.0018858677
37792652c24247be5fe443c55f2d48ba744098ebe006d4871dd2c4cc94c3858c,0,0.0004027086
ca5c52524698d003d37ba85280e50c2a9cf17588cf43f1930f1042c8892fc495,0,0.013376232
a7d2e0fc32a21d05f52bb34e3ecf26c3d075fcf7df71c3a6bc347aa611b51c44,0,0.012247619
b6926fa97e46fd6749fee310c5df62b51142bf9a492a2455e4fcd679138501d3,0,0.0004954476
05d3c9dca3372b7e5cb3b37578d30ce8a7b26bd50d4dc4b08ee463bd08907723,0,0.0032900104
0ad6c733a9d7d8f68170e0f40f6f5bf799019bb563b02add3da5704439fc8295,0,0.003396196
71df0684775f4d2549dbcafc5abe1d7166d067cd886eed37ec6fa4089d9ca5a1,0,0.002510545
15f2f335f5a108e530781257ee3528ce5425e3cfcd31d0d440f76f63134e4b63,0,0.0006638118
cc5bc338d581d9dd466d25e9e82bbb421094f0eada1694f0d0c0aec67236363a,0,0.0006088124
40f97ac3ee659d8b1f91dba8b84449fe3c14e05c1e82754375252d8746e6b1f5,0,0.018946134
77594e66daadb895c03cdb984e4419ba07fed43c726bf65dd70f08f9ceed9b8e,0,0.0001927583
bd980a54dc349b707af2f370598d402ea3986a724b5ee173f34c619f6f41a9b5,0,0.0016011122
058807c29a9c72c7f8f98d16a2ac5bb511c62b04510b639f2660219c7e86d40f,0,0.005835472
36aaa4b5400d24d5e79341025a294f8dcb1e8c42a22fd588130ac89468ca3c3d,0,0.0014323654
5443e5d7e5df3d5b62e5c7f6adb20973bbe425c973cf844835883da6a2e3b440,0,0.00905526
b537d682dd1e2b0c3bcedfee4e8141a29fc2a91d8cf4adcd25fc798f08b1054c,0,0.009505806
ee619e212e9254ef33b63d58d056862bb1db5092394062df6479621cf8b961f3,0,0.0006297088
4d41392a716f10ada497f0651d725ee23297393afdd583d9cf35c010b80169ad,0,0.009505806
76bc17a6423a341fc7e535827e1014e2de3b3ee8b00c4841eabd11fa4ed7a231,0,0.00730488
95f3c1e5b75a0f8c6867e1dd67ae116d7852da0ccda9e504dbcbeadb0a55d202,0,0.010275248
b6abc3c4a93918e67905f2cb0529653c3c3c7a901f12603387d804cc7ff0d93d,0,0.0028025722
7aa230a503576c41a0aa0cc7c32eb90e528c7034de738585d539bd02e47678d9,0,0.0073308414
5cfa1b83c83c2ed4c2f5a586709da89f98351ddf981ca5a1381880587397fee1,0,0.025953487
8771e093e6548e7fa41400ce64e6347f5573a9ef2a72897fed45d998949a60b8,0,0.019915767
12d75e895649f68f217e42c2d881a94fd3177d7b9a7937825852aed545520cc8,0,0.0050874944
1808f2d5d604f4b27ce38a889d6104ded2ce911dd2b3194306203b469a4dd73c,0,0.0022149023
38878fcc1d6b2f6ac8f3aeea8c9bad9ba1cd6b02e2a16e3666b51f4b97ab1904,0,0.714626
a73f384270610e71141a8de5c917388bf568c8d57c1747eb0f9b5d605f66e0fe,0,0.0014028765
804ff82e241e3ecca79ce34863983431db0d94f305547e76c9009c87a066f7de,0,0.0013490686
9aef601ad2683dc655df023f8c9e003d26b0ffb474ab5f2f4f963533f0bdcec2,0,0.045905493
22d059198304044b6209254c71c2fa0168d8f8b169dfa6c5ea8321756965dd32,0,0.0002165104
c38ae108540eda3b313f87dd9a2dc193d471a1ddadd35cd93c7d21feda71c0d3,0,0.00029326294
2eed433b6e22f83892646f04035857d10423c7c1d8c8d1b16e84541a823baf46,0,0.0003679005
95e305929afb63d0ddbaf3601df7b4b7b18cce3ca76f72806a7ab13bd14e0b2b,0,0.003939084
f655c7dc3fd65a8502aa5efeec38b8cbcdd6d58da51d38dfc126255d99dc37a7,0,0.0016720719
fc7a36bc7535195a8bc54122be8f16a05004e4baaad33a8d14002f289aa2907c,0,0.015119498
8377a6c4275fab75f3bb5f6630a2cb6b6986493d2b8eef3be4f6fece1958a2ae,0,0.011108239
50526d97f3b8808cfc1f3fad6bc25a66598647f54a9118cbc7248ae127359d9e,0,0.014137724
767a652a7a72c635ac49bbe58308e002c9c304c111906f8880096ae2acf30d2d,0,0.0041342666
4f7ae8beeb74c1ffc6f7627cbfe7e7c8d765d778f3257692a16b45ec0d5c3afc,0,0.29054928
5b91290662997d0b47832153d8461ca75b021ab45412f45132779e7ad7fcf4da,1,0.67318326
eb4e7634bf5bebec2286f8d6edaf5cca8d53177776f65f738abb8a51d4e52c4f,0,0.009505806
53ba15707ecf89d260a7bc923ba302c0c8422ff2c30dd245b051005b1f4b27c1,0,0.0075962516
0c7e76f558515ecfd4ccf5dc74953938f669475158423a83442e45b853d87a82,0,0.0038644061
7bd6864a5e515d9b8590869bd9ff0c9444f9813021a1ddbc0308dad6fa27e7c4,0,0.014739544
e3f3c38fa3fe032783ad769663fd1f3ccd46bda8535ffeddbc0d7639149003ed,0,0.004463421
8965d2a3b9b73e200695b1969ee75d5fc82a24985d2daeed91c05777b2d95048,1,0.5629844
48b8d4bd043c696a6d5f739dbe406232e337551921f747fc14deccea9113428d,1,0.0010391526
b08911e6d897c98cebddd5309811e5a14f84326203f279b585a6f28cb72b91a7,0,0.007250484
6bc3693dc63c19eb5b2e0e39ebcce1115669fdc9d5fd4408877866f089d9662e,0,0.084024146
828808aab36b9e05d614c34aa94bc8d8677a6990b1acb87a695df187abb52971,1,0.0010391526
d5b44919a5cd5648b01e392115fe68b9569b1c7847f3cdf65b1ace1302d005d2,0,0.0006522885
a9c9e34a43b18cb243595fedf7531d12ef1169e45eb2216471b47177b10023f4,1,0.0010391526
e78abd93e922b987742a83f73cf9ed673914c7cd8b5e5386422b731895efe3aa,0,0.028497944
70ac647e7c7cc3c50ad0e3e1bb009b64c4557e9bc2ca787ad3bff212624ad882,0,0.05733476
1a8add790f354932e8c7550a51adb6e97803c20c61dc6ea08480efdfa99b074e,1,0.0010391526
246c77b57130c7edb131de5e3bfdff138d8d85bcefe1fee745b9f50440f2d107,0,0.017722482
c591f4433f26e00ed1b0df57ea55c3a0115f57297add84c3bd6b6fc3ea5a249a,0,0.00564633
75dcf47f99bcd101bc16aa22545717f0016a0c876ea5bee7dfd01ecc9b388324,0,0.7459512
7681e94b9ba53354e4e784cc1727ac0ee0afdeb207cde96216b06b073a446ee1,0,0.024457056
832b21abe2687be3e1c1133d68dc5dd1e6468aef71fd5ddf2bfd24ae2564c9d1,0,0.0005328044
c74a3554737367a36b82eaa39ad4e2b12fd9f4bcb485d7a953101677cb52b822,1,0.45347714
9b01edafaac1ac646c5df43c81380c33a2182bdc2f430483bc5236b5398cb2f7,0,0.00828934
c88432bdfb30eeed939c6f95abde0f4f681a358948002a4e4668ad7475755fda,1,0.33752397
5b878039a1f433b73b5776a999ef86025926a9a432e7f90d7e2a84ae246b055a,0,0.009806775
f08c78426b95cdb0148c4ce3532dba2678c99a38180c17994a7fa5d48e1a02e9,0,0.0004957006
a87df9a2abd32268f9ed77c3efeb18c99f498255639e1854b0e0ef3149d494bf,0,0.0015886858
1970d9d1359e9111dc0b36f955d5ca39baec2718278086e583f8e321d89053a8,0,0.021042753
7f071bbbe1f1c7bebb878b8c8c6bb27d421b2c3afa029c13bb0fc049c818f136,1,0.45347714
8d58757db5c8d8c9fd73d8633e238f2131866ccd7e6d32a8c79250edb6f99893,0,0.21219873
089dea46860097392ba14587faeafa3bb18c7b52fdf17b819c60986d00f03458,0,0.00042713113
3cc2405c35d5afe35d18fc3d2fb2dfb9fff05371f771cc204c7f980a60d834d7,1,0.0010391526
848cf7b4ba6b7b8bcecee30b4eb76967b5431114813339d2c583f6ef31ef55f0,0,0.0010671471
16c06c498be326cac3900d380aaf138cee6ad413e33099eef23cfa2371c4e596,0,0.12601383
9b175a498b6e63014e1b85709c73a921fbfbe0c9c5ce1a30d4762089a38732b5,0,0.0075525683
6146d4f43dc2437f7c40e66e914f16c44b04f4d86836dabe31f189ebcd82654c,0,0.002591057
39abb1406c90d0582d654469162b22a8fbfebd64a6c42298a8ab2335f062842b,1,0.0010391526
4dbffda207cf98e48bae858c30812cb0f2430d51e1eb06d374c93e97b54676e0,0,0.0066536916
bbfd4faad690b784c2b7438620b07cd7f40c3ce9b5955f717d6af7b363ac5e13,0,0.054880314
d4a89eff0ae22974efe5cc88bb2dc0113a9c1ca287541244c160d3ac80395e4a,0,0.010439371
0fa29cc027584e179a82fda1fc6f44b07924175be43db3b9f25fef1035cfa7a6,1,0.0010391526
0df1df89744100058c397ecd529608a5216213aa4b3c97d5836a6604be359e1d,1,0.0010391526
dac5b4fe1b6fa0e26858b65d41aa9f291f365af131bf9dea1d7dacd634dd46d5,0,0.0008623197
83fe955a60c31bdf246cdd01ed284cd9f9f30dae27ea8aad53d1f401b2a5e746,0,0.002836546
8fd251c469a1e4a839c23f991d672263e18deb77c31767df35c52107ba1d73bc,0,0.0056335283
156f956531d732b452b2d7b087d119250cbe19dc19d6fad9ba265543baa9b780,0,0.001960998
d006934f4c72f00d14a06fa2c58902b84898abfa0550528fe7113ca0ef005a41,1,0.93207407
fce7cf587585e03b628144151d8d2ac8d6b315300ecc5e64ae3a0cd08c9bf3d5,0,0.0020976758
365bf95a0c89be0d3f33b9bf26c09059fb3a79c90961421346d7df872ab0f798,0,0.0042398395
00ae1fca3e5831cb383ad64a31cc0e9d4213f89296803ec1b733b5feeb82bba4,0,0.0013695856
c621f326e23ea6a0a1d58d21573f2741966c2b206448a3c2f9aea0adb2d56c2a,0,0.0016439987
f5a12114908e7db653b25a6ea9455a12f6d287b1efa4762f73136068407095ac,0,0.0009381647
42f499d2713a64bde7d798366f91645a96a8e2123541b8c3dc76a919052bc12c,0,0.0003655142
cdc1003aa511fa80f80bfd28223cc47edfd3968b8012e2d93b0deed158de0cfe,0,0.02424919
2071ec3aa161fe755bece92e44f0b96c0361f2d0e37a55f37d41e96c525d3be6,0,0.0034147173
253e1e29e3ac37474986a8506bed23d03c0c69fe7d514493068fe3548006dddd,0,0.06982106
58fa3c1e7c2b767c9d572aa4cb9536a940c6cc67e7d15f933a2af3bb0871dabb,0,0.0013695856
6c22e4e0461f08b92fe4de1a34a56174f20ef49a02cdf23430524fe7547a0504,0,0.015254759
9bc36018c0fbcf05074a4f87a7d33d9fbaa572d98a51332a113a1d4deb2b9ce0,0,0.04494377
b95ef5914db32ae96bae0d77265422936e6ec899a3465ba8abffcc205c063e15,0,0.0022350035
c4b8f69b1870354e5fd7a49b981711e1814de2a171b76822220f5384e788c340,0,0.0058172233
9c2521e9654403977a16f824d4782c791689c7e3201fdab55383d3f5cb41c82f,0,0.002453642
70e8ed7b7073ec2bcc4304ca34daff0d512801c022a922b277b0af4eb8a72020,0,0.0011169018
e6f039ceea554fb47d686b5c1adb46eea0b421a2b5779a18a91a01b89e9fb163,0,0.017203173
68fe0e2e2dfb84dcc46ecdd2ae14b33928d2a23c56e740132a89aafd85d73aa7,0,0.002902447
426ef67b0112474aae8432684aa145fb9ccd24deaf51a47ffcc54b845007db6e,0,0.1588541
7215be1c467d89da361dc3095428a572cad7b2a2d65e3d35f64610d5e2a296ef,0,0.0024645096
cb42e0181dcedb7e2439ee80f3fd01ea9df1a739db7a835ede5d5e68d3b0ba41,0,0.0009714665
902d07d1fb2a5beefc480f33cdd2f01b27d94658e15bce759e4c724a13822396,0,0.0016614619
86619a86a8789462156d8e84b44076cb12e831afb6c0daa359c662f8d6c5f614,0,0.00073215406
3e75d98aac292f60facfd68e91f8848ba9705db9f1517c65c9955838e53d27a1,0,0.02790917
5806faa8b56be373c570292b91cfe50ab81e0139bf1af91faff939350332b4c6,0,0.020334737
9f57f27d9928bc989dd15edbc455e498d5137a982abc9e6aa16760450a045e96,0,0.12389325
890cf7fc65e6d13a56e4a7eaa97f1d5d08ccd8cf2b9258c64139705cdb6ec37d,0,0.0058172233
b62eefa046caa9e60243446f5456461ae603bf9ebe1a21381646feb9d3fe6724,0,0.10279571
e926dafb40ce909fe0e0dc28f510f9aa8a3abde68c5c48f11c377086f2d8e149,0,0.0013044234
91f23b0f2635e76407ec19100150a146cde73b504ea6c3c1dcd63a7896becedd,0,0.001222667
c6bd3f9f32aa4d5d25714a7211eea80b45df6c0cef5062df055afbd23008f758,0,0.06982106
38c20293bc9f0eac1b56bf11e88666a43de74e506bceb4127aa71e4ac2343734,1,0.7583358
7d49a462c9f56072ade3b227ca8c9352deff4345b7bbbd4258afe5adc972b1fc,0,0.0020062965
cf10e805142115e1a5af8ae3684a1b0dec05ff95ab15345a59d06cd8f1530c34,0,0.4667906
c530f160dd17863e58f639a79be2d5c170ff1602aab628a56918922dc10808df,0,0.1588541
bebdb1e8588f7bfa7337b18662df36fed372985dd8ca21c627e30950b6dea859,0,0.0013044234
ac426aa4d228c85cc68a2d21c2a8a9d56cde82b3f63b85f8cbca00c406db4d14,0,0.0022397714
b574b381f9361d9682eae06adfddda9ff15fde981f938b45a7aafa36fe439aa6,1,0.0010391526
36d7634fddb7e2eabad72883e74000b8f368199cc4540920d2e3d0eb38abe850,0,0.0015925204
b7851989204cdbb06fc3d3bca0c02ceae0579ddcaaeb9b4c21611bbe2f649b91,0,0.0006865544
d9ab3f9b71165f437824f1ec54dc1893d2c2cf44187f216f95c9992ec31c5335,0,0.0006865544
957c410871aa4e0e1e9e708002509cce5b4a94c626bd259775d4bedc0f2a8203,0,0.00025218193
b746512ff4193f46394ee684c95dd3ae7df91bcea742f9cd71e230c60b186427,1,0.0010391526
08ed6e117e6b74870489fad7b3be05f8fe6cfd388cbecba317aa816366afd8b6,1,0.9861937
581f1ed0219a5e5bf88b77c60f9769fbcd65724f8bfcc94511a37d2091fa8b64,0,0.001246939
3d0f3a026502b5fea88d7eec5fb6abc7a3e79cd1ece318ed46dfb46f019c8799,0,0.17404367
2fb913f8c4604f5da3d61d4bde45544f5978fb104adde0887458572f51491e35,1,0.0010391526
4cfbc845b7f837a98855ba5749deaa9d9f1f3988c6461bbc91868942501e0a71,1,0.0010391526
9afe75095a91005c5cd890fa0ea352e0b6cf84b6c26a6922b87cb28e16e509dc,0,0.003001455
dcb00cb9b9b8d602c52f2adfec5cf1ed867115efafd16259dd755d505977a037,0,0.004157535
068b1711f0eae4d231fa867c48bda5105b4a21c23b5e75eef08371350a57a1c6,0,0.0008845705
d33f350aec2ecd02206c06b39febeb1f0bc9ffb84f8c5a69e10885b0d70ad6c0,0,0.0023299628
1edd5ff51c0d08b14c46be7128287269a0dfe3cb9d52ec950da0c19d4d477b95,1,0.8836312
7827b0ca622785d27e60bbb86d7cba2d50fa0c8edb27b30615b260a2cc749760,0,0.010439371
9118ef8d92dec8629ce8e3440b536c2975dcfdc068ae220b504304ad9da2c74d,1,0.015482293
3801bbdea97eb4f75b326665406c33c22f3d23dac7f397dba6e9bdb0eb9c07e6,0,0.0020814647
03d7823c598211808f2b81f6dae8ffad62a3c880cea64863fd3cd2084d91d577,0,0.13813548
b4d3bd8776a57241acb2ab0834915a964a588fdc28f3a6e296a45c0539d5c731,0,0.00027349524
5f6db67b2c6ef61160ba91c36342b1cee8bd78db2f7a572d57c4e98a3ae9fb45,0,0.0003655142
804f54e32c5469a5cbd788b178052d37e5f3e25994f59f98210a16f1e290d37c,0,0.0020814647
8479880c5f48a7fe1e0001c47444d2cbd5b6ab74c9169afdcd500f3b388a8256,0,0.0020814647
997759b2293ea142d13559eb64983288f25397ef2c9eb8147247b89370a22e88,0,0.0017402157
dbacced219393ac2d09f3bcd75da579fab683b20d9c4b8c707064f816b70f67e,0,6.6145374e-05
3b2994e24712488a1757e8533872921334aa25a2bec7abaac1adf726a97453cb,0,0.027138926
08ffea08b22c708c4dee891e4b8cefc6e4ccb56d579c2e585a019396845cc1d2,0,0.0038547686
6d2c7e3873124b9046e721d4b4ddb2b0ae312f5a00c8befc70350c55dd3f0363,0,0.0017402157
4e283ee4d1b3d61c43a6273c9b4d9739f7149fc6487562b6a3450cb911432615,0,0.0017402157
dacf192c02193eae91307996ab01b335846bad2c6de2e8766c5595a665012470,0,0.015301267
66c33c0b432eb81c27616740a3ef541d33d11fe0784d2535a8ceb1a819cd5f7c,0,0.006226014
cae2d76fa3c11dc8c441c7606b58e797b86c83a03c5ea80306a4957c1e37a8c8,0,0.00030272105
c3151c9848c835ac99917e8ea7f4bf40a9cff357b8d757e0db96b4b94fb3bdec,0,0.013818849
12b56ffadf88956b2bbecb1017d6f309a3ba5bee1543b5ef13cd42a9642f442d,0,0.014040781
9757586aee395cff7e7f6033d7b61fc80a249b501fe64862011bc1148b82e90c,0,0.025668453
2aedbe81cdc1788458c95193ca55973781b4809c2e0344d9a2a03cea175c6c74,0,0.006044542
81e9f042c90aa2b1e2787708c0e57765de0b80e7179f501ebda6b5a26c5cec1d,0,0.010942265
8776dd7bbf14c01b638d760f203e7a17ae7104916da84b56fd34ef1d06ca77b5,0,0.0013695856
5c659a9c9baef7319a25467e70d84faafc748477a87c488176be9e6ac8cbf72d,0,0.006044542
361ab6a43ee4a00c0247994acb37599a7858af5fc7e6d58bc5dfedb037ea3a25,0,0.006044542
5d89bb7cf164a350513023d3c69134c4a52b70f85e96d1489ead8398c276cbed,0,0.0010954541
3641dd04a42fdca831617758b0b3a1bdbefdc1c83eb1b7194a7e7bbde1c4daed,0,0.030056546
10bdffac10bbe53004bea162a18079175e9622c5108f6512cc9098760428924b,0,0.021164177
563bf84221a2eb803a068b57845b07045b72f8512d030da1df07da6993e3fdcb,0,0.004821517
2029e30dcc1ba1ecb8d73313f18b429b40e6044c7785c52af08b948ef94b3ddf,0,0.0040578204
b260a612b90c9e7c5ed1f354f980b48c2a29ffc92e7ff958bbc24f7a720bbc3a,0,0.026483107
119ad3700530a3f8a4d34643407fcedf7a35e6a8ffdebee73bdc03fcb5e85522,0,0.0046786303
44cb8f22cbfb6f1ed8b7c6ccebad6b226e495bdffcd2f7c4cbbd7a7bf0735ff6,0,0.026751732
20402155a51cf39407d297962f435bdd5c2f02faa44eb5b38e9ec96c371271e0,0,0.030251404
c2ea826e98319c878b640b667b3b01efb2199f0feecf697fabba299144779186,1,0.939409
420bc78407b7f97dde7ae6982700b56a1f99c63c13e103f0f57ef4efba90e89b,0,0.0013147108
e5168d83dca7b5b5a419d744d1d32e55437a2bf5d3406cc89588fdef1470c7df,0,0.023367831
0a45fc7854808bda4e2c14fb3b640ebd6d12a321151e1e79c401e6c419d5a342,0,0.022731608
bd64cadbf58f94c6e262cde652095baa71c0bfaaa3bd2d54680e65c4673edb7a,0,0.00065034773
11083bc6b0ebb371d049acf2d2e1f1c2ce1a9f6aade4f4673656c543f4ccedc6,0,0.00017513198
fb1e89b618b660700387a0b1a6a3310b4d4687a1f729133e3f840d3aab0ae979,0,0.0009366206
4b7f6a9da85b61853aec815b52203e6f3070ad03065c81795f0a48e832bc95ea,0,0.0046786303
4f399d30eee6e13695c189b589936c100fc3f92d68cb5cb68a7efdd4b6ce8c2e,0,0.0003066834
abfd6455b999ff8b76b60ea6baffbdd8ff5fa475918bf22f40548a4b4fde6ae4,0,0.022731608
30f5ee44b037fc793e0791af5e041d5d46739cd0e182f757d625655deeb41e9c,0,0.033312775
67e804d612641b2dd6344b5397ad0590335b182062eafb3142a64a82389b1090,0,0.026751732
9ae7d66bc18683a0d7efc271eb74ac7de13cdf1f60c46304821ea8b60635b46c,0,0.026483107
59e3ad810d87ca5380ba982a9e17d8048b1f360699da32a8c894168d37b35a52,0,0.033312775
bdf68b361b676ccccb072c5fc85a8816339df027fda60a7f5cc372269d3a02f4,0,0.010954885
752f3bf61e4fa5b01dc6c8a7a24f3c728d1e3cd85af64c7b8ddbc50960701c70,0,0.10161757
facdd141a61c5d09115456e3ff888ac41e78b744bf747d54f9988d78b3acd18a,0,0.0006736931
ffb27aaf7a693ef7cfc22d3a9260ff9477608319ac0528c5834b97ffb5dcb733,0,0.001579767
7d07f370ed498a1f6f8eb58c6323a2bb8571f9ea9933898f740e8c3b4358e76a,0,0.05322835
994cdab2cc5ce5582217f5295e3d5b4d3f23900c5ae54a7d3b7b15874b82107f,0,0.040103517
eb1c29bd540cdb4ffc9a51392a020cd93b041dae0d8ec1001b278904a9b44d83,0,0.040103517
7a5a6ebcb5d691fea85891a3ae65cabeaa623d61c3bbe47646e66cc54b700056,0,0.0022461067
1727065c5f00d3d05118489c676b202a0d6e6aefe27336c08358a88fb7528021,0,0.00259868
164d2dc617d3ade61fcd902d382749ceacd34d00b442ac4d26d80a4d444bec9d,0,0.00047170554
68bf09d5957e8e652343064cee6b54a15d45cac52ee07dd2545e3116f0b53ee4,0,0.61762065
743c9c7ed4559c2305142fa85efa1a885bf38790ea27e13e17da7abf145ebfc2,0,0.0057516373
e0b6dbc768e7b97f7bfdef28d7a1bd3cebc92787454fde3f24d78570aff791f2,0,0.0012518961
777633d18a44c887aab2da1acf14fd32b43c87087a6d9d75bc10e81735f82788,0,0.0004688547
4d07ba2d8c2472ff0fed764fe460b9436f1a097634c389e33c649fb8187af319,1,0.7357235
967cd14f0130e1775236c302800958b04046fadf8cc33c7216f32391a107cb9c,0,0.010439371
df6ae5a636c0a696c2f1d430dde3284137a4bf862b6d30883364b67c66bf93d3,0,0.001377139
1e26fe2cdfd6c6ef3a35ecf873eb2b9812d7900db01726dbf0750ed42e2b50e6,0,0.0012518961
9afd1ebee52e04de9cde45815280da4fe269dffc7f4d172773a93685d4b508d3,0,0.001167821
43718d6779bead4e50e52eb5e2d7630b8505df4061dbeedaa2583a88c2a95f17,0,0.001377139
70eb60ebaee8593df2ca9d87e6f98ab31abf3c4f19dbd3a8eca8e7190e1e9181,0,0.0057338583
6a7f9ef95d6684f7738a0bda36ce615432f7ae2da72d52115bcf56cb62a946bb,0,0.0004411671
d0f988ca35945affb46f305986af423e98d48594ed60e934323b5419fab6365a,0,0.0063664955
b71cb8d2ffb3e0d3890b8a50b4c69d29fbabae346d7c1e1f1991fbf17d1a5acc,0,0.0064875195
ad575e739b64d84fd940ad8c948bcff22a558fc25fe991baedc29cc178e67039,0,0.011108239
47aa347375df7c749865b60fa85c960d49b9cdf8a283564a04edec87aeeb618e,0,0.00064922095
ffa9941ff8c177042a13a6fbba98a61c7ab563f7ce816cb869d810f095e45484,0,0.0029387875
ca369d74657abbca0c6512321454fc960e144e238ba9642a0ac060eb08dd7fe5,0,0.00045099627
e67d48e654365a36586ac1dd42af247dd5396a62867081b558f6e9d9a7293c36,0,0.000686755
4b3b0298e18fefa7adc90460ec3c7cb11ed479952d1729686f2551c9fa0e2c04,0,0.00132151
10866da09eb103ef9ccf8f0776b104eb310b4761258cfa25c74cd549dc8f2153,0,0.030643938
c2ad6920a972912ccd5372ba4c8958f609e30e8906d0d16b0dd578b1c28b1941,0,0.29904023
906b5100701be4721c4b76dca4128cfd318c3f4e852fa48519215bf4748f6159,0,0.05718451
805144bae52dcdc5850283440d9fab4a9984535e1085ae28e0a334da5f3d852c,0,0.00023642981
d3e37eb02fc4e8c6e69228c340db64271695497edc5f635603af679f1cdb4ae4,0,0.030643938
a548bfa6aa67cd1f4ba154a9d87a8b3d2919fcffdf82660cc47c1712ff5413e9,0,0.81263226
da1902d5cb54a60d03d78ce130d54ed11fef985b6c75d92bcb40f2c03ab531c2,0,0.1695333
6bb7e88e83e32cf25fc7f53541dc9725b87736f63ed89b45b9ac8245dfb09ec7,0,0.040492218
9815378fdc3202ce9f0e8ad3c134273a4b7a0abf6d11c93d981d83823f1cec86,0,0.001139687
ba903a7fa8776842fd69c54e81938d11e6e15c54f25b60351d4b9ef28c87be8e,0,0.010219038
3c67b3d0385887bde72530484927913b8a71bacfd31a35ab6cbfbfdb56ab71e8,0,0.00074091397
41fe694adae016045eca2cadbfc3bd04b87c46902552252e798139f6464a2894,0,0.097938865
b3e7cec586685b2c9a38910634e8ed36b4fa7a82fba4bebcfcc12350eed5a811,0,0.7016339
9156b7c0c03ff4245d68921b2ca688101aab8e1a27dede51c3e631b7f1b61dbb,0,0.0029387875
584e0fa70c09380c77dd201551259aa442fb8fa209d5db25dd1c5c1d441cdf87,0,0.0015936163
2a00875d748cd457d7fd8e6273a44430a22f043bcefd4cfc715150231bf30ce4,0,0.09024589
246cddaabb87d1f38d0a8c485d00932fb1b0fdf5e26cee78e58412ac8ce1745a,0,0.0021185372
b6509d232faa1edfe543dfe1e704d6725bf79638c23dd6884d856871a5f5a58f,0,0.010330575
e8f7301fcaae9dcf03a6ba20e6e5ecd45201609df2d844fca3a3f2103aa5a208,0,0.005782971
3e79df7db7f079c4651e6556e18331fc61c77d905bc568fd20342181518511bc,0,0.0018384344
0d6ea1c53939eca62e482db5a9f4fbe6c758e9609fff63b76cd5789ad78b7d28,0,0.016129391
03fe189709ad73b0fc80a054a241788215d240b3845fedb33276158efa582d2f,0,0.0030319113
ca4b4d4c4846f7dc48de4f442d3f1e6dab9121728c6621c374b2a45c2458e676,0,0.00042615097
23ad35d755bc0974bbbe8a35b8b90ab25131dc32277041973537412710b0b148,0,0.020317689
8c1cc73c0128d7581223000ce19466c8507d7af24b806e7b6005d647b295ea34,0,0.010330575
56571496b61f1cbee55afeda07f84c8644e8d4d80ec57efe80e303233a895b3f,0,0.00035650286
6f3061f190cbc84f3fae350970995cc167162be17d1666a16468f132ada73e67,1,0.9358015
2ee22bfcbee255f414802fadb3fcc3bebd105a9866cac9aba961362f9dcc9b46,0,0.003208253
bf545a334b578c82253c0a77eec828d13fe9574e7140069fbd2e71c0a1f5618d,1,0.8535602
62389081c3bda7bd9118162512b9a4e5947b1c52c127931a0cd6c1e3fbf14f4a,0,0.0005658228
81aa17a39b1d9a6cb811097e0b19eadb9cefe5790cc6c6c088896e9c3094398f,1,0.13992614
18d66bbecc42270822e838c5a6b91a8c1da906a6884a6e1ce3c88996855f332a,0,0.00256363
9b5e83ca51ac1f080e3469795781a5ec72fdf926d377d84ff1b9c111baea7a0f,0,0.2801286
757a82b3d569597a13ffca191e4043233cfaa4bd4e9005ae297a2fcdf3d96d9e,0,0.00037074357
967027e122de091658281d8f9936fc0f992376bb97962820c922db33fb68a0b2,0,0.004473911
136fe307cbdaaebff8ecbc481d184349542ad571a35e5920bb6a4e6f8057a463,0,0.017036898
649c5e0a41c666638121017065eed2c0c297e97df6fb798163c635f97e0e6772,0,0.004473911
57da4f89c2c7af00583208fbbddb040b650179065daaecf86a58a314fc6ed21d,0,0.53322744
bdd4ccd011daf1169c504917aaa582a3a0850fe7d235feca54a11f33f97e0ca3,0,0.004473911
3ed99f020bab88a24004fc6f994e9bc6753bcb7cc1ea6a1a01d32cd784d699c1,1,0.014699235
6962c74091b83c19b0657ea32247e4fe28efb4da5a88f678012fbe9e4ccf3185,0,0.004473911
c3fc589b91fcbfd8fecb8cbb9fd30ade4e53c29c40231a2bfefcbd2768ab7acb,0,0.0006522885
2c5890e2c6bb3660f9c75cad6df93c3e8e8267f951c2782b16e3b3348206bf07,0,0.010882179
f17a454271acca46283975b9376f1ef233b70500e6e67b975cd73333e6e3bd3f,0,0.17422968
28869a7f2b9cae212defeb8d27f4c16dbcd5ce631280fbcfe162de14000e74c5,0,0.12000922
11639470cba12f37a83ddec781e4f0214a5348412dc908e44558f0c065c647d9,0,0.0058863373
bf4fc4504fd2c471cf1dcf9bbb8d0ade070d5a32b7450f1c4b77df9e2ac7096d,0,0.04033586
44798bea06b892d7678a909ac6c97fc56c96adf38c9b260a61d6a747263bba02,0,0.04033586
62b9e6d8fc87efb025155bd2826aecf50fa811fb1024ea87d35a256bb4590308,0,0.0021613438
9ca8acb601494a2735179206407ebb93de4d593b444894f454fe3237b6c209cb,0,0.40916905
6ceec7416318f68dc19b5b40746e8ec46a92aa3fa36b9e6e6951c5ff7b3df490,0,0.04033586
97a5bbe0d4dcc0668bea46785cddc98c42cae07a2bfc11dbec7bfe0db942cadd,0,0.08738626
3a7c59e82f0347004b6e9d7bb7453b81c6503d55e627aa2de28887ca94868846,0,0.00060473505
75b7e933e1b3e6165027e6bff90d95a6971abe352d7d7c127f4c7ff9d388ab39,0,0.6281746
8521e5769e21b450c0ad8b79a993b1da6e4fcef5064944976b42032491b96961,0,0.16307352
9cabfbb130873f17169fee500db97d27df17d5b6ed3a652623280e7adc7f1671,0,0.0003667089
fbe61e28692a739efe984f915b869ffaecf8699212bc98ff5d153c70306d7122,0,0.107541226
7aee728b7ae2138f33cca91371597e9e706a156cfca2029e542fa6422f7b5058,0,0.041091405
0471a3eb84c172588c007e90bcb31bc16f93860d284802a032fd302c5bda6365,0,0.0040788837
1c371c7125b8c55f6d46529592ab06d1e6b8c77cc875e04973ee9d8c20fadfd7,0,0.00041365644
39a7ae2f60c3990e61001f7414d9fb93701236fd6b22cde9b0acd542da75667b,0,0.0013475502
a083bc248c47430183946960b3ad58c829bc03d9ece4f760a5ef8e361d209554,0,0.0046567433
9e39f3a1fd9a449b7d8abfe2e1b586bb0735fc1be5b84c8fc42f902931300cc8,0,6.874701e-05
f5292cae366dcd037cf1fc3cd41d6bb45f28b16e548988600b595eb362b77db4,0,0.01481694
c8f475e334f8d9a33f11e48c12281106fd9a8fd0658a15dccab9adb098f6fe49,0,0.004993319
aa01a84f195c4980437e741620d364238d5a8df897fdc5c566c6c7437904de42,0,0.019567212
148b5df301ed4ce42f002a8c8e0dac5d3eba7e26fdd9dad70041a7ce79ec4680,0,0.04193951
970941d4788c7123a0bc5ea213411b5c8c87214800e80e926ec35f28221d46af,0,0.00030480532
7c7989a7da3cc7268ec28570460aa72fb7e5c2dc441a6a0f5ad2a595d9e630e8,0,0.013273488
7ebd50851ee555476233ab7b09451185eb8eb60ce86869f88859427ca16edc08,0,0.059716154
9f2fecc29c8b909568fc279ccf59cc0629473381fcaa6a0d5c65ce8a641294cf,0,0.021639382
3a3cb93230e135fb884cc311617fd8ce89cb26277cd219fb90d4426236596289,0,0.023186015
cc191782ffdf627fadda88f92adfe7e7a466bed55142d3f810bbb87988581e62,0,0.0012106409
93f2f537b4df40ff960245dd25f0761b4bf0ebfe17bdcf17128632a9eb6512ea,0,0.9866311
0879d562509f3e130f27efb0839af52470c8b186350e6d63f32147c3f6283c5e,0,5.6312845e-05
299926a54310bc339b8bfcdaa2a8a593c72e5dae4b72f6f106f80a55791f3392,0,0.004993319
8922948fbde4ba94a73d989f6b593eb6640032c6ed1b26ded333472d4bd2b380,0,0.02272045
bb51464c3650bace8d0f7580b6c9993dd28569277688c336ab30394e8e6836b9,0,0.19029666
8036b5d53e4965b2950983137920b76c6f5ca525692f580ac51e627dfd9da5a6,0,0.0022628005
70a9ffbdf0977b4f2a1eac57bcd4855e3fa582bf1c6f3798fc4034fe4c32a240,0,0.0031873158
0814ec570b1317cdc65554f8155badf733b8435ffa1da1edafa8f12dfa61eccc,0,0.0038521932
437dfbec46c6d86c7a2826de21bf994259b441393ef5102efcfb4a32e3348d91,0,0.014133737
86f4601eeaeb8969d82d5c590530c008ccccf1028177216908338928ab54e7e6,0,0.025748404
1bb45c874ce49e0fde888bec5530227400ce8593426cab475cd5052675b17a10,0,0.030643938
7ec9e5ed1f77b387e28ed522f85b98e75763efebf9a219dbb73d319cf0af79ff,0,0.025318794
895254160b10c888fbac00ef72f2bb6a11bebc3b867af364b3987fdfe84c17d6,0,0.0008387891
59ad4a72e424e1cd6eb14910cfa1c5dfb58a27d1acf86a9785d4de9846ddc9a0,0,0.0092479205
3650af6d2bc9d232a82a797719c15e889364ee3579e28367cf5dbb8659875526,0,0.008763587
f51c46925f6305fd52ddb14f7be8069d4676b4ab9d17c66b32fa6091db47f786,0,0.011099087
d3f9108f6379d970cfdabf41d48fa74bf84eb72fb7af0bf01548d560191fb105,0,0.0006747279
1a6a2fc8497045d80c9cbe6b56b41496d2a283a1e98b81116a8307c32419fbae,0,0.06595379
346e21331a82f94fc64c5a6fcc12e451a94f6bf80490a2e1beda6e5cb023c4d2,0,0.004050241
6c6b56f14deea0a1aaec9ee03f2ac7b081aece2ffb915e252bb477191279b21e,0,0.0013073736
932f9fec92d67691310ea52b791477b033a0a0af7d58594ec1328fd6eaeb247f,0,0.00020183247
bdfc0bc2b0d398f3b51753479bb11eaa9a744a23ace41463fdb1990b73370c39,0,0.008844621
d69038653e2867c3bedc5c0fd5a1df8e3fc0ab8e4e36eef99c0d126272e3adcd,0,0.037111398
af4e2151bb995b68d9933ac84e9d079b047c7380ad00c28fdaf752ebaa93340c,0,0.00013512452
eb20aabb6c762da657e243da2c795b685a28d73ac2655565589f16a6a73bcd20,0,0.00069762045
dab385fed9f199e5c7293640300bd2d6ca604d9fd9b148c9a8989cf03903e059,0,0.000236677
507174b709401a31496d1e90d46c37384e3510dbcaf9e610633e18d45d248bab,0,0.0031948648
726232de73b2f9ca02bfbe3eb9d5b37d4b340c643b9ff3d792f6ca2f49ff0233,0,0.00040001865
6d05fd11da0a5b1c15aca73e83d5e0d416898fbeaaad5a656953ae322a0d2b25,0,0.043280363
91db9650e5d9217713ddc7e2db840101bff4140f521520d25b8f2817ca6d8d6d,0,0.3127769
c5640a175c9f7a74246d31633144d91e8aa713241fcc7e7d5e5fb45b04650a3b,0,0.32941264
2f0bbcad65c20d7b031bfe1168a2154866a0476ba913c49b6aa27bc009e8a39b,0,0.18198654
afff2ecee77f5172fa29529cf079f7226f7b56cfcd84d74730be7fc216a50074,1,0.5391616
8285a29207220c748e98d48672f3286ff31d65a6caaf8f5d838b2898c8f726de,0,0.83107436
0914d907fda64f02d37192fef01aeb5578a5c38b21bc64c0702f9d554a80a984,0,0.00039191867
4579647cc943299947512d39c285cf373274eedfbba723c0516e02714088fe8e,0,9.437016e-05
ce3e63f7ac87e2a3f49548ea58fde4ecfd89201ba2057db55cdd5325e094d728,0,0.00037325916
47aad0a838c62138cd5388de855bf9f4e340212772283d3367446643165076f4,0,0.0058727
a4c1872cb0a80023a228530cdcd117492ff6148b581017066410f72683023a14,0,0.046840243
2cbeecf98ecd3ba9dfe7892bfcfda51ff604707efa2562517f555ff95b9bcaa3,0,0.046840243
a2b59f13f053b1580db5b09c92cfdfd31e8121b6f4993258636f58fa2b39a050,0,0.0004310608
41fb8ed4347e9dcb0f652fbbc5dc2aa9ad8871b14021c4390580dc6c33079497,0,0.0031948648
918783b1233198fb2212fa56d52259625a5aea52a9997f80a1d8699a74a70fc4,0,0.046840243
624c0a13376ca2e06420688a336762bab763ce878f7b4ba071c177352f9253bf,0,0.046840243
7fcb7dd9e3b0d05e7b40c34e0864955612fee06bd3024a62a58a7919ca8bb6d1,0,0.0026094895
71c8e06c4623474a5d014eaa7c61361d7f0bb8e1836c171b76a6e1e0bccff3cf,0,0.046840243
30052ae5a860b6c97f38ad0de003ac078441f5e23a970b37f2c796fe610e8b43,0,0.009677557
3d18ff63691f0a5c76f13c4100d7d9204aabebfe502db9164a8d26cbddd67e31,0,0.36244813
92f1fcbdd887e4befc586b27b9328e024f03e2e5793902744fcf490114214ad7,0,0.088335514
eb4e0a45105e9383df12a3ca24cf4cf35a84376232443142fcb3d85492dacaed,0,0.021546219
a250e481f0ef1dd93be768165fca843d1f4b8b9c147af3da56859aeb519f354b,0,0.0026094895
20a120dad7b5b74f6d341530882a7d2453ef2b2f029eebc7857a2965de0145c6,0,0.0005086183
36a8400792de761b79cae384e129162b3f4d079238e0069d306a25510f4ab6aa,0,0.00034398225
9e8dd470ec1e22ea27f2f7a2b6a31dec6a3b2124630f9d9af495604c24e3fb8b,0,0.0015721943
e020eaa846b604a1301971ba003dedcf214a243be4c27e851b2964d4e6d8602a,0,0.00017984168
8124974cd93a2f3bd60be11e239050b263f51ca3f2bbef70ee0152a0c64c4be1,0,0.0014650158
45988b23ef2e4275dbe195c593d3b8772e96b9cb938031df80c28c9d4bd1665b,0,0.0005520865
1b147f5329995d81b0b01c7909686dbb0668c55be85c83a65070e8bcb04f64d7,0,0.013351642
3a3e9fac5825fb696af6d2ac9c69c5cdbf0dd1057ed7a144a52872dc4098069b,0,0.010826728
a9bad2aca1c5f3ab0705922a012240a4416b9bfad096475faaa104a7f04c33f5,0,0.021653796
a2a2bacb65130fdfffbb48c91fc8074c20c01f3cc953838f1b13404e8859d99d,0,0.00046764823
d44b45fcd03dc8284936ce3d86ac69d24c0a4c8e8b662c2bac35cbc656871e87,0,0.0011554406
bedd5640aeba01c15c69e6209c655f9b72bec5959b13c150f52cd466402a7de7,0,0.00048197465
9a6337ab52726d24f5249c17787254b8333465dad66b381b2b0c2e5468c90c94,0,0.0003200382
fd7d83662fb80abf5bce07f6584448e7d43f7c26d375c3a80ccc7a7ecc20f2c8,0,0.0012729021
7a7d566407ed87be160696e6f5f9cb9b07d571285d72bd8efbabb625064f9694,0,0.00033666077
0764b6fbb7c5d9f9734763a8a97eedb41a761ffa0bb5ca957d6813e318e60fc5,0,0.0003658712
08e05ba09af84768b942e42608248bd77fbefb04f2a9d8720d1460b82dfef103,0,0.0021974423
58bb776a9d220b35c6e3ccf584ec941055ff8496e5b648065fdc6f3adbb7fa52,0,0.0003200382
9cddf30848f0d4c9a0e5fd07778b4eff6d0709109aba5be04cfe1d6eecb8eff2,0,0.0003404042
904ebd9f9bf2b29cd4946d9907744a027736ffbf7c2b9ac8e423b0c407d8b2b3,0,0.028947022
a5b100f80e8b03ef04c8f4834f2f30d23220708691665922fb30c83f83b08d37,0,0.02404206
dc5bc53d218bc7102eb7f307dc0d820c5640f6a22c889274230a33eb5b5875c9,0,0.010439371
84c223f934db3a28071029c5bdb70d260e7d0209d1c6832fc9ecf3d239e0089e,0,0.0032374756
642543330a4aa4caa76dd2b18f7fb6a8ca0146b5e09872e6cd9886a05e5dfd66,0,0.02404206
5a367726dfcbbb943cbddbc71caa0c9839fa0fe8155969534c6786a93728115b,0,0.02404206
1e1c098eca6116aae58413fe9a09349a6ac7df54d2c11fd534281db1ae93b840,0,0.021720923
d8f936af48884981d8b6a50344e5f1b7f576336a71f5d1181caa03c46fa246cb,0,0.0004200325
221348ca6110221a644217d4d6a297110e461ddf5bf192aee8fb7811a7089227,0,0.021720923
2ee85bf3450c866ea0c679c41cb664b696b24f6d3022c1941710c5426ba481ef,0,0.001785891
ff49de1db005be90659e42079bb99fd9572f0e42060e947000fa82deb5e3cd2b,0,0.053902593
e893de83345b14dfc1d92c6bd98457970ee1550da85b3123f4cfbd0772916103,0,0.022452505
20bdd99a55ab731c4a3bf7d38fb20bd5db4e8e76c46d72694e89419b80032615,0,0.022452505
484c564b631d5fe4d21c919b822d9bcbfae6f8ed22d574d7da7a73c68332df08,0,0.053902593
55ca59b96de38916b8e2f61c7c58928acce03d96cdd7c6543ec074f31a1474f5,0,0.0041342666
e6510dd0812d53aa605ccfdcae6fef27d48bf3e76a96f2433458bfc01a428af5,0,0.010469076
6d17fcf9a6bd0ce7f3e842e0c7246b20b6384600653fe8f96f7e064876f2b623,0,0.053902593
2c4e21ea40d4f08e9605496294fc77a86ca34595e774c758465f4485412601f9,0,0.053902593
c682f810e54a5fae7be5498a83a880a516b7cc059abd8c1bb52621fc474a5a9c,0,0.053902593
93618a0241bbbcc3decc27395f4eba63d70603c259352c1a44935b0f0fb6297d,0,0.00412862
8e34a40b057b27898602e4f4814586e05c3bf73bb34033aa8e739dd29f0f10b2,0,0.053902593
d5685bb3d7911a45b53cf92387a085e8cdaf8276d82a42eab0c3afcd81b62c29,0,0.00071370625
96741ccad7af44537ea4020dc7b952054e4a7ad2d745107c3a64fb5cd57a3f5c,0,0.021352759
8940e4445121647b90c580ce18dd426d5a643e0be4cf77c8cc9fc727389edae2,0,0.0052319528
478810c21e0742cc246063367c455ffb96449dff27be8ac6921b0f6d1f1c8a4e,0,0.0033176374
d98bdf05db1e96d7ead48a6bc8c367fb055429d8dc708c11e45a7b49b2bde936,0,0.028258543
ce9b28432c019c813e9c2960590a7285aa8e28085d40b39bd66b3738cad5b69c,0,0.00434627
496bf179e18fb61d2b19ee079d8759faf99075608d7d25181ce9ff7cbee4549b,0,0.00029609908
9ade364c18fd035c3c768909789c632aea5cd542dccfb8ec1bae997e9231f4a2,0,0.00434627
1a3e587f66b92024d0e623c071989bf70677ad45f74911f47d5278497822ab4f,0,0.0020244198
097db3c304ae3acf0a31db2bea88341e3075b79bdcfe28dfe8123ffd5aa3b642,0,0.00058372784
4537a3649777e3fc3a01ced33df14e3fe76f0b17d465e08914187b999a92dc79,0,0.0033176374
1480d747505c9fcb0ede3505827dda13de2dc0682555764c11a1c6a55d786719,0,0.00012732853
34e7526705a038fa12f70161d0c1cc38f10deb0fee305b46fbd46ff015d05b44,0,0.0050874944
763351fff7f52399f85cb7d3a831f9d9167a0686fb1688ac020505ae4d754aff,0,0.17721337
7298fe45cc874e1debc10b89611680f5e2e04f73a3e523be27bf562c4b2226b9,0,0.00071006175
5544e2a7f57571c75f968aec1cdc4c0d65033a0c2748659e87d9f080c29ded64,0,0.013103624
6fe66998fc5acc386c769a31c106cc61ce12bf0508175aec372a365620feb6c4,0,0.03745036
3d49634ae34c632e200a6954d1b6d85dc8d3058df5cf4835417ccd995f397364,0,0.012779699
934972533a84c1f0d5cd674446c455cec71ea8717f47a02f3057d685e06a265a,0,0.018650703
7d7e0056671470ea68164c61ef0c9fac90dded38bff287c48c25fe01eb2192ea,0,0.0017617868
53786d14e0e13c767816041d8749ae072fdd5a22406fe25b76050b68f32f3947,0,0.43736294
73b8159beafbd3d9199690ddd33852a1d32a5567e8c41fab87b0e81a630d3f97,0,0.005649717
b5b3c6419a285bcea9fa98dcfe05338d271d484b9ec932c28a9469bfcb6686cb,0,0.03526992
14f917dcd28397d4be1494d579b8531fe851409b08ec1447fe3a39a7895a8a32,0,0.008055543
09670395c54198b8f9bcc22da65a675f7b8dc773e076c30b552201f646d42d2c,0,0.003964715
1d9dea234f251560d06faa49d13af674e96af6b3296597b6a1cf202d2c3c4415,0,0.027430935
9a90159ef789e23790c1dbb3b1a08d38c73b77720b638afa5ce651ee53f605b9,0,0.044754922
2bb081832551b1fb1c56f2e685725a0a244ca8834aabab8b2fc76d76d8456232,0,0.00037133018
7fe56b3ab64ee1b2a7d7e46cac273c5803141de262e4f10ba5a0a89e73612c6a,1,0.7583358
66b5829aa49644509a387bdd028ac652495dcdb0237e5919f6ac7ead7790aa40,1,0.5990522
7d441201f2778825e41c0c344c5cf528766a4347963ebc5d6826827b06239bd8,0,0.0018421594
f28f06cff1924ae5306e35af60c2c0dda85e6d4aaf7cd13aa972c637c1750245,0,0.00019369277
302504e50210f225ab77f6b3b2aea76934a9e1fee4fc310277951fddee8992c7,0,0.0031469276
47aba77941781641c6fffe7b81af17efb0d27746618dcef60fd5c49784d52ebf,0,0.051708408
f9b49211638ef13475e6e505d4ff4eab7035f865408e7ba74bccd7f89575faa7,0,0.044622663
ea283f3e41e7c33a8d1ad24138d2bc48061e81c97acc63b62316e87249bba889,0,0.9716884
592697e28b1b134056901f3809f0874fba447d8de47342c95c730b15f151b27b,0,0.027278729
3af2a3e31fa27eb99c9733d193899bd801d27ec647f9f66dc9aa43a00e7e7841,0,0.0119219115
148d814af6bb7490eb43aa272e6d0bff7d524acdc849687208e3cd3d63eff9ce,0,0.013393014
932d529d2660a06ce7a1c0873bb51f3efce85fbdc6b26a2fc444bb601d83e6ee,0,0.0087836245
c71ea275485af61c716ff3b3ffb4e2008b3b8f3b36ebc5927d8ee7bc25f0efa6,0,0.056978952
f023f810a31fef5b12c4f98169cb130d25f3aa5ca6c470f73012702d012e69ee,0,0.00041476678
5620f52f73c1bfd05ad3c107658c13ea52bea9449ba5f97e2fbfc550fde3e774,0,0.011269947
55aa4f80640ce03f0496f447482c92eb97fdafcf60a34fcafc3d0851c4424a62,0,0.014575276
8ad245ae774cd7660de3f217ac29828c657b6b0bc3e312b73fc7f3f5027f2578,0,0.0032900104
b59f029758313b39e54fcb5ee4fe48ec1cbfdbcd610f8ebc7d8db68578234104,0,0.011053025
202db97cbe787f0e617361b3a0e7ed1feaab5b0f42ebf9e439039bcc6b0bcf30,0,0.0032358542
379688ac85e7013511477c8f68e864ad3ea17709152993ba19982b3c262efeac,0,0.011053025
5c7f1fc85ce94859681b17191262401a58ddf84769ce0468acbf50e4b7e3134a,0,0.0087836245
d2dd22b7752980cd5c2cf12d39e13e18762d30f2cc064c2d3e4e20505857c4a7,0,0.14560229
52afd3a838e472b429d246ee98198dc6e67605f1b99decf17755e22925ad7e4b,0,0.0011194705
af61b990cbdb59a221ebf1fc6bdc017433134af22788e20ab211c35794deb605,0,0.00023249013
63074e2ddd28816c7763ad36ee7fd5da2cce0f2cfa53ddf88a692cd6aa5bd2b8,0,0.008799107
4634cf469017b39888d5db97afb086d4d03fc40d1e69617762f303d224a2abb4,0,0.02757839
46364b47f31c99c05fd3ab6a5b838d1b60a6a717c959d509841ea48ce3d8bea8,0,0.002649811
a941fb2f9a604c82baafff4cf424e7ca46dcdb4afad4a790ac4797f6a688d96e,0,0.0006088124
5c69d55de258545664108e9cc6b0752737b47e1bdde239f8e9fa8bbb05cec47b,0,0.00091940525
faa61b63d9022d35f365508356b2b869ded6acb5c834b0218f3045fcf5a57464,0,0.0005144062
fbd830a6b1ca4e0a158e41be1d320432c8a97cfd3ce67bb2a5a7edbb50859ad0,0,0.46518114
f8d7f08f36a6b80d98a18587057a1589389989775837aa0cf7b7ccef935243a3,0,0.009270168
b27cd6e7d1414eec8f4b0e7c432e576a49691b025c875fe22a601f639f310ceb,0,0.0007487176
e81f141b4565596cbf04b236250d8262a310c1c591ad6a3aa75b0e7c440e03e0,0,0.0005343184
50f7a2307ba824f9878e3b58021d21d034ef4a0add09a817ec5793e6b16a6f9a,0,3.2629217e-05
284bbe670457919b52d855b65648dd7b48c897033c63f0cb234cd8f2c86ad1ec,0,0.0012163821
59465cef1e3f420f60a5cafeab03d4a5358c3445b28c5bc5a6653c531d747e00,0,0.00047771243
f5b306738fe5df726959577291f134b373f7f9e3c0a3159b8b9ac0c7d2b08644,0,3.2629217e-05
3b85636e31a7eef04249370803f0e65e0dfd4cc5fa7b4d8f9c627b9c781cecab,0,0.0004652102
2b5046294085cdeb11652f1aed3965c9b6ca90f4760323bb9559e3bee587af77,0,0.0004652102
b2dff6cf0bf243954b98bb937ee08a2fb608669c798861295313b4a230c08d3c,0,0.0010840828
53924bfd66e2fb6771e8693fbf221dce03e44f282efe5289bb94354007b667ba,0,0.0005343184
bcd864bf4943cffdc7e751db92556559189e65b938f456cdeae1666f29aedb04,0,0.0004652102
c2037120e4c3dc6b2f0e5238771027c27c3c153253b39362799cc73cb9259a94,0,0.0004652102
48084022d28689069439495257cb5371df6f04ba7aea596896e7340d43f133a0,0,0.0010840828
8916a1c97b16255aa6691144ad59b5cb18c8c587f0314e61eb7cfe05812c7174,0,0.00067817396
e5e5aef8960c9ea98db4e662de1639963c6a5ae8454fa6996661c85c55ca4875,0,0.4667906
14c89fa924f52f446e1393c56500d3885469bd44e5d79a193209f61d68c5c56b,0,0.011428667
f679e86df18a7a1f97f3077244c5cd630ec1f27cf0b50104b93d185bf5a09402,0,0.012357208
8317a9f31b40a6106fcd992e71a1f22a75376c0a6275ada43773563220aca8ff,0,0.0014582311
5137151d1e8d6713944d0bee7e9fccabd4bc038cb6a707b5fb43236cb2e70b5b,0,0.00023249013
a0aa61029c416e5303e8afcff26bba9a55d3e7f361592e701aba3513a1d25b4f,0,0.00088203885
58e6dc29c2eff15354d355e7e7e5b5e8a1050cb3d5c6aa918d767ca6eb1277bc,0,0.00088203885
2d2b2338cf722cef03e1ca8f83ff511f2add6c1917eabdadaea1178ea3ecf3b9,0,0.0007981555
a8ec1f1bdf0199fe10036b91a3f5445dce49267a2af6e3c2335d93423a6e6b8f,0,0.000763492
4817b1fab3bf0742d3ed1cad23df8e4b789bb9f6ed0a5e221759a284af113772,0,0.0007981555
85deffecff5b7f8d98e6defa1affdb9acb72107a8c6c8625d9113fcc995a9b7b,0,0.00025387062
6572f7f0d97ce7c3318f4594a494fe3ab8e81f0877e90e6347bc3fd9f879015e,0,0.0034686823
6d39df7ed703b4055a4bd5c3ce3a15abc27bfc0e3f932005dcb324a06b1242a7,0,0.012635403
da80446c399aafae44c2dd29d9c9d632512c2cfb3afc7bc2be5cbd491bb46eb9,0,0.017406058
ed152dfd18ea86e65723173e3339d827c20e3b21d252ac74a00bb3a68b1aec63,1,0.6948395
eaad450d6fde1c88f2cb966f232a699e6c145a3af1a1b9f73da3588bf798c43c,0,0.011231918
cb4cfe603646ea6dd097ec316af6a9989aa1e60de412f06fac7b869e1178eadc,0,0.08867096
b51aaf57b49723f82be93ef090f7cad03c5dc1b8fc00e77fbbabb993b1dc54dd,0,0.013527477
76a718b2b967b80b006da9a769ff90be2f7c4a839d9c03a9c332bd9406cacf95,0,0.12389325
22279f78832ce48025a5de0a9e796be87b058ab5c9b94df4e40b4bc362615fe3,0,0.0027453052
d4b105a4f38b192a5910d4b350343d0613d4bfd28eb7f83b5c8938b92824e3f1,0,0.013934322
80210fe12ac4c7b73a009d62ee4d77af59e6bc99734925dd68c88e35081fd64a,0,0.00013078527
b74284d71ae707a095e5b8a651269639f8bba7b4721df93f3e014e40848e75b2,0,0.026657622
6dd480c5476bc358479f44340d7b478a18e3b6db5481712929a85ad3207bd4d8,0,0.0076776654
1b233db9f7ea9b6d57bad208dda72802f1a812f41cc6733f0413213ef3b29263,0,0.0076776654
397521dd89e912b896d1dfbb64966d33e67a2a8fb657a627c5d48e6090674621,0,0.0076776654
fb08abbf69224c35e2b779b805fed1313a37eee8a974c0e5790ee778da9b38c2,0,0.0011077557
b0b6ace124be6461c83f4f4124833b13fe42b4cd7461aaef465f67baa4b4719d,0,0.008337537
8978988c2054c15d06b8ed9eb002e09af47c99ea232a8f01967ebbb9f462d2f2,0,0.0008743985
2962285d4749e33cd9d923696087ac353b74775f99d38887805847f9801a479e,0,0.0040934375
b3418ddd4a4596fd95f707d4acae9d3fda1d8bb35c88095ce07243b894b08aa0,0,0.01761748
f00b4106119f18ae0c0e7dc0d77e47e5ef61760f790f931759a7c8fb5647e52a,0,0.0123321675
e13cd7f741ae896b74d844b4668dafbfcb7f89722c7f490353b4e9c4cbfa14b7,0,0.03866824
e4c5f0d441a12f236d58dcb80653514dc124cc60370bff9e71dec98308ca6d7c,0,0.0020022877
115a5df8e5f9aecbb4c7e65b8b8ea5053fb64e5111b3116e01bae803426d138c,0,0.0036931953
6cb91831fddc2817e6d6ca56f09ed7d396924aa42d78340a6b45c0a5d753fee6,0,0.0019247121
2da9f5adf503736ccfc98bb1dacffb867364c814746335aef5cef3b604eba5dd,0,0.3395229
a22cadcba162e05ead8d414dc52e6e52ef4867aa5c8ede0ccb248206ef62d0b7,0,0.00031393894
0852211aa4ea72579d43dcfa46be28c5a613a9e2a4a2c07e15d70d3e802939fc,0,0.003289316
11378639ddfab22ff2478a425890dc4cf6fba1ec00788fd9370dac91750bc104,0,0.000329835
ab20ca91542dc2d8b946c20d52a494649aafbb8e39de8ae1851c4cecdf161f2f,0,0.044483986
79b5698c8c35fcbb41a59126e10a7dd3ce7cf2cbdddb64d53dc799a0376be184,0,0.000329835
fe931fa3460256ed5671b8b30949c73a97634138b115bc8eac05ccdeb4f0f12f,0,8.422905e-05
f5dd0ca24eee7630c123805da4c858e55c44dbae239509a30dfea70d11bebdde,0,0.00047709447
1120ce8bff643e7cf5c913b0da2b7e5d61706a2ac41c92030cf87389b4d2d273,0,0.0057458673
2e5f0d083d6068fe4257cfc19cef0dc26c47293b64f2970d234747a4d1c29f87,0,0.025026696
4ce1e90780b232c6b17ae04cee6800d65558aa65495b26a1eca321060b4cad43,0,0.0027185394
66b95eba0b3d6b052b44fb0731460fb7388a8a0e99ebec01216f83781c0d2aa0,0,0.0027185394
fa89d5806a9109362409a1a6c48e129dd2c4955ad340631b199f95573f56c5b9,0,0.00018505062
d35f7e3c5f39091f5fe400f7617ad4fca5c377034f234b172695dc3ba2c77ffb,0,0.03546478
499822497ccc3de5e6d76cffcbe0aa0aa97601baf4061ba79156e39654125e4b,0,0.0027185394
2ebcc2247866ea541bd9bc957a17037e8fb45c64f5f458122e382e1fc9694a86,0,0.07229545
2ba4f3a0bb2a9ac31043be8d6606867d7dcb9b366d8a366b795c634c89bb0206,1,0.7583358
b31e2d0166b02b6d2d09a1f43dad393d0d18f7749e6e8f54c8e4c545c4bf527a,1,0.7583358
b268199bc711cf34441372f9ade0494aa41c5c822a456a2197690977e0c49767,1,0.7583358
ae0f2ca750cc969f60cd4e89055b9cfe71f60f47070e1dbe4f07b9f88a81a070,1,0.7583358
2489247f3a7a5b62cff94ef0f53aacba872c25900101364a8c62895b3ab368a8,1,0.7583358
f3227a70d08cec7af73c2d8f1580986ff41764020453eb062c666a7b9ebfb367,0,0.0025914563
e05dc5a854ab9269ec0abd0d05b5d918ba5f6f601355903ec964deb1784e8d22,0,0.10641555
e1679d5b982a87150b8934c500020e88ac9a97ce92f2382b3fbc23d7762a2155,0,0.0006520113
b964c27457b43be633ee5828a2dabeb09d7f56a3d39b82172e110ed26039b6fd,0,0.0113954535
217068e386fd087e99c961b2d390a77f5087e794a96f2ac63fb663870f6e4fdc,0,0.0015886858
5bd7599cb78fe98a9ce4b073e76f91a656489e126114e22ecc465f3750f414cc,0,0.010076488
abc6aaa3c3cae0240344afdcde51388ab8a3060426a12e9583bb94915138d2bb,0,0.010426193
f1ae8a475d630dd65abe7410e2162b49852ad2a32a47bae3a6c58ef88c3c2183,0,0.0011702602
8a2632dbdf6afe20c1bb3198f6085e8fab40ac20b6132189ab99a1d4d67aa4bc,0,0.1627541
6beb6af51a756abf4ff3b872ad80ebb8e8ca56c9d29a51089c79dad923d91ac9,0,0.013430783
a2634538a9d3103e89604ef9f6346de384c568e0ff0ef232021bdb14b87fd277,0,0.009869613
e657a59b3c54fba91c816bf6d262261f36570865b13156e47be1482024d6a9cc,0,0.0028897913
28e1589b89dcca6e936bcf6e81b05789403594a29995b9128028c15bff95716d,0,0.030921452
148d79c60f34bf713231c18e0862ec189e0ee248819bd34200a5013d23f795a6,0,0.0028897913
040d0ee957ec8b013923e174d904abef4861a39f19f92a5d28e71d1fb8606bfe,0,0.1627541
0f4a19e98822d92abb1a232132baf38982ac38c61a79fde7c6e2cb51762789fc,0,0.0028897913
0965b7ce5cf53af2957e626e27e0d84900116109b1934c844ac8abe82b9478a5,0,0.00788883
2658937601d3081a9f1e879f3075a4817daf0c9a60ae87db6bcbba87f9334256,1,0.6681662
9293754563fe5bbba8702c8dfce683877eeb3b3eab9a1468398f9181ae3071cd,0,0.00084775634
b67ca0deb19280f3dda6a74cbd0c0919db0d9f0255cbcfec6217daee1ff6a054,0,0.0012664028
0af53cdbc5afc1559d3cdc3dd51fe4fb808154c77368bdf356eed8568b57f38d,0,0.009160659
81e9e50a98c717e9ef4235ca1000f4316c027a7f5c586052ab9365727e1d4b15,0,0.01263635
2592d6f6283862d63ec1b043f9b39469f455747613837d8f41540ba19ec0d9c0,0,0.003736897
ee6b4e101ff8d8ecead4155d5b65cff319e4d124dbf346a93f5618636f01148a,0,0.002353627
089fe3c9962db2e606d84156fe05997ebd00de0476b7bd6815eb2a766173d096,0,0.0027981035
c0f99b1dabd2be00d4bb875cf11d725d3307a921fe60d614e7741f5425828e1f,0,0.14813218
9feb08660d947f2b0204666e8df38ebc31d4afba22c10798b348872ebd86abdd,0,0.0008834995
7858385b0b811ffdb3a8d72696a429adbdb2acdff9052d8df087fe94d40ccc6b,0,0.00032429176
a3980b77611a520679bbc8eb21ccdcf9bcf734693ef7feffafd4d43a7ed5ba70,0,0.43118608
3e4232a039c633cda332c9cf180539a8de11bc060336f39a0f04f330a1bed9c5,0,0.006690816
e36fa051f2b2b3c7f2994c716a0704a17f062301dfce86250546c88be91400d4,0,0.0058082673
1e552e43807a94b3e6e3ebe93a5a7bd11aad98e4aa19187c65e7c03fdcac64ac,0,0.018471824
c30575f3a07b430fcd0e39bfee3b43185f9e7fb0742f293dd1c3a07f54ad797c,0,0.0058082673
efb7b1d00af1920432c6e2f6156f04703e0236feca63ba0861b7aa8516dc5c8c,0,0.0058082673
4479296cd8f6ab2d203234bf0a55416079889ffcb5c2e8802c0d634926cf8350,0,0.032700174
59ccf1e892d1f95d484afc34529774039228f0dd00d928b940b1d01f79e3e03c,0,0.0019328762
73f2f1f39b4aebdd0b139b5aea859154ee080eb6bf61361a69340f8ecfb3536d,0,0.0058082673
5154084f394c612dd7135307b94c6c0c1f1393a76845d7cfc72d9f6c5025afc0,0,0.0010225154
ef03fe7d8de41e78653d6982a62a0d5ab29a1750f795962bc2133aac812e32c0,0,0.0034686823
f8e1585709113e0888e85350854c26648797780de3cd5d83ae894092263b0079,0,0.0013862355
585f4d2160762021b50585b5926b410ba724b6bcdc1eeb2a5450874f724eb3bc,0,0.0027687622
9eed4c6d06a065fe3b7580cd8cd92a4718386ecd3fbe7db1ab15b67fe1b57e22,0,0.0053617475
41b26703cd82bf0eca9e6d4e4034473f01c5309248c11523ff4c89e30301fbd8,0,0.12655249
34f2f257bf34a243ebbd49c38d912259477ce520b6f891e9e389d11b736f99b6,0,0.0012242316
389b58edc56a94880484d96633c79ae3c53b2c69d982acf67292ca1cc1538a5a,0,0.015344946
b76b3c17a5bc416c4c24fc26282012c9d5f6cabc892446eb5e6ddb511539e3f4,0,0.004619474
3edce49778cf200afaaabe32f72a237e34d80e93823921772d2bcd6d5580d935,0,0.0028170631
df0bd6acd0d93548b422e680b58e953911e7b5af2e5aaf03a6d28b24acdfb9c1,0,0.06770455
e6605d8250c1fa1f4e0f2c4c46378af784330edfc792685dd2cd6cfdad1ca040,0,0.005586745
6d35ad40132e094e44937399debe6baacd63fc89299ecce86d69d182429b98e0,0,0.118960105
4ddec73850247ae86c3c83541fd948cb2344ae5bd453c4e44d969cd7bf331bf4,0,0.0043136473
32d1840229bd506842cc935111e5fc9a0b42861b29860a02d171f467ff714b6e,0,0.00255498
2667af8941b34610f46de9482a6bd6650f85319374a57c52a3f1ef03e1cef41f,0,0.00069261267
075007cf8c97b1897dde4b38253e23b33c932b67f3e80c5b7fb6c67f52eb65f1,0,0.00037819528
5226ee9554ca5d21a420343811cb360948f4874d612b28702280bc53cdc11ead,0,0.0123321675
00ef198175120be59ff6be932e3a0fc0f767f79c9cd3ef138d1e957b2362544e,0,0.00083905284
75777ba3cf976e21402b5a02e6ae53b0bf17438365c304bc21c0d164d2818975,0,0.01982196
82ae4c827a3ca27e1fc04c60383dca5446311b0ee821c2f91e5834f8222c6fbe,0,0.0123321675
ecd24aaca920b8d3d9fdf903a76c0483f16211caae8ef1bdecd75d451c256e9b,0,0.4667906
ba1dfc0e0656e5cd6fbd561d27adbf197c3dd01fb0b96d659ae408b2f70310ae,0,0.0123321675
61db1976f9e47f28700825942cfed0a373cbed9ac0d4006faefd21de34e19fef,0,0.013308795
af221bae1ee32209a216afe62d76f43e65a1f691480aef3b76a72f5864f3cff7,0,0.0123321675
7943501c32ca4f639283deec728f6ff63d7bbbf4f5c6b63d3f34f1f52da2dd58,0,0.0002491444
ded2aa79f1f5f1c8cb8d53a377580403a107913e57323471ba8f43ef2d462d0d,0,0.003551402
dca734658cece0310f21a2824a07e5205bb28c9e9181519fcf3ff330376c9861,0,0.4667906
7acc573222ebd0ec44e4ac37a7656d1fd8d726d554ef54f0cda4fa0f7acd184c,0,0.0123321675
f076a4f5ff1053f7fc4b533b28f0ec2220bf2c3e2aa62f675c452eed29657bf1,0,0.0074004354
4f7d0df906af55e1d9fb9f15f14b25a1921a38bfcb3cc1d50fee643cf9831d41,0,0.15290324
26b7c485aa01fbe30618d4769021d84e73e3b8957de0d36e369458c381dc8434,0,0.019793974
e1e588bc36596c841d1e695c22492148ecaf32b1b110438443308b527b89806b,0,0.012689426
6006d574e370fb6429f3383d9a0c3f380bddec6efde598166cd91a85b33ff78a,0,0.0129037
b3623dfe50aad004a86911f52b321a42daf6b3f8a79c85144c6abb5cf8c47870,0,0.0123321675
36727f5108f901d880fe62a7a169eb05d91b42b5ecdeff8bc869b4a8a16257d8,0,0.0123321675
4d93d17c9b33f2516d0b4691a688dd7266194423ac627aafccb3dfd8db707fda,0,0.0123321675
dddc2ae20a3ed886a033ff82ef80ff08ce28f88f85e856e40bebc1d8010b15ee,0,0.4667906
621e1bd1bfc262ca27c5d2d02584066e8060c67792e8ceb6eb27913b2ca0bb21,0,0.07454322
9854d89006d8e61b31d39b0e32b06cc2afb7f989bf573810ea43214d4262c716,0,0.0007042875
7df80caa73c2efc35a8b731be45eb16aa9611003dda2e938263c865f2efbc399,0,0.0004452547
167065d058a3d115fa092cbddacf81422528c70f088ca13b32128facc1d7b839,0,0.100443386
7b2e82de4e2d5e127694535b4eea62e4b41734ced5acf385e3d2222a5a987f82,0,0.004273016
6ebba3c30d8e755442e291403ff99a7070bd5762e92e1c3227d590893b3ae150,0,0.17507271
b4ddfb00885ae34e8e43da497acdb67518db06b69d5af2f32ae29977d86f17c4,0,0.00019369277
126aedfcb64a0c5b0a5dc06870325943bb1e8ea3753ce60980bccae4bd117425,0,0.17831238
cd3e77e360dec9d203293674149b22c70f2a6b00dfb53db9ea866dd5c78356ab,0,0.0015886858
f454713a03dd3f5258ce6d1edf0766515e374d5ef7f718c6fe6a746713f55e3c,0,0.023478165
5e3951f0a3f5ea1f00a9e3099a8aeceadb45395db469dacad999ab33f07023a9,0,0.0037702338
b179d5d0d06973629bb4326e6bcc9eaa237ff721b2f4e71532d14d370b4d2f22,0,0.20371169
f13ca99f57b61a4d165d0b9063a6bc22fe1adac75ca69b160a77cc08b95201e5,0,0.0006550948
c58fedb4e7e5e5d6894a1c97584bfde517b08979b65fb92611db5d00152376bd,0,0.17831238
c1f9bfc21116de7a12bde964e6b229158b7c2f4a1cb49d8dc5f7b55d7494d46e,0,0.17831238
167bef1bff5ceae1dd03495df5f02a05bb936482a47696f433d44a986b202808,0,0.15270232
560212aef4e25336d9339e5a1632d1d38b66444978a90e28ee90a4402971ebe5,0,0.003181493
2d687530279ed6f6eb19cc245905f7d2efa7fbc79860035fd4cc89fae66e13b1,0,0.01673723
7f06590285f21ac31d8f35b3b9b7736afc6dfc0f16dd47df1316545fc71d04ac,0,0.0026468993
0c47266dae7c54c10b4a202fdf7d3a1f8ac31ba3f47aebd2cb3ed76bc6c6bc71,0,0.00059255917
3b5deceeaf3d49c564c6c768da0de2192268470ed9b17334b93a7b1777a12c01,0,0.008214241
f8cd4edcdb4aa2c05ea75d60ae70aa2ec188ad7186bc3c64040d47537fb2a382,0,0.049264465
3a1a564dc7ab97a5592a6bee4a85ac11576c0beb6e4645adbda0bdbaffe92432,0,0.021680983
792250b7337ac1143270b68555a9d37c958ba94ce8966296826d58fa79d62d4a,0,0.001993238
546e9162e1afd40c490359f94fd4adb058297ee4d617f61735645fc0b58af7d6,0,0.00031814238
6d0a70a316453178cf0264b55079fa4130f347c7306813a4083a6b258ab04fdb,0,0.0075419107
3304ba69744978eb395cd650cc008cd4be598c985d40b5b1f8e2cbdc09fc5de9,0,0.00017444567
244a2321399a2d39bf77ceb11299e00cfc9ac3eacbe57ef53eef18a5adfb45ed,0,0.020972606
d2b24aae4bff8ae229ec435a84896a00d7358a8d088d445ff7e8b1bfbed1fd36,0,0.00024216078
64a3f45770ebcf059ef651cf0ba8e6efdbae3760a479d8f2948987733f04090a,0,0.00024216078
92d3652cf7176e5d4ed980a4f300579ab11bd9eab6e83b9d57c070fbc3893f22,0,0.51612955
c052a76c0a30699ddb75a174f29de43f48980971e8a47b60d8d8e0e0c3ecc9bc,0,0.0007211359
b441671a092eb12628d11a166fe6a26c9c20e3971a2bb9d2d85f61128404b475,0,0.0007211359
504f55c8248fa4658c06e442cd91628ceac08d586467edb2cf581dea92f4b549,0,0.008608619
8a0720fa5ad3f129b47254e25aefd1c694fe061ad32f75e3aaa34507fb43205a,0,0.0007211359
c764021756a29716ec2f06b35ee45075ccff2e764a07f9b63fbf0625a0565f73,0,0.0007211359
34ed3bac86b26c6504facf48026fa1acf70408281a432d30aa2bae54a7ca0f1d,0,0.0007211359
a36536daa252f490b9b9338319227acf4d761073cdae8819e5305c1d17342c64,0,0.0060252296
a0af756eb68fdea728276f670d39e9623a62e7fd26f17537e4674eb4eabeb97e,0,0.00010857838
fda318f580f5a0d9950e48d02700eeb5dbda80ea7679c0e889b641188566cacc,0,0.017107867
7a2bada2196ddce461bf91e1a7542b9156cd68e6f0096397ed6ccc03bae41c8b,0,0.012779699
4edd65fc1036ba3aa4ef451db18b88ced730071ca6810d9539a9d2adbe76609c,0,0.00010378016
b8cd5d4a7e9a5debc2d5725097ed0a85d2edf1ec09fcd4bb1b39f3a4dced256b,0,0.00091940525
f8e678bcfce5c4f4453ef42b59b94c99ba7ab97fcb1c6302970def0fb7cab49e,0,0.12957282
413bf448cca706c3ce1a1ccbc93f66046641fb3afa380628aff32728c9654255,0,0.7564247
9d4254a35a254747e152241462f7ba4902eb21bbd9ea1e283ff71e774aab8c54,0,0.0015369745
4b553b5343888d262ec32e41e89dbc3beeb2de2c67e928b183f4194674c9982c,0,0.0072492585
fa83e38ea1e599dba7395b968137ba9d730f2e6af91d5e4ac24ce272484cfb25,0,0.00065034773
efe5f039c41ec6afe1d7e78e48d9ccfdb12de57d8f2ea12b2d624da7ec1b8094,0,0.0005074624
ab243630a510a43d5809b751bcc0e5fdc8c3e248c533a86f6c9435b2bb714554,0,0.0005713936
17bbdc76d30f32af8e72cf3ddbc433025994b5b506ff026112c1bb9f0a45942e,0,7.848069e-05
3cd3e1a2a93ac15945bb678f7d57695d3535509cb060b1b76de64b720259fba0,0,0.0034731058
310fcbb58ccb87c6b53f03f5a77622f40cd0c707b10e062f5587cb870aec11f2,0,0.022381296
0c5d443fb3157783c8bf8496c2a32cadfe4662afd6fce59805ef88faad740630,0,0.00084775634
b282a304cc033836c34b17a5a9fb349b060a02f9703a7978f4b5daef759cef43,0,0.00018505062
383a7f1c1d99a354fe44a37b8cb79495423b7d2cab1c68a6dc48cdbeb9019422,0,0.0024157143
345d23465bc5d14d07f705c2250b1223ea248f017d547267a9d7ab4e299941db,0,0.010439371
c4629cd1003a5695a50146348b3f26dd4e5afd33d3f488045e124cc3f02eec04,0,0.100104906
de547dc7f8f607f170a22e6bf05bd573a85643075664dad10bd1adead5382b0d,0,0.0032591082
123e7a7ac6a07103ba6ec1f81049f15ed4eb6da8aa69001ab0f02e2992491690,0,0.00071370625
76f70b19bbe40d99e1c447c31288aeeb4a16e7dc688bae30e510911ceeed2d30,0,0.0032591082
175c6258ed1b1494c41a436333591befb226670cb12603ed52ab5b7955402ea0,0,0.005782971
19f56c132fb10b8726dadd1b4363d6e2ce1406e696a02efffc83454081b86e8b,0,0.02827245
767f9e1292cad87fea977e837fdbac043e9d4625cdf8c1c3e48e7ba085747be2,0,0.021132322
8ba0c562d69cdc580970e110b57b1a60a33e016ecae0f933c2b8b7412163ea68,0,0.0007231302
9ffab3c87699b66a3a654421a3f78640ebc7611a5caa20c56beab9ebf3c891a2,0,0.67409533
a2bccedae45b4de47ee07976e1801316403a3c889cb19f3e30250e82d7c2abf1,0,0.0040291487
82f811bc061bf04967fc040a979f4818128c42ac17864c6cf592eb7d27db695e,1,0.009101352
1bcb468ea772617036e11a18804f6567a3676cbb0940d88b53af8fcfa1e2cabc,0,0.0018695171
42169147526bece5b7ccd745981c0bb779421f7c62bef8ad90c1798769ff01d3,0,0.0018695171
a9fa3ceefa8ee870db27be0ed023368218d969a1a70ca42e438fa003b8281075,0,0.0077949804
afc2a7938434a9414bcedcc0d2c7c14e87ba79254e4a6b786389363e6708ac2e,0,0.02313489
c4003dcfd9d55229db8e71de028c0a1fbf817f48a7a85f7be2d62e083a0a1344,0,0.0024746552
ffbf115f5035e7d1ccdf8ac094ddae3026343239d0d99a14592e1705d3025d00,0,0.006391212
da33f94ec17fc6db0582e3d15b5e321127912fdc81d7c9195ff3b3a50121ae0c,0,0.056787588
4529397c2e21590c9600f5a005996e15fd13554af371c60e1eca1db18e63ab4d,0,0.018065678
241c0615a80b66256c0182781f933d5a37068fbe77a4055f8af5670801ea3e32,0,0.0057094926
b84837a407652790bd4adbda586769be4912118a401fbe58c6355a0518e2f929,0,0.010560285
807ae48b09ab8185a72d2b77c39465f5d0ec88e4bea7e159fbded0bcefa05d25,0,0.001470625
1e50b2b1cf809c5cda44952e908b5e9e32081f6a08219a2e0f1e854f2be289a3,0,0.0106433835
758d957f4709253956f39b214a59866045081a8c79574133d76628d972a459d3,0,0.0017043524
21b82568527bb9f45f55c5d818ac9a31919ade6099c4b00d38befa3f1acf6276,0,0.005251585
28872e9782846d20b9e1a3c917d0eedf6c62a5a046114ab0a5e3d5b2f864f0ce,1,0.8931938
8010d8dac923f33b09906204276696d8bfd5d13adf5ea9ed95b397a05c61cbf3,0,0.29054928
ab81798c057e28b8a77b46067443e75128cf9810ee5eccb0301774438909eade,0,0.0015282051
74fd55f5360865cc29a079a44ea58bf7c59c12532376be996789693e5080af88,0,0.0022871962
03c953cf7c37b5d1c58d9f4adf33cd5f79eee7f27f3b36cb1b11f79d9fd309ca,0,0.0011435323
a59fa529b9db8e7bb0fbca6e757717b367c79e4448d6aea5fd0556a8e8ec649b,0,0.00018505062
42f55400d52009915902e83bf6c36e5048512eb21d9bca4deec5084dc265bf22,0,0.0077483626
3a2b75a4562b13a16944551a17e1170cfe4cf168ba89663ab0e97a30d7fbb69f,0,0.0054363636
a01bc52bcd0f868d02f15c4082719aa9aee5f99346315c9967fbe1e5ef1976cc,0,0.0054363636
26b208b821abdb96b9ba4b16cd775a69373bc48e6623520dd8b15b43bc9b9e18,0,0.004583644
fccd59aeb24de993a47bbbe6e92bc09753fc2787b20b1d62f21f138269ae4837,0,0.004583644
cd4ebfc3f596964a84032157938509fbfe65cf8d018fd7408bb1f1e3f5e1d464,0,0.014373091
c113c71196ec89309f1b643de9ebc062ddd294886d526ce5a64457c2194c6394,0,0.0025098466
14fcaf5bfc308af798975369e99defc5246b2935ee1a2ddebb66625e0addcda4,0,0.0063186954
e85aeb764ba54a530ba072ecc061049557069694a4581e27de8c8d1fb8b9bf98,0,0.2231467
85db1ebf83d151aeb459cfa07ffe6d0deab277f48defb153f2e28b362b2203eb,0,0.0008664845
e5bfacb4ecf49bbcdf77d07695b280dc6598474087aa0d43565c3ddeef8b7bea,0,0.04504279
e3fdb483473cbe1e9992f292c4860469c374fcef07b163da6f91a09ba5484644,0,0.025272796
0aa4b3c3da0e373f79bbbdcf3795750e9c4f0e30885b24c2ac2c20d2db7aa02e,0,0.005069134
d1e110b52de6d235567ff27dbf6155206e81cbed8211cc2a325c671f1da8e1a3,0,0.71244854
5086dc393d71c79d719667e99c0091a1eb0b1c1d6fd7e9350a4a8b48586da59d,0,0.0006480909
0ff1e9171dab21fbc56f98f5627f43cb68bc1c6394d2ecde62fdaaed43726f8d,0,0.0003667089
27d3d394ef6c24c6ada7f1b3ceabd6e367ec780bf5aebccfc929a542fc8ef15f,0,0.29054928
d0b153edc4fe58f10d60be192e84e81e5936a515494e7d534b5da2a8e0bd5aa4,0,0.0123321675
4611830499f23c14f03d5ca6f85e70f07a725495c17b75c9fc4c6eb50aba5b5c,0,0.021042753
66155b234a4a1ddd6a6e64823bc124d179327afffb32ddbc53cf0de062f732ee,0,7.664777e-05
2d02e44b233fd1e4059ce3b06cac59d4926dbe5f075a5a52670a0f3a7845d57d,0,0.13540146
04bcba4935cccbc7ca1e5c32d01af49a5e2d46aa36a4512c805ccbf9ea9d4bf9,0,0.008152318
4aff0e4ce018a1e8dff558280bf18a099d10ba2ab41f2a46c86d657c4272bee1,0,0.0006779533
8c00b1368ff8b29a3feb5f8c7e38fd5e214744c14a6f9de6113a16d0e9988b79,0,0.0005759858
5647b5a93e6d94e68a8016080a18864e7ccbeef44e51610fec7a0b48d6d5ca62,0,0.0046286634
caf48d42ee1e968dc887240ac67abc39d0e324032d0609dbdbc0ce7ad677ad02,0,0.000642597
ecbc649f4ab9af1bccc83eca9ef2408039850ca0116b5c62ac68729b5400249b,0,0.012498042
60fd9f649bcc72e77caae67f8cbcafaf7075734d2a3bff83695fb85428652153,0,0.05653426
e5973b2b12367761258a231317a1d28f3df3696d01ba567d8d7c186e4b38858a,0,0.006951164
4e820aa92b4e058112aca5f41b0ce93739b9a41a267464ed03aa0cd89907787a,0,0.00046278816
1cdeb7e4f9290083865c16fdd1a0df22d04608d4c056b1ebd189f820861fdde5,0,0.041134436
5e8306980283aa17bc8ca3ced9291322567582d07d4aa85a8dd089b66acc67b4,0,0.00023329997
07d8bd6e7ea225dc74a9fefa8ca74d37704bff689e0cbd43560ace8ed239a2d3,0,0.40916905
c6de367a8715ecb8b4e0dd7171732a760d1a3627d1b4e6bd28b8cae54f33c089,1,0.0033921523
38a74eb25ecee570feecd39324372bac6e6d563e7320a67db127233ebcde7dc9,0,0.0139716575
d1dc50d253b231c0e7b326ed94bc18c58478b458538f44337c199a02b9601b17,0,0.09116183
b5bdce62468feec275183d1da7c8ba18386fdbd2f90a1f7b0e246e386d529e0d,0,0.017866418
43ca201223481c6957210c1f4231ca1c603ace199190e45540b1639f1317abfa,0,0.0011049854
95afc559c0d56b5c1f4daf0e1d5c3e106f88ee9620e44d7e83280910a7b43c0e,0,0.039858997
a6d17bca2b65b444a1864a2bf9be4d7fc2487a004a0840360389aff157000a34,0,0.14102727
6ce2fdae748bed9957c1c8ea797674407b4aacab468010c93ede5f343f537f9f,0,0.016154563
8a3b107cbb206704088bce9ab401e95505d3ee99105ff79f21edfe20a4aa315c,0,0.005742806
60074f3ac4679918b2d6c4458e6955fe1d8fe70da77792fc780238be117ba781,1,0.9991437
23ed7071608dc05465c6885a98c5884478defddc9731580929533bd3d9a6b107,0,0.006417635
10c38ecc18b036e6faab33a4b66a5aad4ff186361307abdc3d5a875f775635b3,0,0.006417635
0bbf30f28013e7bb9e0c9d8f978c9a9f526fe01a3b561558242e2ff4cfb78f35,0,0.1595727
b9b7a27705fdb35ee8346e3a005b6070e131247ef63981f9bd1028615c861c39,0,0.00089188776
e4f0306e120365e34ac8fdf9c1a281bc7245f98f87eaa5e9e28541aee53ac884,0,0.0026491662
b25e3072e0d2a1b78b52d13e053e92c19b76288c43ab30a942aa097e6bd791cb,0,0.0008667627
9af3a3ba1f24841fd93daae12782adb671226bcbe1874389b32114538801379d,0,0.5912504
cb77291188964729140a17bfcd7018152dad81636f9c321f5437feeb5433d6e5,0,0.00027349524
4e297a21605c57e6b58d2493b0161b6d376dabe379b8e92c5bf987bca41cff32,0,0.002175349
28a505ac9671517004b572eed002213de1a3b3055e1a0a4dc3bc87b55e15ae0a,0,0.006492122
6f59bd8516c7deb106689a1fc8ae45d8093dd42d8d9791e140ead701a0d2c9b4,0,0.0015383514
52777b5aabcf36f55bdfc298f344e480b72dd42339feba3c48a2e3e3ac2617da,0,0.0048234714
dc2379a3ad1dadf411c6a51211d1c018ce73a70a45d6e28b8bea54a7d5c9675b,1,0.89747393
f1b06ae6c7d42e2965092367a28ef722bbeaae653c4a252b8f65662f73827de7,0,0.11205029
33de58fad295ca1719bf38019f9995086e31d347d501c8ea5efacba5805d7a44,0,0.0018225271
8eba8a00d848009291615826ccba0989192926fd17d70ddc6ca9ad6781ad0216,0,0.0012070679
1b13c3de008813166725724478c32338e21c0d95206ad823ee9293596ced28dc,0,0.00023249013
81b8a95bd4457f2add491e51784f844d9d9bb98491dc1db17f996a26bd7c90fd,0,0.8025786
b74d79ea90ca4c67183e970d2e3d53cbc0f41e6957c89b3103bf19a0e222a2d4,1,0.9377282
df546f0bb75959bd1aa52feb96ada5cbfabff5571840f1f05fe5f6dd747362e5,0,0.0026809946
05ae5a469e39b708cb58efd711fd5a375a2c4fd954e9b11668246a2c859f5ffc,0,0.02655357
5547165d5c884937ee41329b615ce010ce272a679cf87bc87dd69720f5c43970,1,0.9377282
5c7dbcb1f242fd6157b7175c556e525d337932814bb70a1dc1b706f8a6d5f438,0,0.34112263
451669e538ca9614e24f6d9f62c585d29ba114e3a6f3b4c242ccfe2b4b92c3d8,0,0.0032700049
eec9f0151babbd7dd14cab965bd727d2291211af7d1b9ce0bfef89c1b0e354a0,0,0.02500636
56d38572c55c657f7341b619de037e07bc9928ebf5db948b3759947d7c71a3fc,1,0.6150169
f82dc946b0ed6cdc1a19ab2445d8a0d1bfbeabc16099e01e2816692d6859d93f,0,0.0017829352
b6dd193b06ee9b1f35d40fd65b32e22df25f9a8422ec669c8b19ed03299ef6d2,0,0.21470338
54a3c6d6261f8686b654d063063972e474c3b48aa67e2c82261ae6fbaac6e27f,0,0.0096205585
b8e1a726fac53741074f2ca59545f4cbe2c184a2c7073b64d0e8e77958e94783,0,0.0002842945
4467924de678819006405d3cbdff5f7636225d77cd4cbc8bd77835173a33099b,0,0.0042740423
90eaee9ebbdf8bb344449c03c545201f38ba894adf3c09f351b0ceb95dc0004a,0,0.013276842
333e0f1f50d8e8f4870c48a31a7c0ed5e479e5409fbd97a207f4da63414c61a7,1,0.81641257
92fa10b87d2852ac421eea20245023de611bfb99cc8dcab62a936563c060ffb1,0,0.0008763857
8acaaf1ceeea38e2652717de7d48cd5e713e3c44ced5c88c5f491469886e6834,0,0.15778328
c39577fe7fbba379eacabb5a6b47586aa5001383a14e40d13e99ec9d417b8c62,0,0.0009355146
c0751e4b92d167a751cb459d7f21ab54b0e044a13e3408be034523dfc0c5bf65,1,0.83783823
59e2a12f00fb550b0b3124bc750d6b733bc0662b03c650da6e6f909d972814be,1,0.83783823
21ed03b68381389b00bf226ccac909893ef4e5e3124c3cd9bae9f8a44e1cbf97,0,0.2753136
74837da181e3dc7d769ac448e8195e9decbf94b67065638ab01c0d86fea58dfc,0,0.005409539
fee02ba2440b571f919995a8493af632fb44e6b728c149f0504d6bd9ed38956e,0,0.39166692
c306d8c5c4783c3222c3ba5e8cfc87d3f50d1fff4cae63ad1873d6e5097b7071,0,0.011437787
2930a7559130287bd48b766a3f6b6b8bffaf142c8d556a2f531f9ff55a8df223,0,0.000331952
09b25feb902928684a9e3907b36a85ab6fc9842af09c0e78f0d0aabbc5c36d4d,0,0.39166692
a8799403a34feb09e6ada372057fc6330640f2a73c27cfbbe2dab6fc5839eb3e,0,0.000331952
0e13b9a116f4f8e14f11b75333c8cb5eb69b10c9209784ce99790dc99f597a84,0,0.0035004448
5f4ba650c8dfb69a15af4d7a56dc9763696027e39f31833de90564d44d090eb3,0,0.0067580296
98766d57f4bbc9980f142be695427e94c9ca82f8feb738a3ad2991a7bd64200d,0,0.00011350399
a0f7f3a7c312f167a1e80637d55a10fd593e4f53296e3c14b65ac5da68c7da5b,1,0.7583358
3764c45c8004d6a3379ed4cd896bcf86536b9e90501d34529c733958d19b98fb,0,0.27887937
05a2a58ab96ed9563b42dd68a6abcced2d7726007eaf57f233253f28625e1ab5,0,0.14138333
b9e8147f4ae030b42ca65e1f1954433945a7ae8dc003b440e63de22147a1c720,0,1.704421e-05
8da17c0259e8249f114b9e6d38e545f212de8adfb45b6dbab6a9daeb591d48b3,0,0.005782971
323a384911064ea30dd4d99f2f7e6d41a8832f00183bd581332361c2c156f56e,0,0.005077191
9d4564fdfda29e191e30f70c540b2425e0c5710ba70646b7c46999894ad1fbbd,0,0.0015001076
6a3d7980e499d9cd9f17aeaa6491439023ff3eab4d08be2b179387b5e1b684c2,0,0.0016660626
e12d048a44943696aa1bc843e0c23c4e8218f19eabf84c5e504a20e37075761d,0,0.015544881
53e3c21b60b37afcda93d0ce25a42c1e64cf0e21c79a857ff95928faa826d7bd,0,0.01136457
ba486fdce6a935f6455a3f69d8d598ef3dd8b82a2b1e435250c9c217df83aedd,0,0.004985346
e27fb77033443831674b937cf04e85c1b787402a8bda5c9059932f5135ac83e7,0,0.0014192977
f6adccb98eba34bc4e4b1ae6ceb74f059fcebf0a35ad79d700f1e0b36d34512e,0,0.051149353
c1d07133ec6d60d16daffe8c7cd39e93906eeaf43de4956c2824848b83569d9e,0,0.092696324
5c9c3758140debbfa46568de268ed95d4314968111eae1c6c5ed75571a6b2185,1,0.7583358
e39d1b99a19d8f65854296b4989eb61f1054ac233d6d587054878482bc5a4fcf,0,0.0044489163
e37c1245fb6c2b038d8e7b3d653d25294b1d92315655027fba7fd32e6b45c3a7,0,0.0004511386
d9e8ec97f249f3b7f0a8b616ca8cdd52cf3427cc671c420ceed6a59df23ae309,1,0.7583358
9b44ea7f06f3a811c99d50d698c2b61fbdeab863a5e3f0714d78a4c2f0e48a5a,0,0.0018605686
efd93bc82ba6d7a1ab0c2ddb4a413b007cd62eacfd5dc17d1881350385d5ef08,0,0.00023540546
e716e1a7ef94760355f0e5dbc090a458d897dafb0dce6fcccbf2a4c89aa7dc46,0,0.014640708
ada77c52bff84dcff295895dee3964d0857281d2fc1a557d0aa51b11554ccef9,0,0.00023540546
056d3946d484bb801c3461781e69662ab1598ed8f2deefbc470bbfc8789c31e6,0,0.0033056207
a82a6f3a6147c8ba5a5c547ae77b957f0653cdf89a213aa250d76523284a19fb,0,0.67409533
0deb8f393408ee02df42d2abac64b2aed932a0e6502c2791e4c6111232978ba6,0,0.002888636
26df2712dc8553b05b08ac6d0ca2ea6643f234785d410678a23db0873ccd324e,0,0.00027704742
17cd72a79b08d951b2423aa38568c90448e32ab9b516f940124d2bcab5e0a5d5,0,0.058776293
2427818d3e27eec1ccc5986ced010bcf454a5327aab3d09e80a4bc94f5e09fc6,0,0.0017288522
06c6b146bfb6ea710c06f91620a9c72082fd991c2a72051488bffa0f8f21c7a9,0,0.0014953747
610db47b9bd8582b25bf0257fe6442ddf6c5b2cd56d70da31b4f109b6eea04c9,0,0.1561823
4de73426b525785a5d6a525f024e5e8a436507c6e9ded878140123dae58812b0,0,0.0033056207
75d92a743b8aeab0d326c5e84ce4f0f172225f44af4842d3c00e50a472cd0265,0,0.0033056207
711dd9fdfa6fba577a65044a551b4b37cf5e433c901614754653fb9a943ca60c,0,0.8459229
1193b3960b93f726467c2569d2fd5e0f0d97ca6d5bfcb2db1fbecbbdba439745,0,0.008363269
ac1de120cbf9d8d4e436571f19546e11d86f795e2cc8c6ed2b39fcbf5c07a6b5,0,0.0018452221
6f07157f345d78ac58bb67a7958bda70cdd4e5e1765c4c4a8976d804f0f2c7b0,1,0.7583358
2bcc38fa9b3eb7b326d9cabf17952fc5f49d4c11d4cb4dc928428f4bf30619b6,0,0.0033056207
7a5e09d5a3bad16fe73d8339514a704ed1ec744d95d5f232ca9cd7812d9351e2,0,0.001964869
8d3383eed790ca78923adf2e8dcfb90f4e29a05bb8aa70bf0b6806b46e22d6f8,0,0.0011891372
d9d07a702ac8c91733b4fe4fad4e870742271f68ae669610f3ef56e0d8cb0764,0,0.0017630013
b6ac80a6b508138c458dd05dfe40030bae894df5c9e7021ef89594b92bda2d7c,0,0.0017630013
6dfb2dd874e6e1d5f25d4993461910a048424870da7f40c5c065269bd5f84035,0,0.028725073
312d5aee43b926bb3990b2efb7d9586eeef6450fbe5fab5ccd0a3ba553d33c9d,0,0.6317006
d45b3653680d575c2631a68a504d5a35d4233dfb9973773df9c3b84e82d0d183,1,0.6384258
a093448600ee91c70cb1381e278987fb127da4404a3d5421759679a67a733192,0,0.0050874944
44b66bee588ddc6f756ecf1fc455468453faed6bbbc19288f1221236d1d14e8a,0,0.073819116
d168104157ab4b7b8ffe3abb923b9d5a81d8df3a452cc47329bd7ec04d00b6d0,0,0.00028068852
5687b1f74ef34246b164a425ed3499ec6180b875c908c24badc324be72a000a4,0,0.0028897913
ee33d5a40f297d089e95a7f1eddda47603f911f02434b98528f734cdf5e1d3d8,0,0.005351816
dda40a89570a157fa0eaa4e4fadc2ceeb83686716f22001c78e4d3a7d61e2d2e,0,0.00017513198
2a44a58b8c29630dfeaaf58adc20b4d01fc6b46a97f2613b8a6101411a1cb6a4,0,0.008786365
a4231d6033c9b3d64045215357199b7d0854ea22405a1fcb08407520f854d0a6,0,0.00060842145
7fedd79045874efe612a59645b3c62c962430a8862a9a74bc1e8986387ab7427,0,0.0003066834
2cd296732cde1ab84e6d510657b02a33d210cbc5d3078302c041f3de191d13e3,0,0.031660754
5badef0c7f62f9d93f21387705b44c664fdd9b55cb4cbe2361d0dddaff2dd012,0,0.017910877
95c7b3ef255d397847a50b262b23e49caa64c2680790539840c5a0a565b44e5a,0,0.104917675
c84ad3a79817ce370cb35083fb19e70946b043cdbdc356848eaf0361fb6574da,0,0.008038296
ac1ff15c10bfab0dae1d75056eea0ebcf8e4b5008bdd8dd6733095266779dbdb,0,0.0029861492
c1567db665f5d9399134a703431f0a1a0d0873516041716d96d7b45a320b880a,0,0.10594271
ec28d8af352851d642d2f7e046b98b34bb7ec86c0dd944527eea710909ad5ca0,0,0.0014192977
4d8c50142ca35430b5a86d806d16dc3c3ee52eb6b2e669ab3388b9bc0e2923cd,0,0.0007446879
076505fa6b61d4f827d65eaa486e697b452f597b34e47d9524ea82096972353e,0,0.017910877
93f506780c4367689d7c708d1608392418e4e999b2f19ac152986ea571d3d197,0,0.001709102
9f09fe5cc43241906db12763ccf8da35b4430c69e066d20273e2ee41ce891e1e,0,0.033554148
e6baa38c738f195550884b500aaca70bb9322d9f11a8752f1ad33cc701257d34,0,0.012694773
c08fe932da0f1b686ed1080c584faa3007ff85022e9164c3c111cabe7a67d39c,0,0.003799026
a586b7f04d0d535e5dd8471e5c4e51d461cd96398bda1b584dd41c3879520fe4,0,0.0010495131
51afc9f905e8faec38531dec2aa23d6162d7bb77e401ff02a59a530820d149c2,0,0.00012732853
f68a7c7c68aeb7b6b7afbec38a6ea48e7a1d9d0fea775e1782ccc3f961ff1bc3,0,0.0010495131
e09ef772b11501a53cfb5a57a3a173b0879bf66f01a347f950a0feba43b68f90,0,0.0004021326
32eb25b069bbc433915c4df0518c2d3a0776b6261bb82c660218d668a9f53206,0,0.001078377
253963da53bf57f2294d58ad3c75e21bf52cc995a34ecc92e8850baaaa3497d2,0,0.00017513198
dec0d1df7382abc152a3dd302b3985d99c134122c2ffebfe8500fbbc2f468899,0,0.2344086
de2a8162ed3bf434d32a34fd0eb7572119508dd3b1f95f5a78f56af3d99954c6,1,0.94927895
a6061d6079f8f14b84602ffea4065afa2784d0837fe2e9214b433402b6cc6703,0,0.069602735
ad3b015c58581e9fd3d793fe3dd51047a36ade15ad3194d60c587838ddeaf2c2,0,0.0025748045
86aeb681f88ad77e00caf6565feec3337ed5eeec92ebd28f974e2f29c34bb4e0,0,0.0025748045
f55fd08dcb603082930f8d4af62270528b6d24616ccee6d9650fad2b1ba0bef2,0,0.69509065
3d64832e74bf80efae606ec2d7c0667fb429f1d4de8ab8ce311ea3acff30b163,0,0.69509065
502a2f354ac41627a81dbe9044c3230e0aa17f9a89ca53454d3c734c2579b835,0,0.69509065
63eeab0e684ca655fae6124ebaeeaf733b72e70381d1160fd01bc22e886eee40,0,0.12121719
bcf4eeda7c0074bedd5a52c729638899378ab0b4955db7771aae6d1fb0e12b3e,0,0.0049318764
3fbbb7d69740a6db40579cdf8857ea4026ea2df28ee1babad9ead2fb1a553ae1,0,0.0020819085
0d2616d0b82d5a6414b546991ee28c6b64f2c5fea16a5774b6c766b430ce2a85,0,0.12121719
4884b3508a3e79252f64d3b9cef0637a193a3d1b42835769a9c018a4c7d1ab0b,1,0.7583358
8a7ab1dbc633bc44b53352683ed2c6513ed1c03869e38f03adba82c733725a88,0,0.025451455
53cd1ac56697c77744e0e34aa6397f55d6d0e77571db5bd5653ea36f72e9916a,0,0.03840439
0721baa46b9e84e7a63521fe4dbd0329e1c77522f5ce263c0b2f9f45f6615753,0,0.020763114
634ea0a287890bdc41dd730d750733f02965f146d66608e8102ff6acff5aca1f,0,7.417739e-05
9b6c1e1df7b5e99dbb6ae8d1d932092c7ffe870b81f9002bd7e64fb6d286f59c,0,0.009553229
fc8642b76454ad9af966f2d0df0115f32b34e4ec76be12579681e8a473f29c44,0,0.043191068
5ce484839b3943db120f32fe622f45b5bf9eef9b891c5dd5e5f2ef1e51f6f244,0,0.0020255994
fd447c8409710a82a08900459b98038adb40789a644371c5a29c05dd021531cc,0,0.0025914563
c90167f9e1d67ee108c9d8db33931bc4904ea73433be708fb580bfc4d17a0be8,0,0.06752441
023fa123e1db1aded34716949935e1cd3eefc8f18cabd1c09904af1a0ab352a3,0,0.0005259898
516f055c1ac486e01d9a10374b09c83cb4a335792f33f5d4809ebab136cd8019,0,0.013282559
8d225111e128dd96f190c14d6338a26e68ad4ec3a01b7739fd5dda252a62868c,0,0.0006026763
c4ab19e1a1380b94b335b14bf92297a2616af9c25a2fc527938f192b2e9b4452,0,0.028910695
1e9c2d60a62be17980a2f8e8014f2c28587fda2ebc08fe6c378b6d698984127c,0,0.0004957006
2a3b203af6dac78394dd2ec13f583272042a17f5941ab568f458fde8cc9ee7fe,0,0.013528724
aad09786aee45fcc7a0d4a58597095b93215a0956411123a08190a831439c632,0,0.014708782
0012f679e975eeb036551e5529c86c1723ea03e6dc8f62b3ccf903c44073ad94,0,0.002555662
b67cf8efe5e3194cd0f814b9f68072b72dd2de2c5f58683edf4583227f7528f3,0,0.005469591
99904a46d0a35ec40ec2b768b8a6a2e25e05820aaec92bc603be6237344ab674,0,0.01331031
4c24582051cb7a29059550b3f9ad7d1400b5a02a7a6ecbfb9ddcb880098ce103,0,0.021187417
d44105a614b577c69bb736f2a4e31a13e467216fdb5a69a1526302aeae32205f,0,0.0007296778
1ac9110bd0bf3a85677eff7ebcebe3c2ffb0239f2a8f3b611e5e49385dc55704,0,0.0041674827
a33567e5a69c0a17244ddb683916801fb1b4b76f7b37ee3b7ad9d37785d0ca99,1,0.99028695
f742de9b5fad6085ffaab15ec67c717dbcafdffa3871ecc47b20b3b9969ce8f5,0,0.0052976967
a02358f158531c61524805b7f84429068044e6860279ab0d134acaba38d64913,0,0.005651429
9e4ddbf6c2f2bc4c05e4d90e62d96676b98f16a91d6bbebcb59e1012b9c4e9f6,1,0.7109871
2bb9c76a4fc349076d08dca1120ef26b36b4984851c9d0a85aa8e1e039aaad14,0,0.0020705163
de3798e596ce150c30910b8dfe49b1c2954f2cdbd19fb6e21916ce08698e6235,0,0.0012323081
980ec88dc74c9caac5658df6fdd3d0a98e8805a39ad24674d83b4ac7a8cf4be8,0,0.00046825662
8ae2c5b3eeef0132105dc6d1fc1eed4d1e64fcf3173643106bdb6c325f42dc02,0,0.07162012
e2da98f7f976c330db794f5f7a9860ec4460de94fa103c365c08296a01823ad2,1,0.7583358
44a86f6b4890b618236cd09e92f7fafd580abef16e4c8870ec30efc98ec5648d,1,0.7583358
b9daa28200ea88f7d3e1ad31846a30b3dffbf8919f3ba44db487b270647b8d67,1,0.7583358
d60079fdc47219898f5f9ce197d63d29cdffacc7af7ffad35e7628066ae81ed8,0,0.0024498878
80e596e33114078a054ea3116ec99acd023e2e040e7939f9a741b13235e3b60d,0,0.015162702
899ba7d7a877eb6f547859cfa765d829857ca20c9007acd4f5ae2f7769bb504c,0,0.005069134
0cf3eb8c976b60a7e219433f2de0601aaa1a88088ec0baa9194d26c42161d150,0,0.005188182
7aadac405ce07ee5484a137cbb37a3efd6151e62f838a4b98254b57f7bba0968,0,0.0020819085
fc6a2858d9a8d0a0be0f6782accada193db82e3fa704055e92b2ed764cc06e48,1,0.010563913
7e5ab046e4a8fc38442d48585f4efa0eb657557625daafef53eeb8d49f2615c3,0,0.022734199
6d0ea2da1f740626e7685f06fb35cd01e7d56db12a63473372c0e1eaefcd4ebd,0,0.0011647335
5503bf7d19c81ec180d07a5b25c7fa6b6d6694f3838d50ad3e84102c0b93a054,0,0.0021836606
4df523f4497a31c5535b8074cf09533d38bfeab4eaa455ed57360062e7ec4da5,0,0.05276016
cd6d22b72b252a432826068bebbe5d4574cac384417e445c67203b37e44f8ccb,0,0.0012254945
364d4dd356da53918af025cb580f975a1308e3909ad6df78da4938c2792f9b35,0,0.0009750178
4f92a1dd7c5a84f6acce6ceb2ecd68662b17dd7f2e5fd888cce61f51b7754401,0,0.015739761
7fea44f4a7ac69f678e8a537cbcd387cc137f9371e50de8d6d1e45812fdc8c00,0,0.010777707
397d229ef15b3359133e8eb2c10bf5f7c33ae08c2229042e011c278d8c6b6a32,0,0.004813134
61bc5e1271b9f7648118ddd349555dab2e59cc72459db45e019e91e6da6cb9eb,0,0.030539822
8f926731c6fa5d2414859cf3663b8e8816d1a4e0d28e71c4c8a7a4fbb4d3e1de,0,0.026107898
8b35a4fcf1d11e25400977511d629b855bbb1f57aab50eafe47b60a4087f4527,0,0.0018527834
a8280291af1b0facd8f0d6cb2a656d127cb90014adafcbe2ecf0374e22376699,0,0.0013871473
94be4069a4e743a45a3ee1c510a6c91381a6fe020221464657ea380c195a7c95,0,0.0015319715
716672556959e1a51680aca40935171b630b77fa7dba9be65c570e491bcc7c01,0,0.89063627
2c7d3ebd92e7ca16b4fe8ed5293df5eee34fda1bc3f82fc2298542800be8bc6c,0,0.0020091657
9cf68a1d1d0c79d16719934280cafe2cefc210f681cb498257eaea511f52d4f5,0,0.0013490686
186e76f9ea43cdae9ed126a38c3dc5c0580ed558183700b4b333382c121ae62c,1,0.9845501
4e1a41dd14c38eda401a92c5bb392e679e6f00b2675a958c070d7e0290a2c645,0,0.0035180298
f38d71cb805f1f59f333aeb883ec2b96497be5625ea408834bd340b5a6414f1a,0,0.031458043
c0e4962e28828b9ad489b6d10b7ea03af69d505e660989b3d7b76ee658ebc470,0,0.0076608816
0a840efb616194ddd733e405bbb35f5d96c106a1994b40d2a1857a076e025306,0,0.003537634
18d2552131f3840c0127aca788dd3e62577d79f89136932f78ccfe5ef1fa0ae9,0,0.0022633376
ea433dc38859cb0498344df1ffb3eeedd772940c8c609963f7c69898caaa148a,0,8.740968e-05
1857218f9a5024ff45ed455b8ba041cb70586abc0bcb2c63c129dd5b4b5fde0e,0,0.018876318
cdfd2831d68e7b6126f0e2a81f861526c29232bb9c97b34d3e133d2c8a75fe4d,0,0.081132546
5b79efeda044ab2863f0996468262667eb95420cae9833ab8faf822c3f3c5cfd,0,0.00010215441
1a13ae9e97b4c4024c006f21ecaf33b8826aa7884315bf03bff89eb214c1e34e,0,0.0038259265
cff2c0ffac35b13d16f3201457e288cdfd8d9d00abe5222ed47cf601ff080939,0,0.00023329997
17e77b8daf27e08eb90e1d3dbd8778c1ac3f47492d7f10f6f066765da65836a1,0,0.96720535
54ae01e76f7155beb0befb9a18cdd25bfa0dcf4c526ad2b285856922d235806c,0,0.00050511246
fcaa9847aca36b2e0210a24f6d6d1b9eba7509975fb579c4fe1e52ead6fe1329,0,0.00046683985
51ea748e249a6c8146029efe648fd963354f9fd530fda39daeae32f52ab0e3b1,0,0.33943045
42e19557ef9e6d0bd5f32b1eb1f929800f313b7d468d34105105a5e58fff8713,0,0.03254159
8ec2efd23b05e5a1446831782829e48c1b32e4d820d48681393d07ad5a6ab48b,0,0.0006155889
8eb29e5d00aba51b0fdeeeb54dfc4fc01ee30c187b2044ec72c0052cf71f8023,0,0.7230365
e455d1cf3fb9eb3da86ffc382483ed14283730b1b8ca628a20e4284d3475dcdb,0,0.8113214
c4205328a54e8de6235a9c0bc860cd7e36b105756abacc1b69d2ebf3f43ceac6,0,0.092663445
2bd41493580988ac9a0fa57876886a685177c7bfba151379c6232477db923325,0,5.367405e-05
f8b9fdb379f225ffdc6589d1ab9455f3fb890a433d32f4f870a7d195b81a1dcb,0,0.0013935327
b5a4b757a2de708356ef006650897d1c43b44a8cada068cc10989ae03678db61,0,0.034436796
052fa9c5e118b3118b3460c80e69fa02df9a479fb9f3b312f9be41dc9a2ff7e1,0,0.0014028443
9c06b5c04ecfbb5ed6130eaab8319115501e2eeb8a45e28cb00e117e2460b79b,0,0.00010637803
cdee0825501b3d69ac3c515efbf62a18251a2a0ac4f88f1f439105f13f1ff5a4,0,0.0139403315
adfb50d3e82a29640de5ba32491b8fc29a26af68a869474a629b1baada831ca3,0,0.0009796951
ba3dea945fec0ef8893d51b06e220600c2ff4183b4430ab19bd0765519ad03cc,0,0.0006593472
fd261f3daa1f4e9a1783d50c5b055eb787921b6abe499780071973f0fe71ddae,0,0.013529221
8d524e641fdcf10ab59897f1215350d2a8c7d9928a402c23071af43ff696bde8,0,0.0013695856
aca7922c29662ab133411da0eb78b739692ca44b421ee8484c8743afcabb4242,0,0.70716166
46d3563827ce8927008414f4bccc93d2baf02936cac7610a1781ec49572378c6,0,0.010439371
cf804a029cb60a95812a82e6abcd939cdce709563b106d4804bd1f4916a87416,0,0.007815626
8551dd655e4ec3fb959f95885423da73be2d8ded7510482f2b7491135955bb1d,0,7.248394e-05
b049cbb7299a8cbbb8cdfca847e9b9b3458d74d106cd07d48545e410604fb111,0,0.005069134
2e1cc4b081454653951405f1901a9b82b8e9aad792394af7f28be38ae2df5086,0,0.34349644
0cb6fca721027cf074211f3ff279243b1780a4643e8826ce49d387f59f1dbbd1,0,0.118960105
6181f03b4390ed29aaa5fbef5eeaaade5f03be4e8dd7955799f22821d90da90f,0,0.0036170664
96f55f2001da8b911a9f59e784abd638a6d2849f405cd71c50c2daa6082c4a1b,0,0.0013200847
b554f78b43cc5ece74ecdc138cfe49d7de729540426ff71919d9970c78217330,0,0.016978735
826f6a9db625c7d236b005b6b458f96cfe25dd110160bdab75f3cc3a540f1671,0,0.02691032
3a215db131e188d954451c6f21acf987df58fc9d963f4a8222027efeb658b9f5,0,0.00064991775
2abb3f93a2cacda17e3375b1f284f28d1ea449b5a0777b3c8ea810d196d936a5,0,0.0058310367
4198049b44f382057e0f52b1a7bf9db9d7465ccf6015cdd6ceb7d525670b1bab,0,0.00031246684
2016406e634fe5510e5d716e773e5a2a33c5324f86477bc73228016766442d56,0,0.00909361
dbd612c9f52787bfbc51150c79ec4d1dec15bed8df654cd0317dac33bd15dcf8,0,0.00886418
8e3171ed98692a2ff9d57ab3c84f93d079ba4ed89024f446b806fb6a224d0467,0,0.010439371
a3c9e4729329295fefd069f489e112593b40ed171c6861a6cd8cc3fb8a298972,0,0.0041084266
621a5ff38bda8c5f3f56fd74adc2fa39c5900cbdd461902c27fb5baddbb80a78,0,0.00027349524
a49127f46d972717c38679526d5a8068510ad52abee1bcec87d61e9b2a1e778d,0,0.0026713032
2d14e1eb4ebef09d90cb17c521ded1165819f8b08c893a46cdba908320f112c3,0,0.027155597
ec65174afa77ac5c31cd8f705ae4aea2888cfcf634f93e9e2d197a4202c844d0,0,0.013285622
ac064a48dee902c33fdf9bc5ba517e5bbed7e9c936aff81afa5e6bb7c1807ff6,0,0.013635405
c72d0fac595600514d493c836df0d9a2cefa90ec50714eea7ef645c569ceaf54,0,0.03553903
dd9413cd4db998629c3c87d39e485fd24f8d727f8b715ad1b773e023a2e2a8d2,0,0.003286572
c687e96e2342db93524e815d6b5a95ff3e116cc9a2de84818e6cce0c61136829,0,0.0011507395
1f5aa27f1ca919d643e668b3a25f0dbe4533b3d9ed3cc18004a7fc821053c168,0,0.021828149
c981150a24ff508121b51100f001afc324d3b6436ec40da85cf3f3ac0718b6d1,0,0.0025914563
e17f4f3b9a41670c98a18e4828ff4f2c4a2fbc0f8c920d91a61bcecce1358448,0,0.0003066834
e7318b7bb1c9cb946dd7c9f87fc0118de4639e11703765e58527061c57224e08,0,0.008360003
0d5074f4fca454dd4c364ea73bcaced0bab129c8cfac267b862ec005bea5fc62,0,0.00020682161
10e2b50333c3ca5624a03ae151022aa0391e5edc9831cdd4272af8dce876ced8,0,0.00027349524
5f6a092594a6114df25b04ff94382a6bbc44c29fb84e25ed62579a74b57d8e22,0,0.6316264
0193c7cc2b83d709df8b4a97bd35169eb16d8b627d9deb9809f1aeac04ef9bc4,0,0.007463126
b6db6f5364db80d04a9bfa8ed8f855fe73a0f55d6bb66d0947e3b184f526476d,0,0.00027349524
bd6fdf040e13da4d869bb26c33b583233eff859089d42707e8d46de3f2f3fd5e,0,0.004736812
e15789b6933bde4849e6bb9e775ca96c72c323ee15d7cd160e6274bf3ce8180e,0,0.004985346
f95e05477881a1d762b0a8ab4bcf4077695b900ae79d2a92242a20b3b301bb3b,0,0.0004957006
a318cd82e6e8a64c5d7c555ae7752a552152a92f660964ccd34bb9b4d2a9fbb5,0,0.0021294197
0889b227941c0f60f34f2cd9e8e6cf4f89a18b56f1051e08c66e463610e87277,0,0.011395352
21e5afd9536652d80d181d5d0fbef99d91113da05676b7ee104a83a99e31446f,0,0.00018494707
e0b5fca9745a3955de1c953a96ffaa1aefe00913762d44f39db87206e995e985,0,0.02655357
be94912dc10d5c56748460e2603e4b7cd7b4613fd307d041fe06319670c7a4b8,1,0.7583358
8c3b0d959bfaf19556bed1b1b02084a9f31c5e9e655897230f26ab231cc8796c,0,0.0023726523
f1aaac800b8956a90590152ea1056aca21da7f3b958ebd693172718f7fd1340e,0,0.012917286
95f4237d9c541a2ea4da58e91ead5a43195ce3b793a8f1479e45ac777641ded5,0,0.052369356
660f33551ef597d95124de338ab1b4bac72efddeff3a8326edc09cc6e51d3478,0,0.012321085
6561c291dcbc2e5a14600ded77ed37f509fbb12970743985222faad6e8809312,0,0.025193103
bd585bd9415f031d486e239d028ed8533a0fab378a22ec42e407079dee2cca2c,0,0.08467295
6afcdb7ebd71a74b2ffe7d50aef13d17802d0838b2c6f9e65d50a7af1699ebf0,0,0.0013080786
bda77b273e6f7b60e4a67d31b7bb431171f3e179372cc43dd326d02dddfe06f7,0,0.00012781181
c8ddaa9e7cbf3ba43a9cddc88a9ee86f55ff524a1cf9cceb18289dc091ec3363,0,0.00031557647
83a6dfe94c4dd115c59c5bc7329d8709f9960df27953352b96f7fc576d4ad50d,1,0.967585
8ddf07821ae45e253f9d0ea475a948a73e59737da58da7402433ba259acd5236,0,0.00021953539
3443b042ae71cfbf7f95963b5a2898b661d8cb0d7caae9e6db7e96a34274490f,0,0.00010284573
650604c97067ef05c8e5b12b49714b0fcc917ce71f3f023fa27b9cddea51fbcb,1,0.14589496
82645885087bebd60c2b7c67d11e05a084c336af0fbae88b1a75118f54025b63,0,0.2231467
a15d0f07f05215ea26a3177e45dc8cf47cf6a4549cd1a3d69517833987887f00,0,0.004578234
525aec2f458b5be60dd882f36afb8fa7ac7443624b7bea097e3cc9db68e1df97,0,0.00026938436
81113304fc838f47c28ba0c764bdc3d9db045c33d166af7cddc20599f4b126ca,0,0.0001718153
27e0244ab3b681a97acd1a7d74c8338d75b019703bb2d2359907c36f653c0462,0,0.000836144
5c74d7e620ca7fcdae946b04180526b77fdd8a678e70fe1b203f1dfd461b91d7,0,0.0419349
8ed3f0fdb89c66952147ec72edf59e7fc05d99757d85e6ae0c359c949ec4d067,0,0.043344073
579d02a8a987aabd1c5750f7adb20089d3ec4c89307024f1f31aa2cfa757472f,0,0.043344073
14091b0f0193745b553a60e241b88b52191406af7d93913cdfb15367b0a71f13,0,0.043344073
9349e120ee3adc2c58ef325c277deb8e0b8b3397f6fec4892f73d8ae705e88a6,0,0.043344073
00a22e2aa37e12af3db04e6ff5892470eb10db773e68bd6912d31257944d08c4,0,0.028706817
f37b5187ebbd156a7d4e1d344bab67272e1977e7be9b07a90e6100496a2d6939,0,0.003289316
3a00d8dfb92e0b9f7d87df2b076768580ddc88ec717621e36a198948742a260f,0,0.004061104
817f5ed6bd1506007acf6125a714fa8600fcf757cddf46a6ac410f62df8de12c,0,0.059870847
a47610d4e706e4cff72ccbf1b2327838ecd8f5ecbb339000f63010998d70316e,0,0.0027705058
fa55cbd2fa941f23ab1efe8e5a5e3271f5d0230bee496fb11cf887dd8dd597ec,0,0.006432386
615638a3ffa955d8904023301a41a661aae50443ece4259e7b7bd4006ee8e8ac,0,9.7406264e-05
f9ee943c43d8e6a9c69fbb46ad35b452104798817785b87555a0e29de442f3a4,0,0.12112545
382f112ad68df24a64a00dfd10a7a853e7e5676387b2578ca6b7c25e50a3e645,0,0.017850494
11754d8770a7992b1a4a4b5bd1dcb9452627408b216256fe68bf59405b97cda4,0,0.009505806
8c4393faaa2efa60e61d8fc5f569ced3022725c00a185f3204ab817cd8b41fe2,0,0.04354064
2d70dffeb7d7a9d45cf99738f97b8d1aedbbed923bbd2c933027afcfdda2558a,0,0.00862963
619b2eb6a7717a851992fee4005313e5f224ca6233c0a35182b3505cb06b7364,0,0.0006084481
9c32910474ce842d02a7be9fbae6c50339f8a63b4d78728c5cf48d2052e817a6,0,0.0040411665
9f77c7c2cac0801cd3b0691b4961cb588f2003e033878ee1eabdbdda544ba768,0,0.0034444076
36bd18d9a6b3180aa9897a18e8e8095bfd373933fa8fff8f207b56c1a8401df3,0,0.003308486
e3bc9d83b9c5994a681849e318598284ce47c9ca0eed46368ea05f1aacb18c61,0,0.0029538414
8f9afb2f3da389ea7c17fad7a0296ea90be920559f86f9f9dac2b8262aad0a35,0,0.008914695
3435057f567fc52377ca73ac57e0a3f6258529a5ffa3e7ef86b3f5f2db53cae3,0,0.00038618268
dcfe3788004444bd69e2fb839c18a973b488e94f46f1b818b6c005afdcad1d5f,0,0.03828457
3da79960ca476d084e901e5afa3c3f619159e17e839669b068be9587f45c6c83,0,0.0008834995
ca02c07b991f8064b3536c53f8f1553e5512ddb24f63d72a4107add5684b87da,0,0.0042129047
3e44dfb42e1447fda15ffb153d52f3c7fd9a7328442d8a512a5526f115d4588e,0,0.0003493788
61dd65e40f357a860aeca1044f743d381d6edb6d671a087dca55ce531b24deb3,0,0.0010307492
798837d1aa86ac09ee11b03cc6c7f6ec6a24a6ec03c5cad1165db14c9886760d,0,0.0013502346
0d945152b2be089ec9aa7e85d9a0e91c305022635b944a05ee5c22f18f59ed02,0,0.16903147
9419137544f2498aaebfb04e39d308e8d67ec237246d9ee3a576fda1f1f66034,0,0.0012106409
fed4b8264c32f9742c62dab3bd9495f3719e12ac618e58c810a858350eceefef,0,0.001230438
aeb507ca370d153cc2dbbe30a5674069b103b4be30588f0678b9e8e51349f95c,0,0.00027349524
f8bcf7206651b1abe9ca7c8489c46d6803b6ea68b997d9d55bde8aab48afb80e,0,0.0064512007
0c06e5fc45eabccbbe2a8d287bc65ae13e3d797d4dd41e637c98d946a4895444,0,0.00081887643
9fe1df08887b775a5a438e8959d3d63f9613ceb1c9421582084d62fc3912b3c4,0,0.13212985
9ce774f0a46f37841127959c8babe6cd64356c0228da224f39002641f4353dc7,1,0.015384775
d017ccec50ca48127b7ae660b22526a273e02241d0995d48ee25e0a96892fc2b,0,0.0054645455
e922928868d2031f9f44adcb424f1ed79210b0ebbbcd8accbb8eb1e8400114a7,0,0.006164655
590a97a1911336742027c080aa608fbb4df3928b070f9128e7972ba85b97475c,0,0.08047533
2b3311fdd7278c441c5fc9790b7f4b10523c4307cec474854674ae379711f918,0,0.0015651308
2f3f250c916fbda830b3bbe8db582539039017ec6586c0ec3eb3f5da350a5817,0,0.020962758
4780696432e7b16fbe9fef18f9a9ff31628287774b374b021af8ebd6d8db8b5a,0,0.0013186366
c785492c757646319623d38aeab1e038aab58141435d804783de2cebdf649c5b,0,0.0014466771
d7405a0b884f03f3521d4ac2aa63747fb7a1e400fdda81e6adc48da22225f53e,0,0.0010912238
6a0f7eb3541c57471e324fdaa96a4e6ddc1e9517e861bbcab762d274044a220e,0,0.08047533
efa4ec3b8f9025aea4387573327e971449638b3b3a284710b8c4356bce3ec35b,0,0.020962758
3c2a9d84877ecebad135830aaf0f2cfa56df88e391b1c35bcd6502f0fa455afb,0,0.0004957006
d9498649ab9fc53893a2eda72915f3d15ecbe815d400f0272dbac70ca07180fa,0,0.00012059972
a2f351ce30aae5e479cb5da94e2a8dde9d9536ba44653437273ba65f30e771f9,0,0.0008787794
620449cf30f64fd5b3ff2f1f4f7c2d74826d707fe62090cb691490246e7a3562,0,0.0019384882
680407af9e607051fd43277cb6e6a09cdc47be7bbf6aa94b079ddab6817b58b5,0,0.0095437635
4f1d7e81d89652bb80d12dcb9c2f0f42ef81378a595f052caf306931745d9dc4,0,0.003233468
11fd1cb381f4e08784aaab18abd91d08a902844901fd4511df4ce01b5ad711c4,0,0.0022500942
3bb8921a1c89b6767e8686762ac07e3b11fc27ead9f343c9dec13f7cdd154054,0,0.020962758
7bb4d28556b820f45e7a1683da473d0225dc81e3d6dcae3060b657820efd713e,0,0.0041246265
fc82f108b1db7cca2fa53a8d6d968b7506a6af70f523d72c0537e7f3857b6b7f,0,0.0064373827
af560738627d4efc9ace75e708fc48aad6a24c78ef43a89daca27e16ff3829f8,0,0.00035574916
9c44879cc8a84856fecc008d73cd4d64ab1eeb6edf090e1513fb061cf2151a65,0,0.015725488
bb3ebb098373a709796599f5a4fa51be77601f68c9d21c01328439c4a097ad12,0,0.020962758
de365d9e2d8e3fa08b1501a0079a95cd0b37fee6186dbd9eba2a4c22d7268473,0,0.020962758
617335ce9f48ed6ea87826ede1faeaf0e0d5f242ab316f1a4fd00f30ee6bf59b,0,0.0011055988
d89541c1686462c1fa18706d78cbcd13bc4e2b904746d8b6c95627a57cf61a11,0,0.008914695
be7c93f6929f9f80eb76801911ce3f000a53b27cd5623e01937ccb5a76049dbf,0,0.002326444
07745e453754f290db29265ac48ad3fd55ad94c43e732609722f77021216f96b,0,0.020962758
f593b5574505134c90993039a12edf270ac1fc45c4ca9f2f7e8227e69a2db079,0,0.0028890385
500747b651e90114b89357544c50b7a4bbe5e1abd1daf068400a4d6a6fdd9f03,0,0.020962758
7fbb18b9584c6e9ddf379ea622d9c1e9300c587c68754a3eef6aeeef3a9d789c,0,0.012240093
b594eac6f63ad95b170dfe9a8a7305685045d3a0a3ba2b819812815875ea3b23,0,0.0003960378
969ca853feed4b4cd12c4952a8932b294f9f3114c92e53bbd8885452691d2c9c,0,0.020962758
6a6b8e1ab998cf226f4ae1c6706f6b0a3748c76edda857c23f5e0459554785ca,0,0.00044355128
797cfa282df6d1f529c2381ece19c9cf7b44d44e7ec7485fc1d697b885fb3c75,0,0.06091494
b6590cb3ac944efe29c3e7c2aa02b062776cd09e15b87339e65536031ef3e23a,0,0.053584117
977dca81dc81d8d82644ffdfe41ff63d8ed7e291f8ba3fc2801ffd9b78f5146b,0,0.0029387875
b1133b7fba7ddec29e6a669f04bb23a3d31dbfda8d343ab1c9784370e1ad307f,0,0.00027440157
bcf834bef7ed67dfa622bd71f9abccca28fabbfbc5d32fb4d14cd39d765b7de2,0,0.00368459
a058390b8485815f9bdc42e72e09b4d220a9db9830f330da7694ef84a408f13b,0,0.0020346765
d167b5e2fd9f62e184e35d455c7568fa12626875bfa5934f69a1dff67a1a0c22,0,0.00019182818
ceb9d65d680734eefe7f1e069fdfadaef509f7755e1b3570173e8f833fb0411d,0,0.00018505062
e9945d47b3f8573b8dee4029e8af641ad23e64ef302ad78a34ec928430702380,0,0.00045295033
e517835fe925db3a375fbeb921f75e27649fd65838b8fe56852ef5386b129bb5,0,0.00071370625
acb337fd92cd13262ce0598fe64101e28b5cfe30808129c23fdabd77097d13ec,0,0.0010313375
a56921d852ada0f7fd814f18c6f4b251d6eabe28a045492797487c3080bd48d9,0,0.29054928
1cda7eb9f315ecaafcab81b87bc2f268ae92ddd961a6f3e917cd1354bd7bdd99,0,0.2993986
50412bff26f71a6aa0a373746b33c02364daacf44510caa22a909814576812ed,0,0.003237594
a7cc74f0e05ca8233de103516b3c8abf3b3cd2688a531ebad684fa3e210bd785,0,0.110321365
7c440add57d312fac4d4a50b8a92f5c54324da773b40543215e539f1bfce521c,0,0.069631875
ef0f867f06157527fe236f218f35ad5293a78c4729f5fefa925926d03dc15d62,0,0.0019280217
53a2d2992439d2e607402519700eec8a50a0fd1fe032f081a2fe77fcd7e7c419,0,0.012754046
8669799e08a1c0eeaf8782b6ca6c3e3668e5e28a77fa1ae0bcb0d11ae723acd3,0,0.002423714
f21323ff433c4ce4a7b39c027ddaf1505d40d4ac0b27bf5788bd0ebec90602e0,0,0.37572083
159aba228407a582f74ff34267b657795e61591b70ef1c8d5cd6960f8187cca4,0,0.103551045
201cfec3c3a7496eb55d2b42b62d315fb66bf7b7fd10f33aa9a5c7de480dba03,0,0.00018782393
e5c1f95cecbfd42d58fe84478354922f651520ce1dcc81d021387df05c32d9f9,0,0.002353627
ba6c78602e250c0411849127525750a104b6f56d2eff36794d9f28e6f1958d4e,0,0.021301517
02968b6acb861853c15d588443e718d5c049f28ada7745c5f9e678d5642218b7,0,0.0019200934
b51cc3b54caab0522924477fea99398e8b1e68ae1eb42f3cfa5c3ec4866b6337,0,0.00012732853
e76bb054b9716a7a5ebd1f284decf5b40f612ecb1fba26cf2b9d4512a853c5fd,0,0.081903614
e8a7da9c90b151c9a8fa6b43f74f28549f6784fb1cab48ad2b9c587ca03568c5,0,0.007357014
ad8d442a5150d6aa950c0df204c5f2295b1bea44dac5b8fdfa21c8906415dae1,0,0.005189944
a7ee5a88d60749c0bfbd45cf03925dbcfac2b1e8395d94f7360db552b29e451c,1,0.98343855
baefd30d3e528001b242e899a04bdf69c26696105fc93e36f72f5bae84d60ac9,0,0.00046044
7db99e76de22fdc7c66ddf13242371b66c2ff1808f7e17d6db024a80b187d4e4,0,0.0011530871
18183dbc328a1c47b73f37a929e056f5772a0bded17e116851c23c2730f48437,0,0.091148555
a01296a47224082c5ae05750fa6690982efe79b4e2d9c4c780295bb7f404755d,0,0.00069802476
fab9030d79da67d445d5225772f25c694364a59bc6ea60adcd79393719ee5187,0,0.0001085201
cceb51a77c5953cb1820bae5d5281119005f30863351befa5acec9cd1cf7029e,0,0.004630237
eb12f781c11f1cae35e6d1f9227231c3cffb4a51e6e8d88b0bf56ebfcb15bcc0,0,0.003208253
e5bfb295ae0a799232bd09d1350a61cc7bd366300587a2a74f0ac45cb098ef06,0,0.0005713936
c8170efaac92efa902c501b34ed4c983bb9c486eed0a1841771d28bee03a5945,0,0.017002292
3b6b9569f5ef01f21de26c34fa79cc01f77735fd80574a4ffb99024d352c757e,0,0.0059855795
050599973c749e6bfe15d17123c76623b76c4c916dd7669b56e21b27585df991,0,0.0004341034
3af0b07aceacbb98c1c2318007e5dac23fbf3e3c54f0049a3773b4c38670f78b,0,8.8823406e-05
dd502f21b10f05b567150a0835b0b6ba7075c560dd69c131b503dd4cf272b3d8,0,0.021409215
d4354cbd03d09e4f71961f336d0e03cbf3ccb81f280a401b4a0095b56565df8c,0,0.0037335542
9850ae0f385227cd2f4d0ffabe9bba6c48009d43becdde4b11513f6203db5030,0,0.00018505062
64e02a4f568113328847839d1c4d9602ac31bd78cbc579e67d0d39c257fd86e4,0,0.032621577
eab7bca15d2d412eb4c8507545c9c07508c5c31ecea0d123ee0ab459a9abfebe,0,0.0037557704
9916f0f768b5d7d4621b6d69344597fe66fa41c9364e602c8d0af2f254a69ed4,0,0.0012028964
0fe8f76d8503cd247054e72cf875721643f64a59d260b754110d64788c909571,0,0.00018505062
ed0f7dcd1740cf2f8f12bba8b537b907a2675594f1c3b076eb0a1e2f24a0bbff,0,0.3053258
f65d967627092d61f69765a3bed770ebb9df5b5293942c22851d4dedea2e9593,0,0.011145564
703c764e9ef1c11b77fce19df35d331e02a39014aaa316168c0b90c305991275,0,0.0052845036
996f53f07ffd612022e2cee58064328888fec7b060dfc416aba6a674b2274e34,0,0.6317006
8e418f5d93fa50b78be4c7af3915e02130a167d866f9c0745a956104bdda654c,0,0.14119181
e3de05cade9736ebdffa038ee658f90991cc1eae4599ea5c8a1e7618f03c2c59,0,0.3430819
623577c2beadf59a7503415ce486d393d5f44c4eaa32535243d413c13f0d13a3,0,0.02946542
50f8bf71e7dfa93068f064f53af0a9a53efc279ab031332a40d5dda8b0c40d24,0,0.006690816
bbcd800742b0eadf37d649ffb80a352ff3c66b724b08fdb747adb28cf3fbf14d,0,0.00029326294
5bc3d6e66e429cb10b0f39703588d68fe2ffcd808abc05e754fd5a4b0acee0cc,0,0.00019369277
721e177c9c6a15af38abb112dfd2c4de19558a8640bf90a1ef447cae54077066,0,0.004744918
5016f9be72458d45fa9277cf8db3cde5da8b2ec4e579bd6166b4c9cede62e160,0,0.004210235
a37b3db3b03da6d577e5b5cbfd806ee1a93565b59a9dc756cd2ee0de307200c7,0,0.00042458315
5e7562bf7a098e451d39cc256b701f1f4efe8219fced81132a65ecd4b878aa06,0,0.00050599553
251fbf3254783e39e859b26800da891bfd1b049493ef1c68daf459660bbacfed,0,0.03728149
822d01df0e93c41fd11324a11a0af5e6d420972f82dd9d3637eb658a247de204,0,0.0345622
8fde87a4bfafd1f1a46e3ee4e3eae4c25ca725d569d752f62f38841380cb4fbb,0,0.01695482
3095280703f0c856b82f46a3169e938126b8f077591db5b7b336fc1faff2b158,0,0.115878224
fa2e88c362233c7532f04231093b45a9ae35bbbc5cf929c8598138f7aecd6c58,0,0.00027349524
cb15322f6dcbe61404d41a0eb987db83730e149d80703162b344f066d4c469dc,0,0.0010507721
e0c039e23281713a10416e89c0478ce57fbc1f39588a4f13fedbaff3af51567a,0,0.0029578914
db738ec9cd9bd06797a890bfdfe3f8230ac72b6b5586f47c85b86fad494845e5,0,0.009033451
41952e855fa4469a68debe840daa941afb022a2bfeb409e1cef50e58ce8e7568,0,0.0007716612
8b00ffcc3934d4a1c0d66579040ce96063acfec35731ef6053a139a565a1f49f,0,0.004813134
4e61974b4181e15f234f21c0537d196df62138a7378455907ed2aa2250d6127f,0,0.014643619
3edeba57b0cc6a60423c16d7b8a11223d772f2f5d283ddc9adfb6093d6ed8e78,0,0.011273884
b77d4704a07c42842b8489a04102395e91b2090b97a4af39ef0a62e8f3ae8167,0,0.030643938
f3dac7113a6b0b8c0c8ccc0e1831b0a5052bec9156e4b073e197ce2840a3a3a9,0,0.000787203
f8c05632c3a41f44bd5f258bc9e023216f1d2c74eea5a5d5b1941e9a0cd451b3,0,0.00015814281
8fbb5545c0f955065d0a9433a2f2110ed252186a4fbe800bd3142233cd72a3fa,0,0.00086394156
3376cdbfbbbc02bcb265985faa042e85bc9c34af74183c77f420970a735454a1,0,0.021734754
447ec839a27de4a37673c512676ffbe512b53509eb438063019f5b37b02f3e77,0,0.0011933175
d00ab3f9f2c618d635a54b3ce3343a693dd7ff2f632f8ca32e3cdf80f7363d76,0,0.0006088124
4452e1f7ca8366a434b2d5b0ec0b5f0572530119f22d7725268a5d9e92832e4f,0,0.00084775634
00d25c0414194c1ce4630f4830448729f39eb0174e4358c6e1b953d3570a50be,1,0.101994134
df40f4c7d512a381f37e917b633732827bb3044617608ed8d71f43d6b78ce417,0,0.018009348
1695a51f5741c602fab50f389949e0d356a639708fc97663b0fc8a2a2d47ee81,0,0.0015355343
4b5f4f7fbf1206fa83a2e53bea69956b0565e73f28f5cea22eb92b4b7e66bd1f,0,0.027635807
46c47d502dc14d0ee8463d4de3cfaf3b35b0f14e0f63919789bd97beefd5a1ff,0,0.027635807
040af380e5e0d5bd4240646f0ff6a17019f69a5da573ca550d87bf419d52db75,0,0.2232568
25b2d81e18dceb5305530ffe0270f67a2947ac5f7067d9907d5ff8d8642640d2,0,0.0043597813
b3b602342ac62631a545301a523d476d25b1b9947a51f02ea86d90971f544742,0,0.013507372
c1254e91de71156170001d83ac52d6df13563366eed8d671168c9948151d4311,0,0.005928138
6abebbf815bc412feebfe794b9a68112f67471d4393ecba48d4943cdf70aafb6,0,0.0012815204
57ffdd3db654c5098f15864adf18932cab43940e1dbd1700853caa513e1c48f4,0,0.0017891217
8f95199c2063e506df2c5a3efb832df66c779fa916ed754ef947c41781da9044,0,0.012578836
7554810286e168e9a22e355b2d8f155f724f28fe83ed276b15dc6fb470d905d8,0,0.006977794
ac8d8740cebeb1dd4f86c8202923db2c63592b885a421a1277496587e63a256c,0,0.00027349524
580b7d8c3ca2302526a081834f31b092104c30d373a734c33a8d2218d086e7e9,0,0.00065028644
57b11c7908348a7bcfac45cc7ae6155209f7f3ea763072633b372cdd7340a943,0,0.010677446
885f8fbfbc3eb4b788a4759f45cc83123b926a645a6a5dd5870f9fca5c88ab09,0,0.00058372784
9afc05d6da7e64c8918a057031d45de7cbd0fa113d1fb2505959492086752894,0,0.00968898
f55c8199ece0f9247ddb74c8eb216fdb1758dea20a9da3f517061f32f846ace6,0,0.0017304099
03b75e3d1ea5023f58fae0ad8132d230f611d237d1990104013d8d1ddb189746,0,0.0006865109
93df9552a8f14c398ccab3d45c97ab20754c0597dfd61049d926f29ca7be7aa0,0,0.013448061
3808ab37248449858e97092ac86edead4d4cce3657f40eea59f82a7d52c98c3c,0,0.011287319
ad23701ec26e0d37bd01eb7a8715a20dbe7d1f04dc950be831949ffadb97c0e2,0,0.013394154
53967d378f112a434f57dd20b36b63964b1587100823c308552fe324f691550a,0,0.00074753124
f8cadf7b5c38180b084bf842134d919dbcfedc202e989ef59fc584a5c608abc3,0,0.012859359
396ca3f554f10dea947beda057eb4abc8578da35975ee70fead8418f1aae108f,0,0.013448061
381492463585cbb235c506c2d90ee6c62fd712c97ce505ceb6faf2dcc48c8395,0,0.0026727798
91ba65e41de0a2585d4381ffd493af0da31a17bc4c68c6c14f75a84a19e9a8eb,0,0.046115387
4ea00a20ef3485129a01ffe0bebeb8fcf2375dddbf0ae6b4a01ca183dbb8b6cd,0,0.06251616
4bdaa917311c14c6f831fbc8aeae19b347d927344cacd8a54e1814f941df7849,0,0.0014715552
2ef0dbe7d8e206e6ea91796dcc9523183d195d1bc2f7283c9b5a3ba64d376250,0,0.0041400227
7b4e23b26a7f5ee86f1c8bb36cb16d257122af8dbdb85d583dcd1b2039096540,0,0.0012693162
9d56967c9260b43a02c55468f0fd910a2182377f6a5d4d2ce11065803069d124,0,0.0049547753
98a9854d7b1e09c3dfccbb111cf147c1a05aa207d4d7280b700533453657fedc,0,6.6145374e-05
0c38935359d0cde7f0e2efce755ee394bdfb1d143a5bdafa072c8e32d0c1d022,0,0.00017513198
6f38aa2242c494627ca70a05725472e44a59c714989061591658adfdf56fb22e,0,0.0012369414
01dbff04e65ced5cf283aa12fd87766ce933fc7dc84869da4399b202f9c30bb0,0,0.00041143212
25a8ee700007888d2348178cd8b712485e37723b3d3a7deae43717f21fe39494,0,0.056481645
84d1c58d1c4493999282dc4528f41970f6c14794d6acc95613e628e07dc867e1,0,0.0028431234
17e59b573d80643e2b37ca2776da6daba46b48373de64f434644565e90300b33,0,0.0135310665
9b64260051e292d2256e7fe22a09c3a614cce045fe847080ae3e022f05e6e864,0,0.0028027827
7ea4bbe65fc7599cd1e900036926c63faaa5ce881ad5ef26aedd773ab257627c,0,0.037077136
e3b281c36ec2f2da4517405484d2d44b6b266a4cf0f9c005499ddb491a3bc2a5,0,0.0014294226
c0febebc59833dc117fca22873bcc8cd469d4a7b2d4b671d17e59ec57f9c1003,0,0.19771688
5b91787e462886ef08b5cbf5d89eb22431970fa070f4f4544ed8163070f7a087,0,0.02847904
63d09b933cf35cbad8e5780d2701226003be93c1d246b53a9fb5e968a5dc7260,0,0.019250637
2de278a00056bfe7f378b79e1ccde54137e6a7e1fa4ae048ad980ec1358b6eb2,0,0.017417438
0f9a55eaca003b64aebe2b400d4ce8cc3a6f04a233dd2b757306532a0099907b,0,0.0011261012
cf4c47ea0a31ce2e49631a39e82d2aeba474002bb3315c243ead5c4d7ad50815,0,0.025026696
775c3484979b2ddf60720a8b99d7db88ab05de860fe3f00e5c3361befbedcd95,0,0.058687124
2a6a48411640a4ac166f5df586b499e890bab6c8055d6290391207da0a9833a9,0,0.08118723
1eb3dbc4e31e0286332c5a76513befed2b5fe081607af6a371768dfe01c5d12c,0,0.00039511934
fcdcfa5de449774606e1630d0b69c34772b600be5f91c8e23fc86395bb4c8e99,0,0.0012195301
1334daab61e974636c76799f762b5b8f414a21ae835f96721d011f6202eb847a,0,0.0072968206
97e91ae61eeb98e91dbfdef049a93f4b6ec258c4ca2a7779879f56c3e70ebe4d,0,0.29171148
da60c2e7dd86a825ae1a6565a2a79713e1461abc4e05b0fcb48252929501c141,0,0.0056747757
3867e9af733980274e15b4e5adc40242fe1dd9a03386dc859f12795504c36117,0,0.009505806
c369dc3a695920982c5f99afd5fe3dd7e1f9203e46c81a8042fccbc53b9e0596,0,0.0022296114
804dede1b8a498596802e58cf539b52af79a5c4aa033be8230ff26718595bf1b,0,0.017530471
9a001ccf691d175ab4fa75a2fa1fcbd56a4d82b089a965e6c2923280319628ce,0,0.00027349524
ed241826ebf80ff86412a3b8107c612ee11bedc69bbc27e28e866ec43e24b93a,0,9.461696e-05
c10b3619cac35f3960cc2b63c2df3c226f57e7c0afbccc4b60df451293d32ee7,0,0.00010049336
9c03d04f9b3259e951f79dcc8764a94456167a68b7e446771c630c1a2c597f8d,0,0.0028025722
850d3fa7e466774ac5f97305eb4e267bc434f5ea9e989e5dc5ba7dc0142c42b0,0,0.0015513964
fe17f7d2427496bed1e9373f97e3bc532eccff8d2ae93c52c9d55e550c3eca34,0,0.0026193624
d61c5e3beeb33999421cdc81b7156cb5a29d3b25e5ac7cc4207b87e5599d6028,0,0.0006395787
8b6e21b79a10480531c1e95703f54f038f0b6c4ef1b9316d5358f83dacbdfe34,0,6.6145374e-05
db7ca70bea561ec74c8fa8c13109b6c92852bb25b6ecf2f3694e76a752b170f2,0,0.025348023
ec01b6e5b1f54f37112c0c4a58eaed81c7b06d0a9f1e7ed26ea84888906aa97d,0,0.000846957
63ec3201d816e8b9e34df092aaec2c25aa4b29a2cadc2085af2cbc901749356b,0,0.00117212
5e794ca92916c59840456fc8c6c93ec647276703dae88f3c5cb1aa8bd8c12dbf,0,0.00117212
b792f51600e085f9775e3687c087e1eb3baac9fb46a5464532302995654db750,0,0.0030536854
bfa3f430daa4a3022c7c46da86f33bb8ea80f6ee1561eb046af76f5ba6ee1891,0,0.0075525683
a9cf6137960d710ed8dd5f229787e0431eddf221eaaaf849661f2eea2d2a9209,0,0.18770753
ce28a63479bbc93a199730bfb5e7b9e791d341b4e6983b0c7e77c26abf5075aa,0,0.0009888433
8c6675da45b0e7361e8afc4976b8768cac370f76770d381fa71e4d2ce6ad4fdb,0,0.0018011121
4f53d536f5b31f9d987203cc7cabb4e0c469fad9bae9b1d534e11d5de7195e41,0,0.0047464836
37984c376a5998a0bc7dbcbd434d96af91007a8fc66770d9f67892e09bb129e7,0,0.0011511572
05d7fb5b40ca10c3da8f8eb264253dbeee321ea3b1c87a8e97d1367b487ca81c,0,0.2231467
ca150cf35ffb7d48c80de7651a0a491b9249080f2a797b4da0ebac465e818aa7,0,0.00024673084
ff3710d6ed85dce2766728fd8e674b5f6949dab5d5f0fcde3dca58c89e9d4f1e,0,0.010922497
8ff6936c4938d135f5da45b14724ec68c4ff1224fd67ef5d0a0c27e6ab4207a3,0,0.00010378016
a43ee18f171555108afbe2b979cdaeb3b79451a600ffe184ff3ac711340a34ce,0,0.0014676319
82e9714fd586f68be9e4bb7754bb62ab6aa1a3cd5697870e8684b0f749655bac,0,0.0020731713
eb2370c4e66e06c321b7cd05713eee802e2e9dfe95527f5bc85af009fc568fa1,0,0.0016491462
1cae026df8d7bf7663577ee7e7804a51cfeed2405131500e99e93a8285e07afd,0,0.00027349524
789b37d9960a65ef4fbb86728db3cd9eb1e475ddc8576a7a508dd5474b5c0074,0,0.008049441
f0521a5cfc1774a3142e58a425c3b1de87b32625d0ba0fcbd8a27a9f98d771c6,0,0.065044604
baad53f85800ee38b429884fbb9423dfbf72ad0e7148a56be3c3d1db6f2199be,0,0.0029556886
41ebccefcab8095e5dc355396c803af1af2cbeee45c8610e032e5780815482b6,0,0.3276723
9fb868d7e4859950e002e4d1193aa203fc03df0bbef6b945a4f242d5b32d5cc6,0,0.007245481
5fa783affec8d3656d56a5a1f5b40066461697cc85ab5f21201e41f4790c69f5,0,0.00050599553
874b0aee2a2424a0aa3323c5c175b814621781c7c6cb22800f838aa388a89dd4,0,0.0021165572
fcafa9ae6e3af08e10cb8ea13c56ca2bcdb1ef0e53b1dc6f619ad6ee8e7edc96,0,0.0040150937
7abab5f37e93ad16400bd28b1845aab2eed427fd4efbe1236c2fbfb3069a1c70,0,0.22849064
22d6d705f57fa642bd938c6edcb5d92b69caf4f46900c38e4a9e38b84c7cae5f,0,0.0004688547
398e320584b74ae63aad67141dd9111a05acddffc32fe5f2c8276152b54979cc,0,0.17061895
e50b2368c48f055ec5c10730ef90a714679dd63490d6a3571ec090b207971cc5,0,0.00072814716
24affa4319666c98fc5c4c6a3ffd40ce51cd3d3b64dc59c9a23e22b81252139a,0,0.0011381914
14f8631d8d08f03d74ed438e210203e0cf857c1c9fdf6a25afe40a8bbf5a9dca,0,0.012789351
ac0b734c9b722950b239509a2f695bf0358cade24559707245c5329a5451558d,0,0.49098244
a5e44f7eea11d0ec858d7040889c30a76fef90922e022cd61c4c337438260acf,0,0.012947526
205ed7e0c0d428dcd66a0a9ed9f9c01b19141134b84d9255f4450b2456d70167,0,0.0007022524
6c15db72f513a71c4e55c2970a35991b21be2ba4a5e987258f4507965eab419c,0,0.029796707
495b3369c314078944d4c13e43385f30678e86d64d350b3ba0f3e2bbc950082c,0,0.006356149
7096e96471b87620eafadddca13680286fc1346fb4a1d6036e8bfdaf23513ead,0,0.0075525683
e1b2003f17d65f9d4ee6518e6196ad04d9b57730c3537b2973ae965d4bf518da,0,0.0024746552
8a310a65445dd9e792b78d6721d198ea025d20798a7c9d6a612dc1f7240722b7,0,0.0020945289
6cbdc758b8dbaf73657b4611d03597f8cfdfa9e390614fb76a14c1ba94e91074,0,0.0028025722
31f2475d66ab962b75456e744ed306854b461a4d0ae3512aa5781cc4aef4ae88,0,7.2833354e-05
cf1602f168ee9f9c829e7d63d0d2642b705f59c692de8824554ddb4ba8a1de11,0,0.00027349524
bf1ae49fb6fe5a1a6727936e120e64131d9aca25c3ea7b4d0a0097538b78c2cb,0,0.001313019
84cfa906233448df95131cc359440dbff9cefaddf857d2a5ec7836f2d610c690,0,0.015301267
52e6e675827319c55b41a49c82791de7329ebd67628954cb4d472753a6187aa2,0,0.29054928
02358400184900ef384a6fa3ea892fcc604d2434052d97f55e1cdaaa12f70096,0,0.4143823
84253954fcdf33be0b83b156c316b39c1de5a6f878ac6f3199c1cba9a3bc2fae,1,0.74656415
ebae66ae5764ef867c96da0514e25c9118b3dede786e68bdfe65bbcadc6c8bb6,0,0.17142676
69f6584c000a4ec80ff8c4790f43d80b3e2ee67788842fdd39fd5be70fdb3d59,0,0.0024643138
21d4ec8ac635baea57c235483768147eb8aea8f6243915b6e1ee80af887f2747,0,0.00018505062
6d27efe1599daf59422cf4c50ac4d4fe1aca27685fc020598dbf3bb1de98e953,0,0.04725216
8d96e0272a869de2267ad2799c84ce64502316b1d0ce06415a70d61e8a3f0598,0,6.93112e-05
c9b79e297d330c39dcd7af72a48df1684b2330c513bfbefd2f961cfac2390090,0,0.018876318
5d52274b66503d978bba1ec9c6e6ae496bb114f9cd4cf8d355b73a6ac7aaf091,0,0.001328319
f0da04a8cac29fa02fc824c947070696593c4a2703934eb2a5bfa57638b8257a,0,0.00084775634
117acaaf1607e1aa72f41002603c5a21e321505897e1b2160dcd04db88f93e8b,0,0.0005570392
f1400f032a147eed57cdd50e352d67561ed05ead892e08b451b92d4fbb7a81b4,0,0.0017592667
505b24a45c97fa31c060bb1bf8a360717203d8ce2d438977476ce29e52b0b4ed,0,0.00034287854
093555bc94e8d177c01ddfade648bda357833ad20b6608725b5b7d9583f05fdb,0,0.58742166
ae43def9c60b95e2a3101f36ccee432048ee357d6c4529eadb6c09c33342b06c,0,6.170701e-05
b28a346cd24064e637afd3c82d71e8f616189807a292b7dba03d996219e9cd02,0,0.0034736358
e7d49a4c24ae364c6bbba94713f7e97ca6e60bfb88dd10416e231edebecf859e,0,0.0017311992
75899fc1c720a58151dc29e0f3c5571668c0a70ae61ed2dbd94c5a7e5c23443a,0,0.0065192804
de46715b7580f7acaf61a3e50f8efe8f0b425097d21bc2a07faeb50fc079d25e,0,0.03189689
b75c6fc3cf6bb7758622f0a477aa8c09976f3bf8c353f6399bdca8036b7572da,0,0.013103624
6b571e838ae9f7afbccb75de2c45ef657b95e103e7d40950e1f73259200c9d1e,0,0.0031736451
d6ed69221ffe6f6ab75d6d01c53b8ba1e66778970f384119a748f8ef1a3f62b4,0,0.2231467
08c7cf3c31afa9202a25459e9096aa757b7eb8dbec62a3a8c3fdb4b46bf62b42,0,0.00086181704
76d672d7245afa62750d00ed57009a341c5d2e31a5b738cefe222e199291b664,0,0.010439494
330f000ecc11867aaa338d052bd5ffe5a2d52688a8d480c2aecc94e00b3cf52f,0,0.0011857598
0a93be7246db2cb49834289063a4e8536606ccce08e5b376b00dd4acbd46178b,0,0.0058424473
8c8687c1ad29b6dc4ba65c72936aa291e083b224d75cb535d09f050011da1bc9,0,0.042510614
39b0afdae36c6301fe8a77ccf9a84832096bb616c839cec89b8a4ac519880ca6,0,0.0019227235
4f4ddeacc812c8aebeede342e335689b5b862dc1cba417112b9c52bc469f7933,0,0.08071169
2a8de819d7b9d892aa783aaf2a614fc89020293d6a35f3d9bf49ef6b6002485f,0,0.007826894
e052ebe3655d96435f5bb20e9ed5fa09b1c7bc42aa2b8a2bc4c925f2729202d1,0,0.049800586
b80762a0c4d369e4f59c3e531d8d411ba5ca503a6960d5166d9914076de88ddd,0,0.16373254
3fefacfad54900fe908e46a55840cbb2b27179eab45c56936b3b96c00a9b20b7,0,0.00065034773
8094f6497707b7eeb1197b42d98944a8b8230d7b4ef43cf341e61b9a12318815,0,0.024502877
f8bd23a66e985b804eebfb2569ed0be7bc52cbd67fe2919a48cbea7519a62358,0,0.0014271622
404a1befa23e4d65e1d24ca1d9a6c3aa8715b1280df83e8a971c5b05d776433e,0,0.0042161485
89a7a1b1961caf229978a433e5bc1e3c38385c6535b73b1daa94a5143819262e,0,0.06146171
6857575bac6a744f697b15ab7036455e30ed10b167dd8be31b8f66f7e8a5dc3c,0,0.050482012
29e8f440ce6a8ff6cad18a45f11b14f6eacbbbb063c61b398c2f165590175818,0,0.009471871
7927156547344eea8ac9968791bac9fd5bfedf79abe1ea01ab500ffcb2138f2f,0,0.15273596
9a63de3585c7caa93a593ae970904ceeefd71d7717b899daa5e18a62722db6e1,0,0.037836794
7120fd7a7f15b7a260366a8122c77070a80bc14bf28d34bc609439b2b52fdb64,0,0.00019059751
bfdede78843d8eeba1d12ae371afe1ca70e2b4a45933b261d218cd75b7f6f0db,0,0.0027724365
b26c66c246d69edfba075263bbe1247075f6effe6e812a4b46742d00d04ca4ba,0,0.0021419525
bd9cec7dd8cb650f8add61a15184b439043bae1bf8c9f247717fd9935e9e9995,0,0.0013147108
c33e43747a0c911ad786d22dc468d5cddd193331e2475c1a21a6c1406ced4195,0,0.0037821576
93d8ce0f40e4039a3bc4b41969359f32341466f1bd8b7b896ba4033c8c9c8fe4,0,0.001683247
b8cd52318ca44d4eb18a770bd0664662dd26232f0ef6eb0e12582df196bf54d2,1,0.9333768
3632f001789cd08f2a30029928e4d383d75940e92886f6d522433bd3e162150b,0,0.0005818867
fbeea64b9dcf6efbf69520e825886713337e25e574081c7667104c342fe16d6b,0,0.04679512
69ac81138acbb283e2100c523d64a5870553caa34980dd635154f881324114ea,0,0.21945287
2c32ff0cff057602ad0566122128feb7442cade7086d92a68afe138d9f2e1288,0,0.0047067706
fbcd65c45280bc33c088cffb23a80f4c51ac040bafe99eccfc37360e9c6352ae,0,0.0005226284
f785b5713b4cf3b0baa3a930bd4bbab3c5d80afc11ad1eed1ff2ee394972e458,0,0.0008763857
a2da069b37054c9395328139e800a291f2ee7dccae5dd3a914659aaf049b4a2c,0,0.0006691403
b4dce55a9073bc5730b39132fb8650a6e38cf210c1b59046adc018220338ae80,0,0.0035929726
155c0dfabe9bfd7fa0bd63d8f42abca102c1bbf0e3af8d5c82afba995d76fcae,0,0.02965612
f73f3f2f2bc31f4c34468af1ba6424f37dd1ebdec51abd36e063c214104a707e,0,0.026256207
1d6855e07a2e1b6ab355f3092c0ad2b6b5ce8080af57affe73bd106f95452e78,0,0.00027349524
388f49d2b9122323778854bdb7e21e1a852034c0d2d128abac43a58ef156c1f0,0,0.00034287854
507896600607c546fcc7504def4c834ddcbbae7dab2c368b1ce78b3255706e23,0,0.0006949009
8894f9e010cbf61750e81ed94f10fa18241afa0d935894531e5b8b935105c9fc,0,0.0011847533
9d6fbf35dcefa98bc4fe969c7b39dce4b2a7b30c94e37fc0a1e0fab34558d4a9,0,0.0024802326
080395bd630179f190c1a55c0f4cbbe177c6e877bc44a12afaa309877ca1d728,0,0.00020414281
3ccdea3e34d662ce08edfbab1844cf0cca90e57a5d550c07ffc0a5a815f9db9d,0,0.00034661178
f36b1a520146cd6586f4015dfdab0925f4cb4ccfcde8924af03be8aab4481451,0,0.009304438
e0702d1298ab470ec044d7b81f22adf9486d4576963147108ab47e1c072892ee,0,0.00010388571
0dc8fa0709ab0da055923c1df8210dcfcd4ba05403e41923b27f7d8484b71db2,0,0.0006514591
bd267145abf09753ab13a54c49506197bdd38f33538ba77bd1c727985b8b9445,0,0.007886528
ed9556a3c149075fdcfbc55ca248074b718ab6a29cc2b332a7984c17cbcf5158,0,0.0012106409
cfc047eb9f2b46faa1c92b8e1c84bf85cee42b0bce1b26708d3cff45f4d9c8f6,0,0.272538
376669c60d0443b1e4d303ec2c5014c9575a611a34b1f4edff9020de5baf5548,0,0.064471945
d40d2499d0c14c925f41f366c27d1100bf05c35a939a343be2d12db54e73c644,0,0.0025914563
89f03bb3ae7bc2796ab85e8b6d5df2b2bfa7e125600f66dc1f0c3007c9ea80b9,0,0.0104375975
32f4405c5e82e7d23019fdfb4216c7849f9935117ccc6dfa060e527331328218,0,0.0025093309
f019ed100a7e9990af4f90985106296fedd9a72b0b670f99185d8c2732cd1bf6,0,0.0005525861
7f0f086e452344576db19b0696e4970ffae71f092715a635e5a549f947866596,0,0.11617299
172988341716f0f978a0817bd8179d7e2afa1b21984a0886a9b96a22b00701ec,0,0.0010503792
dfd78819e7dc57ae2ac17b6b7c077686c6eca6113bbbf7b9fa879ea730186d9b,0,0.015531628
9ba23bf2bdcc68400159179c5d80eb8a0341415acf1cf566faa42680c37e3534,0,0.000193199
5409eb0222fc8727971cf10eb9cce38061ce2a0e11b676fec4e0b2d16332ecb5,0,0.0069543775
0fdf9c7d5b6378391c273c4b4aa337961254d8f6b8a9c46896f35cf9b2c76f6a,0,0.0004688547
705ba45df1cface899cb312ca2c21fb4107493a6841f24ad621c1ab1acbb80c3,0,0.003170093
6d704babfc4f9b9f0095ca76e3e2dbabdfc8e14b3acbf8829e6e6ba9aaaf82ff,0,0.008020237
03366aea29af3df871692a67d7aaf35c57c5222a9d49dd2452cccf8833844520,0,0.0031480722
1c68e369d66fc61c0635973f7e5c19c7072ac4bff06a8921d0155f1c64fbd6ec,0,0.01902495
2e1aca9baede26e15a75ba66a530983da6609d2f5526fd859968943ff4c417a8,0,0.000236677
dfe9f8e7b81852cdef9e6531ed51af33d51c8a775f289f7074bfe09ab5d292aa,0,0.005567923
66e4f26dc24ae1e0bbe67d6efda350b868ed370b2f84214f783cf2520d5206c1,0,0.03008346
6cfbafa01a0349d9ad7e320b9082919b7960306966cb0f0735fcef61b5737732,0,0.006541158
035305e5ec38c76877ddc4e6064db9c9f973c506fa8c2a9822901c8e1d4eb5c8,0,0.7331048
0796fbb2b9ca0467a7ac7a9812ad11524ffb9b586d908cc3bcc6e4aab7dbdac2,0,0.06873097
3771772c5a12e9faa8a1110407454af5afeceddabfeecd5a01787a365246e07e,0,0.0051253336
ec248070f2ff07291789d0228f0b0e4a4de5562d036cf8bd01daae38c0c9222f,1,0.09199692
09db1504191d1adcf814fb8cd547cbe717313e299c9ab25b9dae79df8860fc92,0,0.008443662
78e4682785da9fd81dbbee0ab521f0d229ddd6b9b04c8d7dc770c9ddac89e42c,0,0.010287078
2b8adb5d980c84c376acba4ca78df2b6ef7c0c9d7d6cfe595e8dbc0d870da89a,0,0.050088875
52d86095e79e56b76786afa85e0e63baac31f675c39009caabe2cb8e68ecfa18,0,0.0072521204
485b66381171788e03de06f2084e40da2650e564c1b276c871cc1dbfac74a053,0,0.0012729344
6c505d9572a3c84004ce5ba8dfa184876e7685e809f7c07294b1ac97bb054bf8,0,0.0015773238
234f6a4920f2b54048e70536b910e61e46d0bfe777d475ba3a71fbd969708d8c,0,0.007458924
8f20e5bef5787547f35eaa32ccdc376b614f67643bf15defc161d0bfa15d28f7,0,0.33939326
33130e718be2560cf10ee2d1c5e7f34b77b61e89ad923167abfeaec2648b8323,0,0.0007658588
b5088f0f6532505be22b8f074ae9347031ad3daeca621fd26f67a8e8c3e1fb6a,0,0.12389325
ce9df5032e12102fe112c36c5ee03db2e7c56631f332764d0b308c0b1e990213,0,0.0034309372
b53d5269bb811b3a723ee4e70f6839b61b9f71ff26a7bbba30ef1d08688dcd81,0,0.005220715
87d0d343f69e900554bef5b3eb658ab2832202e87c0f961e026bb93e2b8af9f8,0,0.021194369
4df9328ac4ced7c72a368d079b1349698daaa37417092a694924eefc262ab0a0,0,0.6317006
0467fb8b32aa04a39a353f5ca5812e4968fda397895868dbd05d237206728291,0,0.0020176384
2ab7198b196ced030e1a3f86dc90252b596e213ad4a4043e6ff81e8ccbedef35,0,0.0065447376
ff452be69ec59c3663334fad1c36808ec1c85bf926a90dcb124fb7c4a2d924a0,0,0.030986793
23e035734d7f52a08588d7410064f3ee1404ec89626a5d522db605b9b1b4ef31,0,0.0089590475
d9105e65da445860a18eb7092d6c383706c2fc44d2b73b9064c6c33f203bbc08,0,0.010668836
603b10738643664c586ca36b3b62c4dc427fd344d7124e3eb53ea2555c12a908,0,0.2631859
3a9e9a174a4a9e528162b8878c11d8544fa8c4101cce903c9fec39702a259a8d,0,0.007112655
da8a96648604118a49d2675af11fc4fc022af5edb981e3d6b656a5cda8d6e5c9,0,0.00064991775
4615fa30dd4900e303fa3706fdfac17f677047c787038002fbb8e022b8c89e5c,0,0.0013426674
c28f652b51c68c98dc57429f1560865beb56abb009aeba4248414b2e2cf8a796,0,0.0031079238
e73595c36372a82cf0f50f8795cab672ce0efbec0b4adcbf394712e0a9e02c92,0,0.005782971
cd94007ce0748bf577c34d0795ea6f46aa6794e62e532c64a98a0974908faf30,0,0.003415123
0beae07ab97c66b3d00a8aa8bc1b2425ec3e5156a13ec0e7af28d1738fb9adb0,0,0.002148337
996ff8ef7f5feb6c363f20af7ce7faf4d9d3e155b29674cb54b59c965b9bd55c,0,0.0013998342
a19e5b11c1dcef22a3ec6251de4a8fda4d24bc3062823e9b06919c60e4da10d1,0,0.29054928
d6af45cae0130236da9887bd728b77e707c72e7702ed81d7558d3279bda0db85,0,0.00017513198
ed54b8a7809cace045ae77402196955feeb29f0639868451d4b9832432177dde,0,0.12389325
15ad17772746db875faa560c861d2e001f0e5fabd33898cf3ea46b509d36c4a9,0,0.008857903
4ede2291c142e717364037a4de05170202bef479546ed83ea221959da3d3d220,0,0.0008435698
303968732543d278a8f2e97aecbf00b7647ef95ad986ba22b0dad6131c86cf40,0,0.009138992
826fd4866e2e30eaf37a1f8b75b92edf5f6d4a36b322e10ccdbda69e5a18cae5,0,0.29054928
7346cb266201094918dc47be1f82d3f3a249b31cdde9324a8e3b2dbf99fdae13,0,0.008101788
4b6cf297f07cfb56900183b2562a97248420b42104f0d8f64d8fba2025c46c2d,0,0.10641555
c54c4949719b7580689f73124d442b8506b4213c07ee95692e55affe20ac3e91,0,0.0008871023
82d1b7b0a0cec1c7c06bad69301c06a0c2e618cdee009ee30062e5d4404d6c5d,0,0.00018505062
ce14d0bdde06f684a3a70d00dacbbe8a17d2b36a5bc78b3d85aaae4c6ec2ac85,1,0.010563913
efd9bda99341f7ea08171c3eafac6ec6cce894fe9c09a127e582c6c98ad30a6e,0,0.0014793659
e5663cf13d7b32eb4fade28fc7f1d534e9f3119a94797ea3e7647921227ff093,0,0.00783351
98edc33f769d8a7a62d15e020f589a6e3a9d43629ffd05de019602a06619ca03,0,0.014932026
f4b9e878450d6b0e018931dcdd6738d81b2058c0ccc6d2fc3e3c80492a1c2162,0,0.005631261
32ace3d7db6506a5396424e2f0a3b3b9337001658f399697b4c6724a0414f2db,0,0.031666405
337c5eb27ec07860d077b6b1b17c38400614099f0753577a70681babe6283c67,0,0.009677557
7fb334952ae15113852c9275f0e5bc15020679a3c0a736b9598650df426ee742,0,0.0011984246
fe33f6fa5e1d6c60bd2d017173969ec60d5f116a5e590bb56b011a04eb01f02c,1,0.9463852
5d8c90f88ad663e6f8765130bd01445a67aa51b999b4fa0484a3004a29a4d174,0,0.005833605
2668b0a0e34f145e20759556b6465ba990607e910135d8566999fe3422601a67,0,0.002346912
4bafd8bbbe8c12bb0a4935420bd4174104046466682e70a8d7f43af56db41645,0,0.027246369
2f2fadfc2880baa1bced4bea61a210be03b67b02f6e4b34b2fccab9d70322729,0,0.000105497755
da5e85842b7f0bb7b71bc10dd2fe058d17bf7e14e2801c4832067de96f9a09ea,0,0.0001120287
8f6a1c9958a2a90c78c31ced6f8162bc4be4c187913a8abb5754cb2ee61323d4,0,0.002490424
880c8852aaf31868bbdfe32b66d28faa4145c4379dd7f8c3a600cb9f8a751929,0,0.006950743
0880710599d090537b64b6e172cefba7db6776296b0802045870d6f6a354c32a,0,0.0039829887
d34f9f9aedc4de4493597f402c689062cdd43a1780024cf7bf3e0ddfb0e4524f,0,0.0025331103
112fcca3e9c6b92d2549328659f7d7f7d2cc52aa8105529038c22350f851aab0,0,0.00027349524
c7cdc8fbfad52af5af34cb1a9421977eaf53959473e4fa891a157de64be5148c,0,0.0012106409
3b6eb1c2c4d05498772ffa48fd38eeaf5bbc40a7ef611268944d236f1207bd79,0,0.009086261
42cdad7933094fcdaa1bf6d30f0220e05c78dedbb97d31e72e3b706bd8a6d40e,0,6.980677e-05
5fce49c9d623e113ea90156fb898a9fb680ab5836815f7e2fa33f0d31eff300f,0,0.014707116
3fd003f6ec7ca9e133f7af0e2abca5e4f6118ea8497f8bc1a3ee85d3f0907dbe,0,0.014198452
cbbcaf5745b4b34e89c664b57ebf29d98885208796e35dd90dc14396257e3cf4,0,1.704421e-05
d8679592db3bbb1e9ca7d5df9cbf14e72af014b9e933368cd91872301b2ab83f,0,0.0011438859
7dd0d7188a57d9678dffa8d0742a3a493c4d779c8238ffaa7da999ab62172daf,0,7.261172e-05
8223b5861b38ea4112da127aef340569893d864e4f6df1f409c15517e814428b,0,0.025150072
eb163ae1877fccb1a5ad981e43be5e516c2acfc5a2e3646715b9643bc5b702c9,0,0.0004781785
08ac901e781a62adc9f2de84f0e57d147260d64901a7bb4681c57d2864784cdf,0,0.14118353
18d2acd6962bcf857535298a5c24676fd3724f010b764fc8a0008dda30d53f20,0,0.0019293616
57739efdd8e023156e13dc5e81bb21ca39a9b8494a07f6e158f64e55a0af29da,0,0.005506636
c76aa85788c6122430eb8b3078918da5f47762981bb9ce6a5cfaa3e6d6a16001,0,9.831705e-05
5308f3f1407ca7505634a647cf4b4c5df3c8760fd0f41c1fa2d6d748620aef0b,1,0.009101352
ac0e4055f60f683f0a298fe1aacd6f50479921a4b95cfcc5beab99714779919d,0,0.0005069811
e27d3c8db61b70069eecbe683122d4da0bee267295e31b223ad1a2f495b508b4,0,0.00045053006
e8ac46fade621eb404c5ebd0256f3762cd994fa1068b43f3af761cd341dcbabe,1,0.99804306
3fa2ceb4f4907c6843d207d08c311d602133c70c065b7473cec13f3d6d392e47,0,0.013529221
a692ed4ecec687f51317c676741721c61a9327c1c1c9c588dd5601b91cd69299,0,0.0005644571
6f1e4f1e02a462d6e3a666ff4fa4ce3511a4238dc78280e924a1007774f9d9f7,0,0.0016840156
7fe13fe11f4af4a174b8b1692e57e767d6926a7091baad51f9ed816683b7e407,0,0.002649811
c2da65cc191067220c88f9b4034a3d4ddab4705021df782f1196f9a82c03364a,0,0.000117212374
a402357b273af7107ff0894a379482efb48094303a9fc2b01ca64428195fb6a3,0,0.00015227226
40bb3a6798557c6bbaa3b3ccee7487dfc873473bb6ae944f0f67b87a3f0bef1f,0,0.76441616
51eec0a4227c9fabbb519df51f099051673b122e9f5901505b8830dbff3a111d,0,0.0060089254
f95a480e325b0c5807d61520f9b4fbdecd3287b070474f00a2553847bca01bbc,0,0.0012106409
fa8ee79c368c926634216cc97589b7c79dc4971dddb3ad01195f1f3bdbbedfd1,0,0.0032103918
8608f2ed063bcd215a961c2b800c14173486752e958b45dc77662c59576b6e88,1,0.0059863427
b4d36493cb0da374ebb3dcf91338d5b9b9c936e546b000f421c95a11c7e9ac07,0,0.002637538
297ea8016cf510cbc30c6e7eb277c6d28815a37c713ce2d9ad844955ab28fa0b,0,0.012500295
0043a70f984304ec53930f8210e791d71bd155cd64078ecd7af17601b2beccda,0,0.0018108728
971dcbf62c3c7a103af7c8d90e0bcd823d9b35b8ab89ddea4f1f060e642f60b3,0,0.0018111747
a9587e5ba3c17266ee42c1ba8b51a245e163691baf29bd13e3afb746ba50baaf,0,0.06611564
903831c475c0674ba2a918a62c3e3d65b8ddc77902b55d959cdf10a84f1c33af,0,0.025616884
c8490ca8d80cadde8115df42e49300bcef08832890a620b3a858604d675bb4e3,0,0.003396196
38703b5b758d7719aaad144db34fdf8c1625376bd6f3ed525126bf9e9c33a0f5,0,0.00076046947
ca13b9cac883b2c9a27e8238453d0fab0dc6ea347a5ad2a82970aa840ac82b7d,1,0.8602298
8da7ab66d8418174afab2688493fb2489ce8c6c590e7c7f00b2704cb02ff276c,0,0.030011775
a01c7ddb6917363b222e2dd8b9d4afe8a41016cd0d3d9fd10e5c333bf4c7c61c,0,0.0016873771
6d838ac6540d66e4758c49d312c7552822b34dbed974d9a3f2652bad99cb5ee7,0,0.0009356626
82b18e0bead007ba6b4b8b084868a2c0cadb8f919b0872303079ccf5f8efdf76,0,0.0022602451
0111ab6951f544e6b0292cd2dfd7f14adfbd39aeddd3b087e45508f405c0757f,0,0.00034679836
a4cbc9df67be15a446e7b8074561c79fb458db9c9604d19bf8b7041f21f36ea9,0,0.0046665776
d6c142722504ae7279cc61a0379ae35bb081428ab50ba9dc5fdb4892e2713cc4,0,0.06304349
b4501e506a0db40e5a8582f198c83151623e0a9040564ce47864542a79c7dc0c,0,0.003028248
69f228a3e973749c80c308d4d98a31d0c8710aa74e8194775656b2e2f78cc3b7,0,0.01615792
08a23a5378a1932806afdfe4b0ca40078473b46a312f8965f34183e88b750613,0,0.021093218
aa113279707f4941f052aaaa2cff310a41655824319929fae0cec1fedf917ac7,0,0.06453414
03a7093067c8ebd55e7cbfb7b21d538415e04cf390f8a497c351684b1219b1ee,0,0.009505806
d302b4ead4202f24b63a84cdebd1fe08f550eaf20b51358bbaa429081d5e7768,0,0.00022037972
7c2c45ba8b349b1d447b4c5bb4424e303ea8d9908b100baa87164a7dd3b230a0,0,0.00025121385
a00817aed8db70b5a058c62bb4e1ba71bee9c1c55a2a5ba0c2aaa3fc7d2680fc,0,0.00025121385
4fbe331b31cf67ccc0d08a0acdd7c8911729289aea0884477607d0a2c5fef329,0,0.0007117019
0e111b678aeaa1560e727971707d477cb79775cd87c2f86e31f74a6bf1666c90,0,0.015028647
77d4e718b49e64ebaf1327909afb7aefc378f6029f9fe364a02c6739589f5654,0,0.00025121385
fb24d316f119487edff9dfb8247f3dd2b77252c879e6e8fd22bad614ddec3ea1,0,0.0005201612
29d5e1f07df6273ecaef06375b461c80b4bf64ded84ec7a0f580bb342ccd13db,0,0.7564247
c3527eabdfbb48001e521ad802c68826a1df81d8913a061cb774ee59e2b03d50,0,0.011780657
31afdbec7e542af9a87eb184e7c743f46eb2f03d5ec6383d277803838b2a9df0,0,0.028825767
777944506bda4062f2592b03f3f38f17de72bd74d5f151ab6bfe39f38332f1f1,0,0.11235744
3d8e49179efb45fe2a3a661c83142a730a43dd4fdd8d206d590a671ed09d14b2,0,0.008296058
596b9ff944e5245765fd91b4fb29b5211c162769e1831434d31b5b2c4179f123,0,0.0028014702
6cb34139f30fd4e7fa8412313fab792fdc6c902a08cf5964ac4c71ca5f6037a5,0,0.0036229196
5760cdebbb6cd1541aee3e6fa1c6c6b09c531026ee60a974bbe303aa8a81f654,0,0.01561204
a4c10259b24cb03247790cba28a88751d4171e33e4560d054bb52ed13a79dabd,0,0.1797696
d8ef30b212730e7c005250f3f9a8bcee4afd1605b66efaa15f7f59a89cffa9b5,0,0.00022417023
9420b55e1d432519da6eff1396ce6e2cfcc83b1b4e71b18b87a04f8454e1f639,1,0.5408723
2174f68400a06e596b1379569e1601a54df467ab5fed88aa6a64981808017d4e,0,0.4667906
dd6aee4ec8c8385eb36d9c7f09d6529e240a2fc7ff7947c70be36b116dfe6c90,0,0.0047503165
59aeb2f53dd06136be66386817dea49711df64e33737fb336a10a55be90cfbf8,0,0.003451904
13a3aae157e6d178fffbfba33eee3b5c503d91b0832636329690f18414afb50a,0,0.015461999
a83f81696ef08061ed2ff7f8e4e399db6febb44973e28044eca5abfae51cda3f,0,0.0023756216
58764564b8cb98a459e3300e01e91a35c06f9ed6e646295144c5c8a6b82e2cc4,0,0.0010777042
c2eac72dd80d580980e51c0681a86a241b7b80054f3912693ea10e6b22eee613,0,0.0029387875
f9da94b6dd7584a4926e5a14fb77ebaf7b8bd9ad6e770b36a0c62436da749755,0,0.98719645
4a801e8c096ebdd649163078a060d17a3d767d1ba01b3e3b506a0b0f88844a0c,0,0.03276492
66f84a75896c1301fa290a1ba6254bc65b1a5acc52e0a740fa730a35feeb31bc,0,0.0015369745
cb119d270efad8c66a6e588a09f79748c20702784a2d5a16cf2af779018ed380,0,0.0037511026
cd9cf21949af742a2cfe98c8c7ea1699dc709c66b24592cec1b01fe35996d1cb,0,0.0014626948
ca6413ea089c7c0045629e6cb09a9cadcac58eff9df56f772b71160560a1708f,0,0.027491974
e4484584529df6abcbfcba6883dd337cfc1258988cbbbe9a1cb4e861e1b58043,0,0.001716891
a891572ce5dc3054e525a88a3ceb6615f8bb558cdbf3aa5daa2a3d09edc33462,0,0.036926072
61093c5733067de64be48a690deb73210f2fffe8a5684839209c8b7f01d09423,0,0.00031179225
3eb52d2d214b07af255360a54f9e610561624bb3c27e2cc4e6216bf238bb288c,0,0.13790123
9714b764d7de03185bf248522ad27cb7fa49fc944bdc4d0526ab60b53e5f677b,0,0.0029845766
4be9bb4274c11086caa947a98a5129a8ac8d97d482bed3dcabf5c14c4e05e05d,0,0.00050872524
e1b9073bbc93f3999182ba2bbee677372741e7e23a9c05fa707fcc603524d307,0,0.0030536854
1361e7254165b3110e7cbadf1a99bc7c37405f69d35e245d61afcca02f4bd7ba,0,0.69801164
ad6f14257c40cdd0d3578a01574531892e6227f380eca62b3ef4bf2af8c1f1e5,0,0.032996263
1935b31feec5fc7dced8d89691132aa0586fe345877654fc4149546bfe6056cd,0,0.032996263
39dbc77662f14e890dab51fa25857b30dd7fc55ae42477661b58cc72f66d079f,0,0.032996263
3fb17316618a042cdb6d6665f4d592a0bc89005f9e5f30a923b5e741a15fc202,0,0.0043445285
cc31c3902eee50473f6d5a7321e660dd6bf6e023c98c750cfe708d76c3c0b2bb,0,0.032996263
0e2ce25f34ee77be3410106a8c0bbfa964c2a89f9e978a9dd186b130c7b052e6,0,0.032996263
3006797e53fd0a86a32abd8a3b42b68ff6cfda412ef4102bee2dc95c2ca41557,0,0.0006155889
9fab5b3a0743be28ce9e67c7941228bff1f4f4d88a64b525e7f21120b1167cb4,0,0.015465564
8c45447100807a8777fe74dc0e4192262c14e577e1f245980b6b11645d34e748,0,0.0024649866
5edd19e5c05b17bb1559794dc35ed65d2f5da185bb0c21bde7f467a225406d1e,0,0.0005791407
223d3da16fb196fbc327e1a96f785f4c8a6d21740e53962c28ef80b7d49b6841,0,0.022262337
d5fb74d69298d82ec620199d800a0f2c7a304cce7489128d62221c103607dc05,0,0.0010895826
09b3b10d7b6711e4d9344586079dcc0d9d52f67be1b5acb14b23172d0d562fb1,0,6.8060916e-05
022b33a75fff4c134c620c76afde72904bd960723b21ef5721141688910903be,0,0.009677557
18fa982f4429106a7637e20f9b2299372a449b0ace69891d449bbba0eddde1b1,0,0.0005197228
d040d1ca3076f98ee20c13214a3668abad0324647b0ffc778995643d14d6519a,0,0.00033588527
a7d0cf65b3aa21880185eee6308743a649bb1a479c4cd8aee5ee41470b2ccbc5,0,0.003736897
a54a23ec5149d031a308fac82ff763caf2bf31974c898354449c2c2ce138052e,1,0.70993924
e89dfa43af6a79b8c06323c225fba7aac9854ffb615bdd44824139260cf079c1,1,0.19445896
cb8cf7fbb34e936ecec61e58bd909291acc1e7f48bb0614ed694905c889cf4e0,0,0.0025914563
8588238c9a5a00aa542906b6ec7e6d5541d9ffb9b5d0f6e1bc0e365e2303079e,0,0.0059855795
d74d83e070c78b07687e3c2c98d6b47ef7fb3c773d8d576a614d23d32f486503,0,0.08605135
e798a08c2f21c4b653695fc52c7e3ec47e6949367753a22e69f0f1bdcbc24a80,0,0.0010735298
17df3ee66ad90fe7fe4a6fd1f0dec74e1ccfede1670cb67cee5e2deb53e6330b,0,0.0022296114
b66fd5516908e51b4e5b51d20eefa402a95815fb2eb66064474530f03a9cf120,0,0.1545535
a34c5076fe48f36c83057f0546e667106b6067c63f6653f6b51fc66d239fc122,1,0.50195235
7e4c5f865b61ae79faae75e0da0151f9663a8f0bad5f5b1edc21c1bf73176d31,0,0.09661927
c776d8757f308520d33006bf8d0c84b896a879f78ffc28dd732ec0dc4038e64a,0,0.0004688547
885031b4b079f0ad8ccab37ae8431828c407378de1af6f98393a3991a30237bc,0,0.0055251312
e8ca85769a25c47db1a4b87d84203c25ccdc1cac351c17a40ae2289446df58cd,0,0.004990022
d774c57c261dee507823abf096d4ecee3f21b5e3e5ed57eed732a68336715df1,0,0.036977638
14182a7a8f3d27319bdaa5908764c9f2b9faa0459c5e4f31508638cc69beb0ca,0,0.04499802
e50d4fbf1a8da767565758c706dd1d898b140adea2c3136485beb65b587ca3cd,0,0.02585322
33265d08644f3720b7a8b1194dac2b4c8ad2fc5ca609c62d0ebf34938d014096,0,0.050343443
526d337777c7324afe72db6bb1502a8ec3be0680d53abded97503d025b8dc2f9,1,0.820099
2004ed5691337ad45b7690757df11c796c8c16dc9727f0864272f0f92649bf30,0,0.0031918823
262aa2e2cf5c6ee027c9b91e6841eb8ff161cc1177cd55dfb9af1ff4b882e8c3,0,0.66434264
7158e4b3a4e7d85afed13dda6ea5f2d49a5a2b2622d602a6af4d6bcae5c378b9,0,0.0009116304
b6759a057f9d0bd02111bb268d14c9b114c8743642cdd91a872e1784b474329f,0,0.024692826
5bf3e8365a28a99b268507d317462786c3acce512ed316b495a9d2fa242531a5,0,0.00043566356
61ee550296020432d55751325b2b403f9201b415e327390d8f81662dd4606591,0,0.14690603
9de5151f33df10a967adc74f328976be1b22e5f842aaade6819c11deb1cf550c,0,0.2611067
aec24ae4a1d0202dd84afc729a53bda2d5c395c992f0c1c9206e47b0b8c29c7a,0,0.003443192
5beca5a5800b5bea81cb12507d26afaaa662df16b0c0d0956e2c9c52d01e5f4d,0,0.0016880543
124c69592dc667f20e45a2c3074f28941d4c2baee674c27282fec2f1e03a194e,0,0.048463415
664b69fa4baa087b3e4e8a32d49f371af42d26380cba60ca236d807840dca8dd,0,0.00017487767
b4dd041ade09e64c4e2184918b411a8414d1e3e1b5c8e193198807c16a5e6334,0,0.0025739071
ae8d4027ba8653faeaa56b834d71583b073bf54f6716cb0a644ea660dabe6434,0,0.0002491444
8bfa78244e002faa490f013841143d3b2c695d63ff88295b2afca4688d28618c,0,0.0012447633
1753cd530d3a5ee0a88614accee1e3b138b0bcc7600f97573c13b731e867ed96,0,0.0011225182
193bc2489138e6bc038a21eb26990234ac744825c16d32f8a20567e27401a9d8,0,0.019010898
b98edad186a31190e87e66122fbf90d54c850742ca18a51696797b223e380090,0,0.002649811
f4c6dc7b79160bd159fb221bb37483996556d9505ab49c0e8dd2a8456d25e608,0,0.010436263
82e0434a347163f77901ff9090f55639bcd0f19934bb2542262dbc0f26156e13,0,0.002416152
a33a28b5c2126bcab456006d838cbaabf20c95399f7c23cbbab937a9b9ac0217,0,0.0016289746
15c585c66f88d8a0216e36bdf0f307d6c086b96c51e4debf8bbddc815ea2f43a,0,0.004339641
cd227f3742155e1fc4eafdb461ea1adb6c5c7fad50440ad7531bdffb443dbfdf,0,0.023478165
323c3604a0e8652a31d3fe6b502b329d1483340607315d3d8349a4050b9a8c1c,0,0.004339641
652988df1b298c70a748f4e74f01ce786dd92bb592cd3586113f2ebce0feb97e,0,0.9215883
48553837a6530bdde90b12b2e13c4d676e0af557b536bd35e44f2a30615e2383,0,0.0007004804
365663f118762d71f39e5894b13cbbce32e2318b6093705393ebfcc547e7e3a2,0,0.0012837878
188bee25eac84ef62547f938af664a3f2ad7f70240943bdacfd39ad8d57bab77,0,0.0007004804
b399c3a2d44bc782c8b73843f41c2a236159205b21835a5cb4e8f566f28d37ab,0,0.00045020675
cfb04c12b8fcd01168d63d13808c20ea5bae2563786ee2de0e23c82f893c3596,0,0.0039806436
dd37d75aa761ab4cc5b5d3de67e203b795fa79639cff375d1cc6cdc0f29076f4,0,0.0028025722
c261390e25d91f294d3a4bd7d482e1235785bb5b9639c2273f1125e9837895de,0,0.00019789588
279357046d8706e47b5be4be967eeb42d01e77c0437315090906d190abb3c390,0,0.0020881451
e6269b73ea69cffd3b4666121b0ed6489723ded6eeba48f5f62f0eeb37c03601,0,0.9209164
c9249328b7ec0b2d63c0f025cbeec726ccb26a306228987d0cee7e450d622447,0,0.004573584
73b1e7d83bd793bdd6f9a45f1342e92f8e13df27e613227f12fb4999b3567d79,0,0.012083735
a754cdfdcecd34a386ade262e8dc323a6af3f4acba5d6c06abe7c679a8bd62fe,0,0.0004956519
b73565b96d1cab7d132ff42ad6e9d31c956a1cbc0a0e5c254d0f5e61c3a267da,0,0.00017513198
a5c2cf8dac6664a9964f9fd2cb9ab90389a327a4f22b34bb08b21a5b2dce6db5,0,0.006385734
a1979ce2e24972cba26fd525efa76dcf422969190a6c1276bed00d2fe6a04fd1,0,0.010968455
1ba2afc3ad99bd914364d0ad7fe0831d3d0507b83ade08027ce20ac76e70f58e,0,0.0034686823
70f53e8a4d1efb4e74a184fdea618603ff55b0a171e189fc989da909f996421f,0,0.02003713
ad3ca1a4b4bf2631369b3d958d4803016cc68dc1e61267340c24ec18c7c9f57b,0,0.0014854536
e76f0070b65a2cb2c15c9810d6408cd28b7408ccda5982349b653d8ac51fef61,0,0.13082671
6058d5923957f4e3d414d32a8006bb233757ebe2a874f0bb9b72b79a4d0e17d1,0,0.0056572948
8565a9ded2c05b155547b6bf9ec2c5919b227edc3044c3a227a7fce999de1755,0,0.004772096
6a3aee73fa1cf88cd3179b9eb6b5d2d369d5c762a577292e49745d5d703234b8,0,0.0017979573
e70f1e79daeebc2a3b25afedc378fc35574f33d6e03f0cf4b2dceb8c3ff67f30,0,0.004318524
10269af4d65a19cef8d9960743bb86f613a26a3da2a2468b9acbd6fab1996d30,0,0.00018505062
c287d3dc45d3679cb5dccdaf8e77a68a1b62539a28d567a9b385b7c05bdb992a,0,0.068641596
4722c50b0d4282121535031d681e94084511dc7e0cbea84d13d26dd2c31541dc,0,0.0010504649
fe42f0a1184f2e81129b0322377ddfa28562ce237c99f0054139577a149d63c6,0,0.00010791055
b73f96c0746c8c66b8aa6908fa14edd514551861e35a5c8c8fb86a8d769e9688,0,0.03085306
2e9c82a1d0cc62f8b676b092eddd1e05041e5c42f30be925918222db14cc5450,0,0.033782016
aab4ce65145ac115d75cf14e62bd97f538602237b7d4bd2449affecf4a6d607e,0,0.0008763857
e10649bd3a9b69994b61aa5433e5ecd77b405cd5c9af178fae9ca2283c65f9f8,0,0.00012769719
5c54b7375b77b87988575c0bd3521712babf7289a019754fd9f2b0e9b606ada7,0,0.0013019999
2c6c9fece2613a8686bb693c38e7cc690427e110db128e7e7f6d9f70de34fcd8,0,0.003208253
3d5cca0de591d019e35c0211a6c888ba4797edf53787115d05569735550e8f21,0,0.012198511
db79ff1cd43576987da133d538e8e229546afbf1ef8081e75a7974288ddb9d41,0,0.0033155994
57d7821143c4e98454fa5b00398cc59ce6a4faa267790bfcdbc9f6bbe4d4e4c5,0,0.0028426042
7730fcc5ddec979888359d32d96b74f1335a4c393afa6ec0cf419b92d12060cc,0,0.079014674
3829e5982f85c0a31e94504386893939176db99dc0a218580dbce68fee6b0913,0,0.02794675
c6d51a512bb64d03afdb60ca542bb2cd3e50f35246fb9754b38f86da1cd5f788,0,0.079014674
c7173eb05be3e5708a4b0c3448d6a1d6f998e08bc2c4c96340ac226004ce768b,0,0.09382881
7acb7b6d51f4f336ccac2c4f67925e4e69caf2c559829bf1a2cf8bf877b28220,0,0.18846637
1db065865b7fc08020a6f473b803188303f88a2182b1ffc9625e7cfad2e692ae,0,0.0029387875
2ea8295a232ee273bbddf086175c0885d9c19511a485761d129717221d786c52,0,0.01984611
8e677c1a4dcea074c1d193bd32a31183d34c0bca2b660182420429e7d17494e7,0,0.0004957006
b03ace25b891aff2e1d8de92a0b21b452cbdb01e544785f065679e01c761172f,0,0.000107487955
3cf9d0794bff0e2f7f618687e86f2331ac1f0c56a9b8211f5f644c996d5ee06f,0,0.0124678165
abd9480ee7f9360e243f45b38da1fc7a936fb9ae06985c300b9d366646a13dea,0,0.0066435887
850d3627722e10453b0ddd5d536ab0efb32009d67925c752218654f431da1743,0,0.002938733
b082eafdbe9acec17ac7e493e38822d6699574673dafcbcd279e92c06fc3348c,0,0.010942265
fe981c262a9b58c165de963865b6500b092da5939ca787222b14515fd4e387ba,0,0.002488651
4bb0da6b60cfe16e090e18f00cdf6e232851df0f20e7036726c6cb64e559a8e4,0,0.002169833
9f9f0c85110456679a68c1bbeab5caaf1ace0f40608378d3168bb44bc0023408,0,0.0184608
a62a5c7de4299e03e10872f1cf287ab9fec45faf39441ca62b43718d63c1585f,0,0.004431829
13caeffb88e547a38faa1b54d82ada07a0b1c56fdcd9bd8d18a81b7eea4f9daf,0,0.00093331863
46fe3ebe373273800cf10bcbf1ce0e41387ed2e6729fcc501d1daf2e5cdbde0b,1,0.0011733058
45ce9babc3c94ff24fe8c25f79c74f4f8c729af900efe5118eba14152f405aae,0,0.010214708
65dea0ce9432f8fcaead74d8d54034161294d1d4deb5f31e6d88999ff8dcdca7,0,0.0035897135
96387d28eb1b8991f36ecef753219b663a24997dc29f7f4cd80cca683221b734,0,0.35540962
ba951f12617bfcfd3846d106fb45537456ad9946240c0c8eadaa57e24f328604,0,0.0011995318
51b01853d1bf2ec376ff6debffc21a8a97f9ff476d95f1913f5c5024ffdc88c0,0,0.0104659945
11f8aa33953391e0604d71ac9615fce99f35c81f0b76197d8f2d497faddb40a1,0,0.0052169967
03f7fd9d61b2880d58a4cf44cec1e5eaa61e9e8bb2db772bec7a528e2ed2f57a,0,0.060638335
7e41dae9e1eda63204c0d58231027b66bf7c03c33317e8734aef3a3be38a25d8,0,0.03085306
803aaf18e20aab2591bfd538632da568957ad87d7f841d288cd73fff69f0efd1,1,0.45769468
eccf1779e93e66c198d452fe3df750c4c46c0e863d9d99b261a1c55948fb9cb7,0,0.047374137
fd73ee0a3dec44ced100eec57957823580ca0d6523f72d42ec99a2d6050d16c7,0,0.015595004
c15550b809576da7fe0a9f94687a17026ee193241fdb0149029fe413255af421,0,7.912831e-05
7056ea164d6a6109c63f2965a29178ac4a7f91101f11839c15108fa1af0a1a94,0,0.0007716612
d83506c1f00b7f99eb58586a37d02cb3dcffba4db63e810398540935fa6c8eb4,0,0.004990022
9ea21004c5069d76c5bfd7813a063e888ccf70e74ab78995efcfb0abacdf084b,0,0.00876853
d4c6cf20db181abbfe31587302347fbd9b0a759509e3f0bf0dff3e085e11c3cd,0,0.020476773
19a1b0faae71c219ad40c32f3fa2210f895c466efa532f260e58bfc418a65423,0,0.0011597101
9ad0ae716abdff1f595da929e74b3751886ed2344cbe40e2e847cce1eb0b3a93,0,0.07681584
d0954ef93cf3f2d656351fa9f6a4fb5317d6c23d7ceffac632f160e060dd804d,0,0.0010486146
72ed7b263e15027339b3187ec9b8a55d77ced68d623e4dad4fad97cbf91592e2,1,0.5330352
6b7767735b08dbef7737214fcbf298d4259ea5ae2dd26ed186c2b9cbc766eca9,0,0.00066800485
22ba5505a696d9341683fa0f4f23b877449a9e61b2138750a3513ca7ff35b46f,0,0.00071789906
51f09201f443d5f65c7778a93baddad32a889376fc584af47c542ce99897118c,0,0.17670305
a81dd91ab62bd0bb9b06c8cd0f165f15c3eeb9b868fd2c373be7b562dd53613a,0,0.00066800485
3fc27cd4d73888d2791c4f5ca58f3aa6fa2455c09cce2a6fc38bce40cb39a16e,0,0.036887653
292523ed9638effb9c8f06c6c091bde8e632fe86ad9a97ddf82e2f198aa8757b,0,0.06919918
cb17bcccc6955a32689ed64060c5bd9c56e0be66f28cb3f76fb81d09b3940853,0,0.00018015284
e3c10c2f03c7b5e2d783246db8b9a3534199bd916f6aae57d182e4895aafc59b,0,0.0087919645
43be8a906748e6a86c298c28c1c0fd91ea5c94c0df1c61b71a12b2801b626794,0,0.0025914563
7bd5d208dfe93cc8e2ea6c04608948ce1a045980f160a58ca2d0993aa20ad213,0,0.00019059751
451d8997f4cc759fe348a2234ba6ea4a00d953313ce41db586dfaf1e204c2bb7,0,0.007826894
2c686ee0a34d51b281080640c678bd134d12d77cfb4194acd5a0c6998f9212a4,0,0.21366353
862e841fe7711dace81cdbdacc5ccd71c531bf2de83051fc58eb3aa1dcaed6ab,0,0.038069136
d47a0b42b65c5bfc42279fbe70fed3558be372f4cba8a6c3b46ff557a617cf4a,0,0.019186795
e65c6b61cf5b34ebdc4f14182e345ded67aa8f145ee4080f98791e18d6c3e847,0,0.004417078
6b45cc1edcaebd563275094f321ef3d55bf621498916996f0f63f1ba5309fb9a,0,0.00050511246
649029eaaef2e5a25aa572fd56b1ca539ad92294aff1e27d13ace6a38afff7c0,1,0.99834967
a1703da9dd7d86e09000227f52a0177db8501a95f33f3d78871fe2e07a8da48c,1,0.5303165
412d8ecf81212374d7b7b1df6f0c081e642858db95bcf868149fe12045324598,0,0.07241196
71e5d219be935209ab444ceee0be316ca5aa3ef5145de7ebf83a7ef8064647c3,0,9.785266e-05
cde5832c6f4db8e08dac2729259b72a2206da36893adaec7817dcf4f17c5e49e,0,0.05364247
7762516fb93dc8a865ac20a8dba60fd5b9734cd6645bd61451c2d3f579d7770b,0,0.0013061601
2195ab9a0f4a255ab3f17280b571d5658d226731cc0e5d8eae1a12e44d2b0ccd,0,0.006297907
4f5d4284f689a2b3f30315c717d7c737e1c0bf222d2006122c7f1d21bb7cf904,0,0.0012297133
9c20fddea2acb6d3ec1725e881b02eb18024a7e148d1f3f4f0c22be56c7451dd,0,0.0012297133
122730f7bbb391e587f2c9279d2e321803c0c4379105932f47803059baa4675a,0,0.0011987997
57bb7f7474146df88588b807e3c7f9b9a02dc763cf86c808770df0011e436215,0,0.025748404
14830ab19d7fcb8d5ce296791f3b47861b7764cece59fe7f36d1f86838e90e19,0,0.0017244361
b754814e60164fef6036cf2f9130d8369526def50bd3bce5294aa4a7329ea9c1,0,0.0005321225
d1b0e78dbaba94b7837c154a2ec58073a3b2fcc6880cde987a3dbe262c6c2824,0,0.0009238366
302390d84b3c8248fb3fe8af0b166ccdaf90d87f3b26cab0b798950500edf29f,0,0.021822916
9ab7733050574124ee5b6a4299ad185547904887be2f80968680ce44cf2cd054,0,0.045287967
d2a2b1e40d9bc0d9d4b7a49da690eca9dbf63545a76043b36cf09a6beb8ff01a,0,0.005098761
77576f18355dafd2948a0a2f83c32f66b9c084f58592de242c3baa19a43e3735,0,0.14429578
2cc169eb12c2b792d1874d103f439367b78766d67ea425e89273e6bc93dda3f6,0,0.06748994
141a48afacbc0c1a3c4eb6a0c0ab271516037fcd3a07f0114e16bdb4be69e486,0,0.0017372699
5df24513ddd907942d16a0cb68db34b371730dce1fc3047682d7bd0c38b1721b,0,0.0060733184
0691f363926bccfa55eb66e36ed646174b7bcb1e0861024f4377f27b05c3739c,0,7.9218684e-05
9a21e10fd5773779489c25682c20f7b7ce3fbfda5bc8f0c5fc1f40487adc6601,1,0.2925776
fd53e9f1d3d32ecddb4dc2df225c570c46a80cd605de46207511f00aa3b20896,0,0.003175305
073bc568e34ec064a4f4f54d364d5cef7ff22338eaab05e366e17a21c7e21e32,0,0.0019715382
936b06eb94c82b845c1be85219d2ebfbdcfa24100a51d8c61a0e4a8f58e4d604,1,0.007391614
b7dcb081289bd4ce01979610f001ee8b2fab4fdbc3180d8b9df1341ecd7541ce,0,0.0017304099
ced1e73faa339588d4cc085333672db5b9d23252c8aa42049ef40e00579958f9,0,0.09539871
f0bc357d9e1b216d9b471943f7116dc00e49fcc4e7641db905c99c681f5b5707,0,0.0005525861
b9194cce08dd9ddfd2ee1190c372b8c64b9fdb20d7e0fee9716f52837926475d,0,0.07437882
f7d7604179912c36939b72f360303ff403653931732625c034bab7c4d99a3444,0,0.0036796888
d4b0d325f17aaec4beae853b60a65fa80e6cbf8131c4366b095df97fa2d600ff,0,0.00050599553
61e4b81019f3da0046899be70f1f47e5007dec699fa6941bae3d7d7118fdbb65,0,0.03146926
4f35a94165a7506563f4a447e2408600f0397f4981d7a1546522ff7b0be7b59d,0,0.000787203
cc9023259a9a8ffc62c51f0a56f673a7972a4dc00feb63e78ab37070b88c0912,0,0.0023971961
d847e4907ead433341aa8b0d1a77da103e02584d4651bbeffab05b34c3a1e098,0,0.0072492585
59f0f881ab03a82a9c3d97fef6a20ba08657089d4a3f134143b8a10374bca2e3,0,0.017980415
a862574ba5356ce5670b4f67fda454fb101b4019a366cea8cd63571ed9a64d12,0,0.0024320625
9e4e0ca958a89800771a41b6c63687658f0322b8117b019a73a68d1ba564de32,0,0.026183946
50b640fd5843e979e8f7286f573273ea08a8232e59bba3ed1d80d0dba34fdf3f,0,0.22163284
c7a902b17fc082321dffd736a6b9d8407826bff414db3c217f8e0d4761b4ea3d,0,0.0029387875
8339fd1bfca693a700f95f955799b38861beac751fe9891adbca6b3e5bf1eea6,1,0.5348783
ff2a3f3e82f066a987e8f3f18300148f045d570ecf938d4a28599dbe9472b68a,0,0.029659502
d55d6bf854563df99c75237d4430d25eef85a3e0f2b68467d740befdd7a1148f,0,0.012390242
3ac3b5222e381822d5dbe43368e13b1fc6624ea3f7d7e7f4c9cf4e0a73dc8d6c,0,0.02655357
b3654dfc742b3dcaedd4d1f49d1fa04ea9b64385bec252967bb1bfddbe5b002e,0,0.0005833141
67ec53145af13fb188ec52b04f166b0d7af154e0a099b208abf2088f425436a9,0,0.026169494
3a9d0c85d036ab1736c9f6ca23fd66d821696ee8a5b59f15e9b635c6981dac97,1,0.96939576
f316512c32873d3815939e37c4524b9e9a79fbada8a05fd9b5bae6dc1fba29bd,0,0.4508764
fc6d7c0dca0f62d689d03efb28607541e65b4dfd35642b2e31a2b3b475fb2889,0,0.0014221639
f185aacbde06f36966561e375b20a8eda74df94fba48a1f8dc6d9ef34cd17bae,0,0.008605811
6552c5143673766bdab97e2e131cdf24f8f2f03653820a1d50dcc57800db0ea5,0,0.0057094926
5903aca03216ccacfca55e8db51f81aaa3a57f557bfa7d3a1f2a9caab779fbba,0,0.005632476
92dcdc4469ed3c5c3d800647e3466fa18444eaf3a8b771cb2b77f0ed1e292f36,1,0.012413235
59e46ae40b507ba63d9a0d67b8d15f2db9f2eb58fb1f037537981aa5b626800c,0,0.08603425
81567a149672fcb4ff9d8aa1cc9e67d17bbb12e8f90b4dc62ee8a6e0bd1bbc71,0,0.100926496
ca819d2c057abf9726b305bace9f8acb8815aab52fbf6fb93b70a366542cc62f,0,0.029999964
21b3ad5fbc5cfad30bd3ef1b9b0507542c56cf17b1455a4b88c8c4c9d071b5a2,0,0.071320236
13b0b7da8c2ce4c52a14b0775752d5a1f826c80220982b18a988e3ab1e3f2655,0,0.01209246
fb8317030ef1a7b395c56a42d433664aff629a3ed772cec9f4d599d04b666763,0,0.0024643138
266c02e6ca1421cb403deafee19fea56c0d9847cfe9f7fc856a2d30659c27692,0,0.0005091973
4817566844dcd42e544d95b1a04d6e614f5cbefe15a6c1fa3d03bf658ab03727,0,0.009754598
c3f914e705b58b8884956fa320da2f369c8af913dd6f85c2c8687291f7727a45,0,0.009754598
e1ae69f0906d9cfa7d826bc10b5b8b23f6799a26490e09e6a7e9b63a4f6a27f1,0,0.00568048
a13a7c559753fc8b44d1818345883779c783be28e215a0fc260f00920c2d923a,0,0.0003726549
16ee3a2363d8a87c3f6e28e53401c623926a88c36eaaa8d6beed9e882290fc3f,0,0.02655357
fe9171e1ff34a6afa7372ffe9e9917369a74849d4e1dd7cf248c1ca5e1425921,0,0.0032347024
dd752a88d171e842d6983c14ed057976725d66c0cd3ea07638fbe234fdf5a57b,0,0.0032347024
d6a484151be78c3e1eecd0bab002ed8b00b4182eb6dc59af2a4cf4312f4f63d0,0,0.027350485
923e8f6db5f7e9a2254d60abfc44719bd16212d54164ab1a42aa1fde7ce5af75,0,0.014265321
02a09c34cadf42d8903f8ab6a9e2b52321c27f70517b1212332cf741bac74e32,0,0.014265321
a3bf041385ecb18b743dc757972a65963be34c28628981155a0ff5f3fb809ef8,0,0.027350485
41681fe4768b0e88a03183f0360d998c19a2e16d12928823215419228195bec2,0,0.014265321
2dad78be7ab31517ea91b1c8031b5a0180fe7d5bce01cea67f04a4075fd42b9a,0,0.014265321
2ae065cafe0ab6e736e9098bb02682cc6f4ce41f162b9dee382264d85b21a787,0,0.0015334741
10a4f643e414f68bd7ac601dba832a54607c4fa4d6453a8474ffc370ef982553,0,0.0024643138
37c33c519124fbb510de0991e33a1f2e5e44d235aed3fff94310a0b46038e4e4,0,0.056161277
59aed774dea7b0754c58a45968726e97b937494d2ab88cb910a8d5c74c8393ba,0,0.00088871137
c768b697d84efbfba08b0e0baa9ece2a981a8f7bef0cd3b52d9b5b70147eb85e,0,0.0014795574
e72fe55df0a39d00ebb002298215e9cb2b1da91c2054c78be8c81de3536263ee,0,0.0063869315
1a92e21d8acb5bf2f448cafa698b00847a697b2661713ea73b45e3d42ce7aed7,0,0.04494377
82126a455f97a780111f9c7d833e2971027f3dd4a0fcc73750c831f1e7b0cdcc,0,0.0066802367
97a9f3490fd38f27ddb993060ea4f9f156336914b6e3955dd04024faca21686e,0,0.00012059972
375e19ec68f6c0f0b97176b9d217f711643dbf7f2b4922da928098f2876c1760,0,0.0006865109
04027b8b2d8312aa79891c7abe06e49869a948dac12040a4409c8a36677ef302,0,0.02515137
74cc89411c415ca75c70c1f47ef11d7e63439b2b9aa16b5e8862e19a0ce4d581,0,0.000997578
84fd793c55a524468bd19ec7915c68f076fa269d0dd3b63b11d010cdb21683a2,0,0.006456582
cf74d3f8ba13b9d46262464f3bc7d879e27817309e20dd5f5b3f38fd390f145b,0,0.00037999937
f42a48c63435e9128584f0e957cf8ae26ef35c15a01486ebd3cc268627c6d9d6,0,0.0053799986
5a3e3ea67889ada20e0e0d85a5c7ec522ae4566908185bf64559ab67879005db,0,0.0005713936
2042c4422b80988b8cec4971ccaf7e931193ffbfdcf4867fd02927c2d31f9c35,0,0.000756837
e4eebcc4b2364784ee5647f294fa12ba3c902c75a09cfa188ee5f2958146bf08,0,0.7459512
81e7033ae51fc447e8ee7a2dbd5a84a21c986f2b216eb3b107ce65a7d444cf4a,0,0.00032579718
f1af6ae53f1056c0ce3613ed6ae7babc0339b2ccec1f0db94081d46bd92f8bda,0,0.049492385
28d6d4a14df7e678ffd5b50b56827c011b356d4627f13efd337570fac5d28284,0,0.0008940472
4a1a796b43084462afc9e40d9f082577ee4fe8374f26725ce6791b947faeb8cf,0,0.0056687496
176dbe42c57bf9dc881e82387103ca39e3805035195f76a20b3d488ce21702dd,0,0.033901483
dc738dc05571815fac192dd1c86c8b8e8e30e96cec07999597254c8462cf4def,0,0.02453593
5d02c75ad1e0b372a8616dc2aeb9dbf0d848887dacfae6850dd9487fa3dd1c8f,0,0.027544094
33e6bdb6dcaa6c6bd1c84b2b053576acfe197019579977628c0a802851923ea4,0,0.0012597123
4ded44c2af78f5c169260ce5a1eaecc267d7e04c51a01e1c34c7e1eeabfe8209,0,0.012507161
9ce74cb31687347d26de8b29c8a6174258c89d5339d2f7a36db32a91041546be,0,0.010661214
d8120d2c04a14fb754023e669fcf994664c003e21f8f19763bbfaed7f06fbdfb,0,0.010661214
320f180dd318cef6fb26465c002fb0584fbf703feb949f9d2f25ce82689cf1c1,0,0.010661214
518ff5103716b4b5eaee7758e3b7cf4edefed2e875fe819060dd1a059291fcca,0,0.02935669
5911373d017f8b80e25e4b8bd1e4dcbb0714447c38333d30ed6068245f9664d6,0,0.00019442197
154abaa39b2237dfd722784f04e36de5c086730324beaa4555e1a3c700ffc2da,0,0.0050386926
7263c22c27133ff2c7647d08e28d7434a1a41947c328742c64ebcf4ebca2c61c,0,0.002116542
642180596b7557c3444c5777b045a973227fca9cdec914f2341a885affd0eaaf,0,0.005462996
a30fd711482e332d368298a84c2de60fe820742d2d239c576db405325ae2967d,0,0.0059857466
585103356d1362a6d5eb35e6fe366d6d4101ef1e260c6ca4992c98d1a6c8f638,0,0.04380738
40f8b9dd19dc8a9ce3dc43d86f7a9f71344a68be25659dfa1abfdbcc4ff993db,0,0.12389325
3cea432010e2599d4d05f677781e455c59da2f63f1a61d45ef6dd7446a3c72f4,0,0.00013347332
f5872db3c30ab57f4d604c97ece74e8049b51d1ae33955e8431150421d21cb0b,0,0.00598346
baa1815a0305aab2b680fa10f18ed8fbeec75593671a3563cdb23b658db5ee96,0,0.37806576
e3d4b3c9a6736a388751f1a9cb2e94b37d51367a6986bbc88496ccdd623823ca,0,0.90827173
e82dcc08118dd51bf4fba2a671f2be0271ada93e14e91f74ab45fe8e3961df72,0,0.027350485
9c68cfb5b266c84e1024d55a10879bc0139fddff29c9495031f7c16fb252c83f,0,0.049800586
74497ea56de7b95644fe593154be0a13e0b8a5a0ab745de1aab6f7ecb3b35522,0,0.00021953539
4ce49a54c2ea2f9efdcd39554a676a7740aab946db734d9d22539b02fbee436d,0,0.06432059
b40e4d925ceb1026cf7a39a012879430973695933c25729b83adc7b6a9a4a1ab,0,0.018123558
ad7fbfb8b490d26ebeac367894779ad31c0de90cf0da9758422a0372d67c50d7,0,0.000733236
828415a1d4ad930b5dfcb4ddacf85c36852deeb583803afaa860118999249abd,0,0.0043541635
2d91039e765f7c51ac7fefd8a88970b6ca08ef4347521e7071f6fa3a039da4df,0,0.14088823
51e34988faf9b8eb29acfd42d27266e51370c9a042ee43597ee9929b4f021243,0,0.002678926
5b040da40e04d81175eae53bef2beb93608aa2f1de2b30379978032f3fce8605,0,0.029989073
076cf7578b85801da438e2be994c62f90d8bd7b59f99eb05ad577b34fd484350,0,0.000236677
08e36268bf8026f6ed6087ba2a16f31d5b6377a6a5e7b026e44e128769945575,0,0.030253321
b3a0cd1685d530ea1f0cfc77b0446fab87cb8d3740359eae2f1c6f129c477b70,0,0.005649717
5136ffe83770c20c861eba672f7e40bb7c5f36614e0749453f7756b32d9d2946,0,0.00050303125
2f856d81eb4bfac08972afa35f8f9a3f19580a4de1f640554824fef3dc662f4c,0,0.0027805693
d861fe0ab645e2e0e8716e156d24f259f5b886fa1ca58ee3c365ae68f77c0f9b,0,0.060650088
cbd921f2be5c904bb6ce0bb04e69e55ca3a6eddcbaa44c869be41d6b628bf96c,0,0.0052169967
8795bac00595031bfb443f68a017bb6c3eb41ec781608cbff8bee3e199fbcafe,0,0.0021165572
0e84b087822fcc12d5454b0c4f45724e956cd06bd5f0be6cd2add987a68aa43e,0,0.013978761
dc2dd064e89fed834358e94fa81b1a9e121586f602a1b42d7c78fe4980c0a7f0,0,0.18518007
aa128258913fd9c82340b0fd39fb9141e8689b1fb7b4828a1e24c0f0784f600b,0,0.021727284
4409c502655a90f50270cfc60416167c055bd90acdcc8ae9b265cbe2029d58e3,0,0.0012372024
29547546a15fe63d6dd682412e76777332116bcc1e49022fd1b9fa2e0ac9f8ae,0,0.0008511259
a31c2c91a953fb160bba2312ae3feb2e2c03a9ac1cd0650024f2174b35e03e49,0,0.7512593
b3a44d8165da383197b67fa23a810648af52aea630e653f634400a129cee4e61,1,0.9945557
3261f79fed62fac310894c1125730fbcc3bd71dd3910b8de8513b92db7ddd748,1,0.15802509
f7196d97099dd33a73cef24777e3e515979773cc053e1c86ce3bb8db9d0ddc0d,0,0.015349398
83b78cd5ec4bfb0164e856b35c5aaa17612554aba549b94a5f91497b7165e456,0,0.0033849187
bed04c22e4dfb8c4bb8d4b2113904d025c1ac16b286e3c0f4d1eac09680418c0,0,0.0025914563
c7865cb809cf85aad4051aa9fbee935a7d39743c6728582d6b31a862b2c715b6,0,0.006409042
60c737e81ea8a6978203fd7dc4500bd6862a3af7bdc95cf802053ebcf74ecdd1,0,0.0017344432
5e07a1e8af2e730c831ad0e527d6374f8ab05143e22d2fed3d51952969fbd132,0,0.04562978
a6f9ac7ab951f4ef30e9226ef8f234df571ebb81ce88bb190b21755e602e5f4e,0,0.0025914563
1e600a69829ec1dd74a43f4b4f695cb2d4b7b2d13f1c98208aa24c9c9495ecce,0,0.011645419
8bc815f3fa9890618089d482b1132a4e27210756d3777237fdb07557f4aa1527,0,0.0010589114
88209c242f6129b1324458057a62882b56755a0ad5113a5185fa2c42893730f7,0,0.0028909622
e64ed52bd4e3e2f5b2c11bb670a912148de7a59637b0bceed38b534e9bf53929,0,0.023447558
f58e8e068e68e11c5c1d0e73626146ec371ac33cddb41549f9fb2185164007cd,0,0.00050599553
61d5e43f37e2aabe536c0d72f1fbffcd976d336b1b334d3deba4f4e4abf96595,0,0.0032569217
0c2680f3116a1df26c7eda0dbcbb84804a4e7bb064a21df2e25f1f8a138e7676,0,0.00052946585
7108c414bad5c060539a6de21ce02c36e3c8c82f522478f78ef049056692d30a,0,0.00022335394
242fa060891dab0e73b2dedededf715d847ad0bb219594f7110386ced4befdd0,0,0.0038798465
5bd6f2ed4d820e0874478d948c93bed6b1a5f90c43178015effdd44b70583a87,0,0.011202513
f2df4abb093c437899501dbc883bce06ab0cdd603bc31e010d9c75b518ca0022,0,0.00018505062
8fa4b66232b0f21258ddaed55bffb1b5fe4ea1e59ee2e939beaafac3dca45982,0,0.0034686823
08e8ef7ec38339f81d04cea9384281f50c5cb90dffb17cf8534cc422ec295142,0,0.030950213
ac0b2073da36613b322a4519eff20d7aa15a5152d9d61b570bd6e069c7af17ed,0,0.006915562
06434d49d8df0db0d5508e611a20bf6036cc9392a34087f7e139c7f993a28b09,0,0.00041152706
b4f7bd05c3d2f96cc7777f70897f460557f354f946f866683d02b75fa0f7fa39,0,0.0060755583
73f20969cf8978d68b48e3409ffcba47c6302b5e69ebd1e050a266b4a5f938cf,0,0.002542453
abf8a73880177d9b9737bd58f6b1aedc609e826332033975cab3c6b4446f6898,0,0.027975455
a008bd5f97301e9db4433ed15c6978b8c2f93124124ea044db941459f8132b7c,0,0.0004827142
64a20c486651112af54963f1fc986afb0d1edb8fc66e53022221824da94f92ef,0,0.00044502152
71291e0bb4ca4580702223182ae6ab2f91402b8fff37cf766dd4b6eeaf0913bc,0,0.0014323654
c5cb637e813b65f6d71756cd0c7f4fee876b5c3b43a04e0d825781a0930341a1,0,0.032541506
9a2d13b8f721afc63ff5a521b3ac1a889c0ff545b0f2877b2a451ba6df4d3b33,0,0.012353489
9a413ff56d4229998ba8bd2b3636dd1f61b0c79da8485e25a9207ada47012311,0,0.0007628927
e816af75b4bba753d2ed62d09f92cfed499825da38608e2013bd6ad864b0abb0,0,0.0021200578
03446c6ec55e0ac1a231130bd37526f50143315a797c0620caf387bc499608fb,0,0.00067192496
bc7377ee1283f56a4b7512827fe131797a02606d4952a549c34f3beecadb5c1d,0,0.0001085201
6ac59bf790ec5e461e4ac65099969e267bbdb9fdd7ea9f96c57e8f62486ec3e0,0,0.001823743
0f982ac07daf6ba40fc637d33d3fccbc61b626f7aa59abb7b5ca907d5ed9d7d7,0,0.1889729
aa304c061a8bc4dbd6fe58478787d2ffc958daef2296fa04d07b26af71bb687c,0,0.005821276
a998dc3b341f778ac2ff707610ee9c87afa416bd67cc7400bf998b980cdbbfdb,0,0.031112792
462285ebf27d146c8fcbec8e07d827828ab29c9a0ae8d186ce7d956145752a47,0,0.024429016
71f6cfb5e3a706bd804c25a1d435ee676538a06f528fa9cdd559b8201e620912,0,0.008571154
24bb9c35bb8c0a7709d13e59aa03e04a926c11a11cfa16a681f1bb44d88ecccf,0,0.00048849883
cb395c57dfcd79c7062d6b52eb15af8262f8c7bbffa4bf6baf3f70901eca23d1,0,0.0004954476
851f906c030b4a6d997229e89134fac560954981e58d829b83b2ba98403e9291,0,0.03021736
83995ed81821b95fb16854995c6ca5902bdd246141f223a599575951d07feed8,0,0.0018944317
a7cfbe23d5aea4b94d75d7595ea826732e471564a970e8320bff4fd416015ac7,0,0.08577751
29cc70db20c866b0eccefa8467b07fe156f5a62962fbcb6c02b95e63e89c3841,1,0.93539405
fda6033e3b9dc6d6b54861dd4844d387272826375e2dd3429224621d7ac99a37,0,0.023399478
3f87c1da29db9994a55d5f67ee07c97123597cb736207884704cc6b92f63883c,0,0.069445744
d437f7ebeac783003b8d14a647d1081a959b5972aac3a48d8682cf385e81a05a,0,0.0014466771
5393b983c7acfad68e29d599b1ad8ca6dbb92c783f370e909c50f5d26910b35b,0,0.00010340656
b6e14f06598eed76628a6d8cb04d78c676431d44ea3b2b7a492e61992ee54ec7,0,0.023462841
6409554c83f055f2c19db888b099cde627653b1370af57886f8f86549465f726,0,0.0005525861
ec8e82756117af661ecde5c4b2f4c965d0e0e4799aa95e7cbcb81d69427c0a58,0,0.46518114
a8665a4279fb196bdf6360b1c09e2e7bbde8fb065a3402d8338b62f16b5a7999,0,0.010544563
bf0ee25adee826ff80515e4d0272567fdb10188f06e3804b37f6c229b3517062,0,0.0005386113
3390c3e6511b31923637dc32587d5c63b3c7cfa50c7de05eb297d1703a7b749f,0,0.0033706098
20e045408b0b7d2e65b39d9b07bbd5ccf67ba4c9fa00d7784261603ff2d28c20,0,0.0014721965
058726da1de55f2b17c127dc56f09360f6f443498436a77b4ed2cb1de9394728,0,0.0037913332
1a547b9ef607c76dc3dc0b13b8ecc6b8cc602527795c0b4b68aa64492d1c1645,0,0.003836598
08e882d67985b40e1a32f97b0e9a977007ebea59f0ed334dd1aa46a9cf27d7b3,0,0.020936532
b9851c8db247e7103fa04baa4834e3da27e366af80f068e894fa5745698f2720,0,0.0003726549
322fff819936ff67d44320cabb519b35f7ce2a6cdc42785c683fc5fcfa1bd6d5,0,0.0003726549
85b258f73075a55e2320f9320a05c12fcab6514aeac9e70bc0d10a11b29602ca,0,0.0014339971
70b7b2e1bb0925e279f1024381d4e02822d28710794abb386e18a0302cdda5ad,0,0.00017513198
6c85b6b35821b7c30d9d902427f557a1d9a97baeccf2df9901279c214423f4e5,0,0.001732153
b532090a62ac08dae1c0a821985339374b0ad5d2167d4d32b467380876119ac4,0,0.70883256
cc5d0b78f78d9edbb56286b69d1d0e8d050d1a7f3ed6545a8e9404595ef6b9e2,0,0.31867287
0c19bee9b2d1405f831c3514e1d6ad3189096de05b629c0fdd0c8a9235479ac6,0,0.00017733173
e1dfd06e3cc4b17f0ccbea6c458964745324898684d5174449577b8b83228aff,0,0.008864871
27d6588860717d83d6f5e1ec6eda611a85876593fdf34bdb8b1ed9cb6875f4c9,0,0.041638143
dc57753fdbf2be31d7772198f9fc0048d986e763af69b2295cd4a5cd148b63d5,0,0.017762544
25532642a62fa603ab04c8f4526755904aac581f6b83c428ece4a3640fc43f04,0,0.00040823375
3d72dcc61896615ebbf48345429716a6bef898e2a47858a3f16fde694718edc4,0,0.011121582
f0536e00dc4829561f35e412fc265e66dd8c95741d5d7bf4ac42f2c8a4da231a,0,0.00072805106
066343ab04f85f9f5b00c2b8f44fd42e4d2784a715a29016f31b2c187063a3a0,0,0.03564473
1abe0ed9753d5fc8400e0b1360882b45cdd26f12eb1094e24d3f2cee05f428a1,0,0.0003638467
6afe310a63f5b387a5763a19724ea621c5578100bb9dc091ee51dff3d0516d15,0,0.0012950012
593501ddbf51da7f88aa1e11a667e5d0c5022e1c05648ff0063ea7970ef733a5,0,0.009030362
45ddd2cc2c98d5e141a1152e5b3b0c3cb32472b7ac6774c193fcd29215da6f14,0,0.008383755
5bd7a8d6e0c847d37a418cc4ec636a1ae6fae77880644f50bff9e8b867a7ee8c,0,0.009030362
ca74eacf18be57f888f7f7669b0846da6730b4ce508cc79b8a40bb616a527135,0,0.0032418917
6b8f7796fa4ff698e003e5639fe188f0da37a9cf8ea13698836829ff43d079ca,0,0.010317411
a84e0659307edec50a0d7e0e4914c5232226dec6b86cc27cbd75de7597eac373,0,0.0021215675
7b62e5559089edf1809a750ddcb077d899520ee25a9e49e1294eadf67ec24ced,0,0.03163041
2cdf49a86f48546f6974e0adf4383dc0c5c4d5270e50464c1fbab77c5779d23e,0,0.01736755
ec6af97e2a8e58bae9aa1bc63961a579d445b3322dbf4a803b9756ce6dc19d3c,0,0.0010504879
97f3f374692650681cceecf912d4881025d43fab4a48461a2ab39a0f2591947c,0,0.009204125
1a8beba8cbb314a17e2df4112f76ecb5ea5011579bbe3dcf557dd114fa5c849e,0,0.004363387
3b25d33d62cc2642cf9eb18f7090d4befd0a52bcdbf22c19aa0d2479c799f110,0,0.00018505062
4af377a48b0ff2e50adc52a8eeeb04a47ac6be8afcf3709467eae05ba973978c,0,0.865879
7a5d7469fdac957e5245589eb58c4a865e520e2946660c765504e71b52feed8c,0,0.00862963
4db38bc5eddec77911d8f775293189e9e22ba20a57d2354f9f2cadf9441f07ef,0,0.005152894
ec390349c1ea6d3652c1ecc34bb083888c8f1df89afde364ca893688e32e2473,1,0.060725015
00d75afbc846647bb58482d20dd0098d2dc27f60340af562a25a2ec708efc637,0,0.007886528
8c28b27816ecd05a98a0865164983fc00b5ac116099c726aec5808d2aaf9af1d,0,0.07765718
9a0a3d6b9fbcec899a3b7508ab47625d45db76dabe77535ea01d1c3a2907fcc4,1,0.015384775
5db0285d38ac3c5f7edc3835ccc543d6fb7c9c1ac7d2b144e46dd785ef180cbb,0,0.00032562762
4cf8dbfac07bd126ada044e229a1ba74474cd70208cef813ac3a537b095ec1c9,0,0.00082967064
478b07f05758f60c300e8f2ca3d32389f417dbf0ccae1ca77a9b7922674653d4,0,0.0021004954
1668fd8210afd30beda3696792aba3616cb4232fd014f8e047bc9f0ff185fd59,0,0.105449416
3009d54a948ab9d2ad5e01036e19e91ac3ae2b1801d7050bb8710851b6890cd7,0,0.1609034
87e2f877b470f56dd08759ffbbf8bab57e7b4ca69dae7f57641ff21c415da7e8,0,0.0016735808
3ebb9225a96c25e65d90fa48ccffcd34e47d54e18b7c4aaeb77dde52bd4a0bb4,0,0.008844621
2652e4db906dd733f76fdd7714fa41a28946a2c4bc2b4357b0070df4b815c8d6,0,0.00430066
9650aa58dffa3692a9b4100e518168f3af4c67e5894db416891c5f152ab27b07,0,0.27984127
5f0174c5f32bd17b4d725c94d9796a3926d792d39fb7461978aabbb7bb984779,0,0.016037513
50b869d53156cb6d5f7c1961ffc07ac32accf39258cf61cad0391778da1c58eb,0,0.0004957006
9c1e611d84f82321f8a719453edc64d39e7844e46decb2189064d34b410866d4,0,0.00067864143
4fcac6be1abfd6061636179ea80e860ca9345fc3ca3f919201eb32efee2deeab,0,0.2231467
b49ea7e5bf622ef00fd6a8b7d19c67cfa821e9ac550dee44bde01b4063c66853,0,0.0025914563
c0a180c75d69f8ef1b753bb464e11e8b317fb6b2204760755d83d4f231580387,0,0.2231467
2c13a8b5a07ac315851095864ec5cde8db5d2f1c5dedbaa9183e2ce0dab51bf1,0,0.2231467
5000c392625e2b8ca9053de1a863269cc7890e07cb52d23bc6f0edd1473bf027,0,0.00024216078
ede0e762b1b670ab18f07d8b5be2cb53fd485a91f574d3b65d821508b7cee380,0,0.00024216078
05719f37397a7fe92f9d5e8bbf3f70c830b29689fc94d7f91505031d3476c41a,0,0.29054928
d5bec1988ec5ca7b0181ce8171c11f4dceefb90d7d33047432688782ad46ede3,0,0.00049834297
6b2cd27e263f6f04106de2b118436b0cd3c43e216fdeb9b06d62ff5ca1d38f93,0,0.00093859877
9bf5f63ac37d15326bf42b2cbb87090dc74eadb37a6683dbb586de935fee5d19,0,0.00055176584
ddc71a157061808fe66cd06004a4db96ac3a5fc42119164168ffb8b65f4c8b9f,0,0.10167304
d20b29b3c379fa9b695e1f6d5ae9d5b31ac27592d669896a3b3789f1a51fd6fa,0,0.012089014
589b88253cdecec21914708c20824c734f76d6ac8cc4deb0d21b70a2202ad2b2,0,0.0048159943
611d1763e004414287a31b2be1ae9414b7de22f7958e1b9b6a1192fc075eac27,0,0.0004957006
ec7f0b5fdbf577fb9e0b562622e923163ecd0950d87ee372ba94cf830cb39027,0,0.00035788436
0bef877513768410bc05ba818ea008f004c8aa2112289e07f005abf6c92cec55,0,0.0016787201
47af2e16ef2df801fd63d6cc2ef9e5128b0e2687cfee138f7e4b6188e1b13b7f,0,0.0010301159
47bf727ffe121b5326f10ae36432d90d33dbcb6f19671243fe830714857bb1d2,0,0.0394384
6f762ce9df153159d7e9ec7238a68a41df639cb18cc461b4ae8ec34464ae7497,0,0.16961722
e666e796ba231c3ea257d1dd768a5fc8eb1ee755cc93f56e5f1c4b16e22b14a6,0,0.0002592613
9f9b259b0392d1ff51086cb91a5ea16807f5efbd01ceca15054920e36b61747d,0,0.02922125
2153370bb56479784bfe6c931ca47abf4ba604cf79fea56b0e7fffd831bcf2e9,0,0.05872522
b28a0e6ad524fc306754d65c35c3481025151a3b8cdaa667b240215edcaba7cd,1,0.993958
74942496ddd01ed66e6ee3b315f5f6330e2eb2a4ca53e80e0ad4c9a9384683c1,0,0.0415702
4dea9e8997914b139142dc59cd081f89212420351ecc32d7f30459476d557c7d,0,0.00010340656
48937ba5e6b8efb08bb1e1c0a1dfa15a69a0bd34197844cd3e2f2777944946ac,0,0.00035486504
b931702ab862e97f705b10ebc69a50ca7047432abdcd54b027f32ddc946725bc,0,0.00093588233
176deff1189734d014a8078d8221ae8b249ef1b042bd12837067265f1fb47d46,0,0.0033402753
2ccb40e5d76d06727d7955d32dcb983d5c9cf8caef19a82f2deba23866f441fc,0,0.07913096
6a5d9a84be11dd1aed317559f84fd5bc2603e33fd902ac6ee80ac4bb71df7925,1,0.9233076
0b486a21e8701a1c9145d5f0d995b079c295b073ea9aa6f7292bdc0f0ad7b9b2,0,0.00073632086
14b73f3c56f4ec792c701957d5de058e8dea6bb1c6f2aeacd54fe56d9b849028,0,0.002437703
7ee5e330f20be2e2925c06c1c6c851877ac9ca615cfbea484e7f5ed8241ff0be,0,0.002352004
152714452fbdeee61b51b124ec86e7e3619fe061607552a8685558b295be9a2f,0,0.0027129927
557b17b19022833ed2baf452ed2c13afbd94b28fa537281e12cf716eb4472f49,0,0.002352004
0d6f4e757560bceeda63c5ad53c151194402a463070910054d3661be813247bc,0,0.002352004
d5498870934bab7ed172a8fe03c7c689553e90a1c87ed08377d60c5358699505,1,0.7583358
4425c4e9b68cd722b51fadf039e38de9207e5bd5614b4524abd4e6a320c29502,0,0.002352004
fef84d31c68d7b326bb81c2be5effaa57f4958650c8ffa542c7a2ff54c7e2ad3,0,0.008578743
f0d06074ce18dd3394be2643332576de5fd1f0d21fee3652a418450e07213ba9,1,0.812387
85a53221d7733aa90b459fa2c1a5f3b1e626f38e87898ef9ff329ef00f970e87,0,0.0027129927
f33b26d7cb89a45788f22d3a6169e6a71c80415909e695173ccd9e516e900032,0,0.032787282
265e9f1c1b1e4ad7873aa79aea5aaa4a07be2c4a6d0852c8e5ca5b718cb12be1,0,0.0019923693
f4a2245e99298c3042b2b776d9e9ea01ec59075afd3576b6ed4db6b2ef346148,0,0.021409215
cad3aca055aee2da4c81171f36d52ba5bee876ce5f720e497e8df9569f20a7ac,0,0.000787203
501e0390a6d8a6936d1c841d50ed13e2f4dcc21f394bcd09275b4f2cad1339cb,0,0.057608083
867a32cfadf22ea169d47928c6955a56e633a099a2fc5051f7caaa265ba3513c,0,0.0017349898
bbe4b73a4de39e8525fccb959a33213d45192277acb61a86e8706d5008432a9d,0,0.0013001678
7cc3caef482120faf0233059ef548764660b45303b432a6da100ddd868ad9bca,1,0.06295674
943c68cfd9140ca3878f4b9e1d63474188e1b7eea3a30af03b499ca1949d3314,0,0.67281723
0d89b38eae599712ba936c2f50025e48847d35547ec5ec35577f17391066586f,0,0.028217772
64f1d58f2db4b7f68288714b68bb91f4423ea17256ee2e428d2491f1f5eed566,0,0.0190275
97c5e45cd8b235a51b92247ca90cd7bafb94850422c559b7067617902c9023e3,0,0.060526557
b552619d717e4cf94745115ea27723fc8f9df2fb6d5021c675c34d9c8a3e853d,0,0.0005965821
879a7eb556ac6e2300a89ddf0c4ede493905505eb83afa6cb9247587e8585183,0,0.0077947327
b779147efec2b1c888902d14c7b64d9e75941a314fd4456cecce8bbf18d7d20f,0,0.000590825
7961946cfbad23e2febda0a51b21348f8929dd0e06e833bb380e47d2dfb13382,0,0.0051055797
571df054851131939b2a82c30e0ea658efbdd31a8019f3f13cba1a7ca95fd294,0,0.044252012
2959a49276b1714d6931b5f566779f20fd6cb06e1c2365734dc22342ebb7660a,0,0.0005226284
5889dc29692d4d22449ff57428b850564ad6607a53f7d528859be09863b9af3b,0,0.0013474103
b4856d9709080bb24480bf4ba559230e40bdf254c44642c20bc03082c953dba4,1,0.9171828
d9be11d0a36e46e368bbf7919cd916f955d14254ff1f711fa39d6992c0df1084,0,0.35425523
9bf39d2b7a9b7bc7f60d8ef849c7c174e7fe1b4bbd676f9243bb041b9baa8d32,0,0.00049834297
9aadf9847b9cc5edef60ed24d272919d04b14e691f9e2433d90f109c9ecf2e68,0,0.00025334978
c5237d26e1df751f07e1c7a980b3916431dffe5170b16f939c71e5f842bbe4bd,0,0.02605398
507b262a751a0bc0fd176a71e2e59173cc09be500f01a6cd66dd8d29d19806e0,0,0.03390795
ec9b1ffa43d51b96faf1313e6f25a7d41ae1b808fe564ee3e8e8173719eda8de,0,0.023498312
767ec5cc94550f2ce9a10a34d3506d631598568e8d167ef66e660c7657ec67f2,0,0.006231401
3c7f71b99931e9015792fe7026e1c207af57da8106c22728b7cdfdb1627e1503,0,0.0047906134
75ff12e6ce1e1e29c7029c6022a6e1b6132e6d9ef0274df41d7828e0ac0bcad8,0,0.12121719
fafa554af9754a58187ec7a09b13ce87346037e1ea6cc39dac0f0c844550328f,0,0.00038680408
06db96ca217b52f336a6b0b4cf6a9e4e7e1b2c018bdc2d796a663e15063928b6,0,0.011345946
4296fb2f0d6123cea4de3615c66a073a94ac0580e77f553e9112b3d27966928f,0,0.014400171
3755f4a3c24c299141adb7c858876d9253b0010c64de123674c1cbd0ed8c9a3d,1,0.26531577
f0c5a3a3cbf5b41c6261614db8babfd160275da0502bbdae494b12001afd7c54,0,0.05704479
dd01cb24c12edc45027e8c37be5b78f6aa0ef84c3781dcea2d8e923c68b27e78,0,0.00024228804
cec5af19570bdcbba2959451b985639fd300875692732c0bc95c2a0812e19078,0,0.80297136
b6a388ae26c34330f2301034bc88a3eb6e5e8e5a83336305ca05b2347210f927,0,0.0008763857
6de92b40795e96dab648de8ef336a2a58a241b7b5b4cd52cc7a5bcd4972c10ff,0,0.056391098
5f24767b1817f46cf262373f470501230ca54315a62709e690053bc1b8956493,0,0.0012079029
fc2f2a1ed54c64e3267cc68f2017620ec9614217aded09aad30bebe706090199,0,0.00026316053
f868057755f7c6ba89a5a09d4aac2cd6ff18bbfb08b21954abc1885b1f87a815,0,0.002649811
7dc613f27af79edd6ecdb76f4aba10d30c2a0f44a1eefcc1ff774ec3b18815e5,0,0.009505806
0218d2a70e5fd5ab41549b94963058d28f211d5e43a48467bd7933c40bf6d4be,0,0.028269628
6cd0bbdd15cf9ccee6df942abb09be6f7a886e1012517f9b9d382ad1f1059e6e,0,0.0016315691
4fd9f148852732fad0b80d71bd32a56fb0a4980cf7ca35c123a51e2030045be4,0,0.005925474
41927e90633a28d671eadf6e67c84237d9c91a87b31d499529f39779b343e35e,0,0.0070757987
4d0f7af12156d6e2db036695f1665e38570bb405c7c747b7b4a0d0b854007426,0,0.01371826
5f876c554777621226aa6b54a55770c459bdaaeaa88b8773e938d76399ce8fc1,0,0.0034686823
2adcc59edd1786ab7bc9de6bbbc426ebd4d10520a45379a65412dc448c659d76,0,0.010946239
73a4f361c786f8f5389f56ad62110825eaba99d80f85c9c6970ad5d7f8259ec0,0,0.69509065
9680966b4246c160d9fb383dfa4a0e2afad1ac6530caa502451362c95d92b6e1,0,0.0006840589
ee7f59d3c942a07eb56d9cce9ef963788baa2ea26ca435cc578042a827b58652,0,0.91477656
21f44fab2a6e795f0edd422a3454f8204731d9f4a706d1957f259a0cf2b46fcf,0,0.81998724
546943ca7927be403922b306c8d02bbdc7daed9a4350d10f7ec414ca6f5a7a77,0,0.49715608
02a40cc944449a8220286d37e5e934ceffc811c2ea091aa9d75fca040b5e9c1f,0,0.0017966938
3b6e18bd798d6c4c56fc98ac18599bab1ca0ddb295df41959f82c1420b81396a,0,0.00036617846
4ef6e0317a5eaff87852f25de95207cb78eff0b9330238d2558013bcf2e6c710,0,0.0023018387
bd367a7e7989ac5362ddfa13276fceb98496059e2fc2892cce2cb87ad5da730d,0,0.00038680408
1ecced1dda210062a3c213f30203d20af1ffb5d6c32d3f18387fe147f077b7e1,0,0.007935779
d1f20ff2d7fda95fee2abe377306f3ed29066cdb4970c26fa954d0d3725057f6,0,0.29054928
0bdceac70ea04c0b36c99da8122fe4ad8999176377ec8442382d27f903cf652b,0,0.0009521758
6551602dcaf4d437d6f6fedd518c3fb75ae4f0f1d0f453afa670c8bd396d0c39,0,0.05716554
d5b2b09d01e493f9f644e245ae92ce02dc0c1e56c35e395120994c988334e7a9,0,0.00015457533
b2038b9f6dc66dbade44325ffa6f36133924c79591d2365791e2344a69559c0f,0,0.044064853
828b95b639442fb05cb4677568f9a4d5eb9ea2199de48d3942e9fca1c82ab77a,0,0.04627096
0ff287fc303b1e76b3495bb25f8605e11d407f2a4cd4f12f7c1cc7876e88156b,0,0.00016659065
b80822a635bb68ae47d8a7e41c0ad25de6afb9c97df91360596a24bf8e58e97c,0,0.0015254442
872820f494b6d8e277ca4934d55af60e18b810cac940574bbfc4b21af803cc00,0,0.00050303125
0a6905c4aebbbe05325fd6c508ff15f97eb8cd1da9d756fc6a0e74b7da2a87bc,0,0.002649811
768c75afe0e87b86522513bf011d4383a3598be5c5591a66715a1743be77c048,0,0.0005757981
a1aff62c9f87e8b225ac0818e61836bcc3d8ffc928e3f02dea6d642b2bc65775,0,0.03828457
82ee4285abc1e034260b3f5fc45d45a20adc6dbb78ac040f0a4ad953d7185525,0,0.006046697
8fe64c1d911819e697c03e5ed46545b25d4b0fac667940401eaa893984a2b325,0,0.013645535
183cce76ff3fbd821e3615bf81bfa937757e48df6d77f619c44ade2812d34c40,0,0.045603365
d3e5b0eb83387b963382b5068e1dc7e85764dc0551e8a17c3572c6c463e93277,0,0.0041342666
229d0d80cdf7de2bf27e882c70cc45c022f1c1b837ca5bc5d3d97e1ac074cabe,0,0.0052519366
975c66b537cd40d58b096755e99e023f9bff347a24d15ef431acf6cfed391ce8,0,0.0007927268
82ade082573e74ee0d16c117dc65acb439274d2bcb6d28d79264afc11d592284,0,0.0011696635
d3feafb2b55dafb916ced84b58602d106544c71a74704cd94d74a6a6381ada2b,0,0.0023756216
cff21c9864f847e1b8767c61064a7778d3a5d0632e7fa8fdc7c55c5112240df2,1,0.5438628
5586a25eb59f6f49d3d7a702f6cd396b08f6bcc0cc7454152e4f9b470a7bf6c0,0,0.0013182284
9b0e3c9064fcbbbcc2c47cb1c00af4f23a3463e9ff8a3a89f815b1c6d224f520,0,0.13802934
b1625a2450cf4b744791b9e0e9b6e93f64e6ac3d436fd3b1d9cd09c86dea3150,0,0.07711393
d3b729c5114dc4b0062fe03a7d7748cbceb1a55a82af46af2212ec75db145ed1,0,0.3002596
e0b2cb84e4e33af45628c9e03cbde3428cd9bcfebd607b2c08424daa9ce9da37,0,0.0015198173
836876fc013413f04cf0758747ea540e0d0c812b46f25e0767b99f76581247e8,0,0.010469076
e4408a0db7defd27d3af9f8f1062ae34d6d1a90c61c9b3c7563a9db8b7270bcd,0,0.0022486453
58e6e5e40e6341e67523d954637073036dd6f7a52cafde049a7e9ce3ef3c5aba,0,0.015162702
b3ac064a3f1d2d7c379d6221d77b3a3c431a106ad61a1a26c0cb94f8ec2d2592,0,0.0005046966
c86b576ff44000987d5cb06859735c0432eef1fc3db1a7cb07a74ca2a32d79a2,0,0.012578836
a4437565f3f6dd06d81c0f96a78ab77f018c7ab564539677c88b7c52ca900472,0,0.0018111747
a7ebd047565a8924aff59f70f5ab300012ceb5d8a7869f46ed5d9d6bc0579908,0,0.06955494
9dcf81397039b4510cb62295ecddb7e7fdf2262b18c6b78343a45e8adb21650b,0,0.9712743
3ade2bfe58ee871d55ec32daec7ac4f0999b4770f227b6b6ce3c510aa93aeeeb,0,0.26658776
2b9f6ec3bb9f9c589210c2c8548ff1c512f5a808c2951f831c61e971b0746676,0,0.023478165
854dc56969193879d6c88720b1fac6c2d8a9d24254ebacf3e8e7cbfcdfd7953d,0,0.00437101
13bd0831a3e4a461b01dd2c92ad2bcf0ddf9b345ad2cc4bf80443a4c0ff4c76f,0,0.0035432477
565f2b9c3904b1d314cfb0f095357288faf7bd41f3b42f91415c9b1a59f3ad38,0,0.0026254684
41fec413e1ca9a271ee9c9f569a51dea1783633a28d17bd566411aa7b25f5b20,0,0.018787442
c56a696f107291f2f82e213793718203c5aefb3a87dcc094b710deb1f10389db,0,8.266403e-05
4bd056796b94cccfa6df4e907fc3063085ea768bc0d4115d4e47a6b1a4484908,0,8.8823406e-05
434a5c4d73b21810a5f06f81c0365a25837d597789ea8b0cedde718e90c27a76,0,0.2581809
046b1f67102e345b86ea99bc0881bbf55799643eebe1a31ad4febdf8cabcbd4a,0,0.001566783
1582cb13c22421bf9bb22f91dd8ca2cd9f9bd788c21c41b6516b36d127ab5ce1,0,0.018325077
8d456198210d5f074bebbd3307e1b348e0b552ac5b325618f9e6960204b2362d,0,0.010439371
4d994858ab18973be0ec47b8252335d90dd8050ca57a7f3a2d044cf7fde14308,0,0.0028005354
4c44a14c299450e6b830165d353d86b4656bd63e14094d0e79019d9c1f9ab467,0,0.024060579
2b6a95e5ab157563eeadb0b7edbf65ce81d690215f54dc2a1fbfae7a705136e7,0,0.0002591276
a3b4c5205e15a57aafda2423e0f96650871ae084d84d2671ad2fd7c655d87090,0,0.00071370625
804982814d2f6dda6fd7125abe2fc2cd2123aa1b5d3d6f0e58fc65ce6bb6f0d7,0,0.14685738
f913458f591ea6045dc3abce02cf7a5dea6cfef94c0ff422b6063b29cc80e045,0,0.015476364
7b921ce20d9db7c6855f5b021da222259b2457703243aaa276f61e46e46b885e,0,0.024965974
2827d802d1ecd5e6584a12f573c1a399823026ffec9f7d361fbd15350d6cc7a1,0,0.0007716612
e7364a1665692ffd8f543757c883b33ca3c88fcdcd63dcd98cad668b69b1275a,0,0.02230685
b3e1c08bfd596c30b324a5363e1d707f9857aee53de758e7c78ef16b92bb071d,0,0.00050599553
26242a8605c3b8b45545c0df8f984d1613535a465b6045f7633b9903599108b5,0,0.03767188
a19b572f9a800d89766484a8ed01259d55186151322099cd6231005e42de5119,0,0.0045544747
c1efa3b21d77452920139ebe92b277c5f9af48e22fa9af9798c12dfc1723059b,0,0.37767363
8c4278dea44912aff35e58a8d8549c13c680104beb4fb21d7993fa4aebccd4b6,1,0.9888659
c391615de2ce5f07024201177e00e4a25cf3e1c1e924817579cfd7ca5e914f8d,0,0.0021099218
0bcb7b0dbb14092ca1478e1597fd07cbc54e9a865bd4a00abd8f50f00aa80bbd,1,0.73143363
c79c1fb1afc1901f9a65fc302617d5e97dcc957f413fe1d8822e7775afe0ff9f,0,0.013511986
a16db5dfad4dd361958456682391ca682b9527b1056f27fe394336f81e61dc50,0,0.017787911
f0add405b020888ea6870a2e6df5611efb75d2bc049b9f1368f01d2e1aaba0a0,0,0.017787911
c761d80dbbc44358136923cc9170882115be5a26b8aa4f1c0cbd9b8b88f7a88e,0,0.0019343063
521216a16d33174c1a50fb6aa53c720cd5991cdea7c51cb117e9aeb13ace2e2f,0,0.3046314
b20cb4633df53c610a84f8cd1fb2de8803d1921b45ac85903917206704f76283,0,0.06590199
2a6e9dd6b0d27f72de61856a7689ddb234252de466f35a8dee6bb10ea6d585e4,0,0.15560272
954b30b832d5bfd89bdb6b6e398f154729505a075b6a4a3a4035b3e46e4e34c7,0,0.0029819328
580dddacbee5fff918991dc8923c5364e79540f1528bcdc8128f15a8d8d21da8,0,0.0046673752
8451e2e039f4dc5fb12c8a0e6732ca6760e0368fa9e404586b82af286acc46f0,0,0.0030954755
b0bf008d8643cbc6754330c650b134f3eb849a1c683f3b54cde8311648050202,0,0.0010325847
be9db8401f7ad405e3d4f315e0a61a709e9a5c32b047a108274ecb2bb48ad168,0,0.0017315362
b58e2e468e3ad02c0b1d31d270f97736db1dcafc2e101cd0bdde854dbcfb591b,0,0.006758913
43a076649d110e02a94fa5b5b340641241f8bad12136dbe1b6bea56f6d99bbb6,0,0.0018488122
808356cba6be0c1e640464856c2f00d1dd7cb0184d682aab13ce7ffc15192bf4,0,0.0018488122
54214d940d5f98db1c2bd4f358368d4d5722ec57e1b174a3ad72b8b9b47b9da8,0,0.004119885
91e27418dacb31f9304e588538649d76af34d2c66fb9be9336cd357f1b7dc5af,0,0.0018488122
004204a240902ab8b0ea10e03125ff509233894ab677bc9700487a6892766a32,0,0.080118775
a53df359c28a2bfa32302ddaa094151366bbcc3410989a9d0fef008c9147a677,0,0.0018488122
0809b974b6a6d562dd119a370ddf65f7fc8d876387872abc4abd8d5735f591c7,0,0.0018488122
cd0e12b468d8b14065fbeb4040f6262ec91ba02f5135821c64ff2e767438c9de,0,0.0058855335
d9e678606e34d5a126869e6a1f421ac28e7e489fc89edd80477bba093ed76a20,0,0.024970844
d4cf2b1682c8fac5eea8123440a753588488790e0758fe0d2abd806b5a151bbb,0,0.0009116304
7b4c82ded6bd3fcb97e3f1e479d44c59d1d71d6cdbd3b7d05550fc47f13e0399,0,0.25326607
7f9533a1baa486945537377e5fe1c087ffbfc37aaf78f689081efee2a974117e,0,0.0045813085
5aaf4e96dcc9e5dd64945505ff147ff97fc9d5549aeea4418f1bbfa29b6bed19,0,0.022840232
7d6a9cfbe36ae217f537e8cb50084215f216af8b2d0f99e729156dde6ab2858b,0,0.003919356
648797d5ba218b755c5c5117645caa754bae5bbd5b9a29da93e4c273fe3e6f42,0,0.0036202439
fdc9d6a8a9626959cbc9425d92d0a4451c11c76b2aa5c7d340f004bf942a898f,0,0.012678217
1924ea2ea6983a3bc5dea9a4a9961b982ae3bf0bf58a318f2f6088dc7f6eb598,0,0.017036594
43db796dc74d995471858d7043e1838504fa8aa2fd0a2887c54af148e38ca4e0,1,0.7368432
89570c6b833aa72a8a3d468f2d5b4b6800abded8977c5a404565e23fd48a153a,1,0.77255434
25f24c39ab1bf0c6e563c11a7e0499cdb1d72794133286c7a7292eed3295ef00,0,0.004492744
825808129082229e9ef3f29d83ce4d2f433b4e5aad3de7fa38e360e711be25ae,0,0.007798063
6fd91f18e38432b7136c04b2d8088932ea937e378c66698c2d623b21ef32d2d3,0,0.0011538866
51ddd2be62dafbadc45ec50a83627e6e3607e6242526b4805c089adbc1960446,0,0.000874796
dbae4c0b5a6bbdf591635eba0ca0ebeddd96fb3663497fa978bb1a89cf0cf880,0,0.0013502346
a651b9883b3b5db481155aa551f1a99f2b1694525ad4de26b74605b7c83763f9,0,0.07342413
aa92ea13b0a9c86ab083ec18f7ea48caf29fd7983b61cf62f43a847a5c1c1c90,0,0.916099
90e2eb917eb6cd77be4c93c578ceccbc47e8997ff39362438f30e07bfcde9c6d,0,0.004675687
d66f2b8df20ffd1486faecc95652320abe46651fa9c7780b33ea5e95e62091af,0,0.007701956
33dfa3e0ffddfa9eb2e814c5132043e6e810ef89cb35bcbcc1cdc3c793380bce,0,0.0010100136
8527444d6a3edefabc2b7809060838c94babfadbb2602700e18b5542b96edf26,0,0.0138999075
862b8e3275ea3158bf8c888ed297f2912cafcd107dda8ef2ef080df120dc52fb,0,0.9266823
512c9f7a6dfbb48bc9d706a43d7175c9e2055837032b93e0faf1b5791c564fd1,0,0.1645525
136bf0c2dd39fca4e7a915eef800357692bfe08db6de42fc2e8dc486ccf25497,0,0.0034000892
eb3804b6d2af2feca6343756712147a7f2639818a5af89680c483735d3832d3e,0,0.037566174
0f500d84f9f01f49c7f54a96cb5946c486544ed65392b09003378bdfc1d7c603,0,0.034496307
f3894c6e4dcd0faac9766ea5b7199cbe1b80e0727d0642f8c7cce264c7115465,0,0.0017817299
f60ae3b0d663301983b0e2699f50630a13224f231d1e5837190308fda5c1a499,0,0.00082725775
d7d3fb008d56c7fff161c122ae9535f85059d9944166a0d2ad0e5e3d7234a153,0,0.11065811
0bc6aad63676199c16fc2332849ceb0d3fd66cb3712db21b0d721f9e9e4496e5,1,0.91111696
6d4b4b49a2069de64e2a3d898818ecda338b646cd64b0593c82bbc3ad5f42f91,0,0.0018826231
3bdb8301ce15fee91c4a582e40f9c782ade6908ea83686efb59263cd8928ecac,0,0.0009805103
90da84afb72795a6d5c4581685898da4db2c81e26db19998c364317850dc6dcf,0,0.004492744
9569d753e8eff3bc284cb00f652806a5406d6aa6503b696136b647049ab2a80b,0,0.00018505062
007df06497c31187207bc3e39cda9214fb91ec5219fd8930c6e5895e17570065,0,0.0013005035
d710a985b6e577fa10c976d0c3aed2e1b431c9e8ba9009b1834bb52e67ceb2a8,0,0.06054601
92590bbf0dcf491dfc9e425c10fed0c314c34999259f02533dabffaceb73b1e2,0,0.29054928
9f1e458b83022dcb753043506446966a468c36fe654ff3363d551c2f0efa6304,0,0.007552254
2eee25f2220d911217dd9861d9b9f23ee8c5d0fa0f2b7d075a84388f9963e9a8,0,0.010563923
07cea84c957322df88956f6733567a839e987d244d76d3ed4ca434e5efe639ef,0,0.008318103
08f91f62f80a23b0cb95b1f71a55b9d5cc573df7cfb61c88211ae44b30745c7a,0,0.31073034
9dc93856af545f4d2b59b0988dca893c25ff2b778d835852000c5099b83bc521,0,0.00027349524
36714683d8d7fe77ed5ac87f8e3e58217e68c583cfa090288107a883aafdd487,1,0.015384775
0e366c49da8e402c8da4c846b652c3873f39b674c7be76b4032acdef30dcc02b,1,0.7583358
90412433a3007e3448cf89b50c783551c8e23ab8f5cd279c8f3f817a8de172e9,0,0.20553662
ed0dfaac425ddbcc9b8961cba923ae5c1c8f0c95e8cff782ee7d101a7b9df215,0,0.005486599
e05ee1daa27d2666deb0994da105bb5b4440fa48b1040993ce8fa9e6dbaa09df,0,0.0019837127
6810bba22c501fb74213d67c517c98943cf4ec96b2503e7eecae397b1eeb3df0,0,0.0062729693
c85c1b84bb1f0eeb373c98eff5756ed66aa8b02288f17dc55522f82c53cc11a8,0,0.28200895
2798fe5649ca02d383b3d795510a67a15314403fa88784af0b642121b4a150c1,0,0.016366983
1567db47659755891ce3e5982b771e0031fb6f3dabd98b6175fef185690765e5,0,0.0009887429
54835fe20db6f8fd3b86a47abdd29f10cbc78a1010434f458383e78fed93baf5,0,0.00086126494
42304d6b0a04cd28f8fdfb6531a20bd5a37d77fee69924e9b06748e95ac6c3b8,0,0.0075241853
c2f95e272d9752f158bcd9a80a830002c3f71fc66562bc4edf798b69f9a42c73,0,0.013529221
2ab7066e2fe9ddcd0c2f8cd14edb15e049fbffc90714cf8c20104969670017e2,0,0.00028316892
16dc8072d3dbd031ba7624fd16e794f1adf2a43d30942ba88349cc4b08f27e91,0,0.012638663
f58b95186f36eec4d21eeb2a3aec4d157889b1f3e64e22b0d232ae274141bc90,0,0.5714332
848e06d2e58f5374c28847cdd15093b5f32a22ed025e669c0bb8a4e2e01648d8,0,0.28490916
44b6bf28a70126a537e1c7d00bd8b1db77183c68b87a1c9ec0c1931d8cc9fc3f,0,0.0021000567
fdfcd7ab1675ca5588c785e201dd3a2282e74691acb95f5326a93175870ef4f3,0,9.839902e-05
a2c765c68fc0433373cfd0e5a78f3550407fcab44026798bd9cb08d009e85d8e,1,0.9998011
9aa401a7b83d4ce005eda5fa8f9d9dafeb344f485098524e44c9c49496e0f4c4,0,0.003208253
886e6bc19facde2acc53dc0bb44e0c9f76e4612a2f6cb61850159b06b2b628bd,0,0.00010791055
0c17bc6c26d0abb180b503f26c8715a81c35987023f0019381de0342ae0264ad,0,0.0008600406
761a681f263d69d570540c61a253199a4e5bfb332d4d12bb1047474da943451c,0,0.46518114
4da7690a5ca4910999d907fc08ca00f29abb16546a542e85aae49c5afbc3b25d,0,0.015028647
521d9d03249010c2d614b5c7ba8ebe8ee7fe750c76544eded0e262d3538262ed,0,0.037448183
c173df985ef877a4f4dd04c4768f3dd728ed1fcef50b9effc4cef288fceb22b6,0,0.000640977
4d18fa36d189e272f3370a7c9077d7c1dfb36c78acd0b7e00205374878c49502,0,0.041785065
17d91790238917c2792d0313a4c945aa1b2105e4260462ca80ee40b472fe9e98,0,0.0008600406
857a90f5b29d0f78512bd8806dd78d174c80ec25cd8c8c6261b5a819d88f612b,0,0.0008600406
aaac9cc43980fe7a6ddef9c81b51962f768935f42fbc00d60257b3bd77fd3033,0,0.18252638
ba01ade378961de9af76ef387be0414e96574d9b2aa6974cb8fe628979c3c776,0,0.21782075
b1c31174990b55c7142304a2d5ea71b6d9e1baa7337e75d2abaa9fd0066b6b68,0,0.009696766
c67bd285fb084b9b24030a3fed25666d8bcf0611e957021050a58d9c2943b645,0,0.00029708623
e3e2a85da36d728177d02633bdace19ec4fd0fb1e9269dfa684fc5292371a0df,0,0.037663244
ea7be2720a16919b9ff7d7850e8f9ef38fa85838a5b22c2801bf72694b98a43b,0,0.023668326
ec9735b62233aa6659179c5bc29b36ab7bc5fc5174cd4644f44a3458b21653ec,0,0.0030089014
ec5fd7f7391677385c96b1fa71dfac07ac83f4705e01528e2c87b5338aafa2e3,0,0.0011483113
02ddfe006e0d882c4acff3bbc6698d270f2396176c2a5fe35dca0bdc1057b7db,0,0.0017368532
afd134342b401f3757d64589a5383edbfe1b057965f4979fb52b537b30877b29,1,0.9305168
ea147f658c6c708ee10051478be1d7676d3c1b9d7210fcee248a38bc9a9225ce,0,0.0013493738
ff0b0d2f1e0bc5c780ab3e5044ba4949b9ca1aefcd24652559969c600e71b2d4,0,0.005682002
e0c37b1ff69da6ebc76579a157b335beb4d29937a7e5ff4fd2e9a8772929d0e1,0,0.005682002
6b1b2dc3c4ac1a3fb501f149850c35d8b77518806ba0330049438a0445528d54,0,0.009404586
807ffc02385990a685dd1901aeaa5deabe974cded2b7aa82d3cc5d256e615033,0,0.0039806436
a704fb93b935755e5767f295afeace9518df53f65be19cf7bc4caf147853f44d,0,0.0037238467
3eb0cb42829947afde9641b5ce46f69e95e2b0b0f8baae968b9404c8579b7826,0,0.00027349524
4b2f9872117824673214b20ea9bb2c52e8453a4d96acc1798502dc0aec3faac4,0,0.09702879
d00f912f8ef9847169e841d794d6761bfc5887d3e670aae1147e2e9aa3b001e2,0,0.0008600406
a24b364eed2e952eb7e197d7f53cbc1c5d1f477e905c51fbddf28192970a8e4b,0,0.0008600406
9a546391a05592b5e823033767ba2f0738bf94178e7bda6a99a0d629d85969e8,0,0.000236677
0c5013c287531d5e5dd46f93fcbca9b1c5aa5132c673c8e46dd15970aff844d1,0,0.21487202
714c2bf10005bf206a16568575aafb298301d798fdb5f948b86c9bcf29e30551,0,0.10493082
79570df8169d9551f5cfa7d77e60f9e6212f77ed242379c6c182f8de322cdcb1,1,0.1889934
aa62b2a81b2b4c76bb7d18eb8239ab0438a871116308981c73652f23bb28ef3c,0,0.002148337
4e938284c66eb7fc1b4938e94594de75e25ace8f184397e351c0cc353ced8d7b,0,0.008442469
4d66344ef11a631d204a94854628aade17109d660547337b35a6621f2c8859fa,0,0.00018015284
083c44e706bbbb2a4f0721f3de0f0a71ae05a0f7b56ea021f67fce3249952adc,0,0.003746346
9506cf348d758d385daff07cd8319045b51ce55d1c83a8858eea815db8f02b10,0,0.045734476
674ec7fccc6547bc3c1b773ca474d2bb2365b53d6fe02ec51eb00ea6b54e6b62,0,0.020171903
b5a6067da0ae2a6aa0ecb88a3f57af96525ed85895a81672f962c7bff83dfffd,0,0.004474491
a14439b8838a73ad99a629c794984aca90f8bbac100b7a8ed51ba0941ceb1b2f,0,0.0021130333
4e56d26e3e3916b7dda67aabd1ced46ef68e6385680894302bcd7ac0744ae4c3,0,0.16116035
9d124ed3cf779fd96d686853eca443f97adbee04e9957e13532d04fd8ddf090a,0,0.37568867
6bb3cefa5707673c29f8aa4399c4dd5e5404c92d7407b42516b8cc582978032a,0,0.03675171
1237c8ae1553eab783795c4341949929964a9d4a4603d53a0266c258cf05d915,0,0.004010703
e61b796c7da9dc15d90d20fdd579f66fd580e5b07de42117e7994190788ec9ec,0,0.0029735647
1f56205d4182fcd1324758bea1d8e8dad018e8630f3112f3b86f1c0ce7ad4bb0,0,0.013276842
27882417b9d5ac272275e86cfb3f1aa5b82a0c5dfb37645d1839bb809052202e,0,0.17176613
d17acc1d16ba1f00210e47da474fe95a98fabfa370484f7a8a384ba30e22102a,0,0.0017304099
6062529624cff64688ffbfafafaf2ecef73ccfc9a1454258f5312b225c9c9ca4,0,0.0022155251
5e7123469d1d711251bd56fb2d0242d6f9706ef6f39b2b7b8175f7a3e9052409,0,0.009479967
b8616f47a6f40ca565e578992ea270912a83169f93249abefb5acd86a514905a,0,0.03728149
d933113ba0f7b9838b301912f7f8c89df307713c2233c07d29baecbd743723e9,0,0.015023008
cc69c52498db80a7db62f7faf718b2ad7c63a65766d62dd11ac83d9c7b5f9536,0,0.0020216848
9a5cf86f6fd487602529d2488f87751534f64f88c4314701bacf7d198d30dedb,0,0.0093244715
8fc236e7bfc693e96d98edb22f934d775119bc98b8556e78e89a9dd1b8d77f3b,0,0.00518926
5e3a65c8ebf9d7ed9faa802e6a456d1ad201ebc35b2c6f63fa5465796a5f975d,0,0.045309864
45caa063f6fa8521dd5245171d4c63d55e2eb776d28a5e0b01c1f28f6593955b,0,0.0008763857
a968155af524b3324fc4c9f3dce8b164d8c56ea6537d6365bc625693dcdcbb74,0,0.00077592355
49991b2d5f7d53f704def6e6533c76c24d46762c44059617957bfb8db7d14a21,0,0.0067355176
5cd9e98edae736871bdab07244f004fbe2d59d0f2eae37b34e87eb49aba3a696,0,0.10828167
f29529afc7236d180db0ba43ed3836fd5419e70faabe06d9cfce2cfebe08d96c,0,0.003292311
c168694c894b20625351666509ab36b939a8033c6bc3e800a0ae28c0239b788f,0,0.0018701847
6a82a3c11e664a4b0e0b0ce091b118659285c582f577f792288a973ee09eebef,0,0.0022067179
4d1a1669427d39596f844b5cf7e1c2864d55d62fbf645040683e8d02b53f4802,0,0.0019166642
0e9b23c08dece37c248cde90264a2de4a0b4316b6085ee9ec4cdedf990495e50,0,0.0057293666
15dc441839d0db2a78b97781c17678edef8283183248bd7103c366ba5ba80791,0,0.0017120627
f4fcf3e60aa08c3ed87d7f7a21d9a0f8f8a1ce9dc47bada57060205cee9fc7de,0,0.0039119665
b38cabc773e4d7b641d0a383e78afdfca02bab3ccbbea56c5b5aba00b47e98b1,0,0.23454818
8c0e519b3320d52e7ce3def468ec60762df7a3beb666c1da3a30396a040aebc5,0,0.033314664
0d12ffa64b8d2945952c25bea667ede65e71a5a1a1cf1b5185bc62f0a9364ffb,0,0.033314664
7d834f823fcbd4ffbf28ceb949ad854e08047fffba35f781bd936510c4145d41,0,0.0010425354
139624e579018e7fb28fc946cd7740096d964d4b97d88f65ffd37e1b23d20de0,0,0.00022417023
0e43691504b21fb7d4d98c13cc2b80a5aaaf430fb3496395629335eb359af8da,0,0.017567845
84d157f0857b6f79c2783cc5eeff847cdb408c901344fe6ac907747f110ae24b,0,0.0022628005
7a2b89072d58f4b24e63a1a345b6f9863e4778c993a824ae5f33df7a7f078104,0,0.00043566356
f662ea3317613af4f7b11e48e9fe8429317660811153fea059c531a3a487702b,0,0.009505806
b2fe6def3bdb9fe72274259122d5323643b7f2bb375949ca8aa7411399ac82a9,0,0.018831085
2e3d734e2041cd479e94b0aa43640979dd0eee4eb284c6d0596a6226eb5953b8,0,0.0020216655
77fb05d4a703a4c3af4c1175ac02f8fee455d1e084f04ad8f3ee7de24415a2eb,0,0.0999232
ce1a38e89cae849fc3e155ce9b395edd5f40cf9e0add3951ca67ec769a718774,0,0.019573703
6c42fbd981cf755700a187ead0d12f882f534e276a8ed8c3b7a8ad7daa133d88,0,0.0008609507
0c83015fdad46eafb18c5bae2d61ded9958a70cf80c75b6aed4fcd164429d581,0,0.20146075
8888891aa9666d7e70be562abba075affcade071622e4ae654daab04c83b7365,0,0.0008771552
0c87324669b4b292bc76176aa012ef0a7d00e2679a49e65b788ee52fec3dc35b,0,0.00021953539
f81fd0dde4fad1b4659ad73caaf8af1995fba193207fb81e7d8b0c9c0c81c9a4,0,0.1645525
39a01341815e5124d8344424a6435deff86c4446de51455741b173952b76f3e8,0,0.00044826348
6a882e629bc1e2c045bfd249fac2237c75239f6cd65dfb71eddecc9e1430532a,0,0.008665067
17a43ecef139d24be95dddc687f01a30ca0b261f7d457e78448c3a5e2cb168d1,0,0.0048367884
6b71d18dac4f813b7dace9152d9fd6c255c5133015b9101544b2527be8a3835d,0,0.003128371
d755868fa68d2668e659d48695750ec249774515394ccb47c1209d906950df0e,0,0.027434936
9941278ed5efdfe8e9d8d9ef7d824a3d1ef5fd5553c42f82848707e2b24db1c0,0,0.004030119
3acb0b79a7ed196c04a21e7f43a9f22fcebd899fce60175683c56d89e87fa5ec,0,0.0029171142
4ad96db97533ebba1d2019e7c664a5ed3567d9d904fa8c9c8bf1407b5ae148e2,1,0.41995034
cf63377bb13cf086250f6ea28b7eb1b31500028585c936c06e81e073812c12fe,0,0.0002492943
c9764b1437ff7a5569e1ff7c69d57c48276f5a994adbd56cf4e63ce188deb058,0,0.0011781562
86fb2f007e065f447ddcd4af5a38af82d69788b8373701e6778548cfbd1950f4,0,0.11120956
bf405ade4e507dfc26931656c914670ae30bb6f1c723c026a7c4d9695b14d064,0,0.00021953539
a65d332083ed2fbd9b130fd95249d29dfd9b1029b9ab10a06211d25f7f07a291,0,0.015028647
edd487d1b77fa33511766a37239e54abdaf1f8ae3fb0f82f1d9de558dcec9c9d,0,0.011840003
fa565571c520674f223141802c3191e43a554d46bcaec3314b5a095e8d41e0d1,0,0.0076155975
16bc02f316517d23e6780b7c213f992386aa558898d2e00b085a331dbcb32f73,0,0.004167752
484d99b406e8e601651d3b58725c1fa4733218c86846cd4b6ced6e4beca8dc7d,0,0.0025914563
304472e80f01e7ca9b06dc2b712bab26c98315ba1d42dfe3514fad8cc2c209d2,0,0.04144543
d56b3030d6aa49469569ee092bb7ee355f5af8a61a3254e298b2da04a540246c,0,0.010568479
f6ccd3416761b150a3e0deb8f74dbb4d92f89aa7cdeb631a3ced0eee9a98bbe9,0,0.010838557
59472f1be4f9a269031464523244ea4a1a29149bd07e8379ab797e9431b1baab,0,0.0027666497
48b8c9449dfa203960b648052db06698ca72ca13f1a1fc18de6d1f8f2a3e0a47,0,0.00041152706
f5d7eb4a06d90640bf28c6f2dff5e6f51f8a2c04a48f4210fa00ca5b8013ca41,0,0.13959698
40303fe8579f54da5517c6535fc0f2892395b5b940bc8d5f30eb52325756058c,0,0.0044470644
61a861d89be87395eb937eabb84518a17cc1c499f5fa4188b9dc53ff435d73a2,0,0.0022067179
5881331e924ad3cc4eaf693cc305889b1a67d03fc8d6625dc87e1de648161236,0,0.0030995659
87fee33b70af59866688c65a271141c6b838f01c02afce3bebba5454aff13878,0,0.0010012477
3b4c345a93b082aa1780b4ced20185fdf69e61f58db5001404b16e538566eae5,0,0.007349656
81306d0acfebb95c631b0411bef61cfa6f3925736c802577e4b002876e2c46d5,0,0.0023756216
d2072b3e0ff50dabf2cf68ea02a5389e949ff98806815bc4c8be2bd53468041f,0,0.0020002888
d90277eec1901c25e6dacfa25d715dba945fc5e7ad6a367745f26300ff9e173b,0,0.06816148
08ddc87dfe13e6df712c419f52dbd45820354bd265bb35c8def400c8cd5753de,0,0.00041412024
60c3ed5ceef1f8e2fc33821c1bbe0358e53f5e87ba367c0a389a5120b8f1f000,0,0.8463229
36b6028de1c9d38bf67c75a4e7790064f8e51b96ae3c955023375734fb16bb78,0,0.0064812587
4aa25b515d5706bb7b5186ae23f22dfbd98a4a2e93460cb35bd4e860a9c09134,0,0.010896436
48ef7baee8514610fefe0db48996b83b2ccab7aacbe2dffcfe13df3e81c4748e,0,0.025101874
a683669886cada5b1d0cd9197fb293a6d3a90e421492e9517ae5c98a62693c62,0,0.06626498
b89ac8bbafab78df2ed1a58e6c27db3c26a2678b9ca89e864a4c4b2adf41be6f,0,0.00059692445
91e8d474f6124200fcb7829ff479730c07f999ac64694910c5bde7bab3d46692,0,0.0018624647
f7eb58492ce0bdc4732030b6a4fd9765f0ec1f019b4a262015f5cffacf4f2c0e,0,0.0057782377
7816c79268f3e1b243059a60424189d8a581c70c586b48adb4acea11da14a150,0,0.0018488122
6d377e91ca8a019bd2ed9ddbc8dc33e816f5b088d6fb955bf9b9fa9e5bc2ff12,0,0.0012897624
d0711ccaf81e7c812761127fe00c2bfa21dfea6427a0655f6e6a1f649e52b821,0,0.008629301
3d618d2a2fa6073de8aecfad8cb8146a3b88d518ee82879fdef0ed57ad176a2a,0,0.0017315362
4729d3d63d5b63571d5686eeb9415ef39202aeac7a26c85aeb8d4eb56ecbcf43,0,0.0017315362
151b0cc0e4528a40c96d3e537f01569e2acc8a6d48db45b97c2895c106b1550c,0,0.0023875819
163bfa6351d95fcf30fef4e45eb0261cfaca072e9d8c6014e72b85fa8c6218ae,0,0.2231467
1578fac8421f970517372b1247752f84f43a8eebaed35e83dd5e53124837031b,0,0.00019059751
15e6d11c45acd9aae9251d17582291289f05143cd204c3e0819bf881652d00b5,0,0.0002668959
e816a94ea7589662b1bf2ad001db633ec2c40d93c7c9a048def2950afdb9562d,0,0.0065999087
25d5d0a0331409e7eaf85ecaa8f5c7e10c932b1d21e66a58ac7b389759694c2b,0,0.00798424
c3c5cc1c70d1e5767ee6305d3001f5a780feccfb5e689b1f63d2aed57a8d927c,0,0.035486054
723bd72afa4b463aad8739e5eceebd7d13d9a1683972ad2c9803d3a46477013c,0,0.00039548092
83689e3395793ad4328e9b1d1e9536fb48a1304ce10f943315ce160615b1e0ad,0,0.010803619
b4e86fd9e9b761f46a8c295aa7ab3e11c799f6ee88ec4cfab46dd4d7e171abab,0,0.0069110966
f4d31a6a9139592e0b0406b1f8c8e6ed3e94702ab8fb135233217d5405735839,0,0.007991978
ac51b60b52c157652a9737d9c88cbec2b9dbb0824b1757300d713ff19c34b1f6,0,0.021622483
0e85a53bf0cd21d7dd3f67ec269ea39b3f6a2641825160b30c94f39ecae10211,0,0.003940556
572a9aa5025e3ba97a78e52000b5ea04151716964b7dcd37a5904251112406a6,0,0.00081662764
0d1b08a16f10adfe73ca688c6c906aff366611e4a7c6de1cf2f9a3fd1130f5ef,0,0.0013971837
79b3abbaa8bb5d6afb5860e99f6a20e251e41b3e8a0d092610169c0295aa3137,0,0.0011038907
9800c1ce4f0c0005c541670d3f31bb021cf23db698fe6d4cc027f9775162ac17,0,0.2753136
c937a598b0bdba4e76690f14c68b06e1dab5bba45803fb18024d013fa2ca4cf6,0,0.1684517
f8bd4c393810228ba9d36f251d98cebb779eb31080764aade090f63fc3c4d29c,0,0.001622526
a92face9e4ad3bc85d3d29da9295a0dfc3a99882a42a9047bc1c5488f983730a,0,0.14639986
5cbe18a02764a426a34a4a7a8bde70f37fcf08071a337f06ee49a2910c269943,0,0.004492744
3e6189b9e35869294b5c530da90903cc6fe614eceb9ddf45f4a73b7572933d03,0,0.07319032
deadb489a3b30411096ef2ec44f3e49f7b4a62a02675fa0867fcd10540de6e0f,0,0.010469076
ab94696e7320a030ed2911443e96e0e0b5eb82221276b4988fb5f377ab40517c,0,0.00035594404
3f887a956ba308de0bfc588cd69bb10e5a402bf3877da8638316425ca98dafde,0,0.4667906
e61015512ca5ec45b770f83dd25dab594ca13198c844159851c25dea86c4c2c5,0,0.0014217104
87c51515fcefcf48420543235da309dff372d0ce6619cdf35ed43524a9176abf,0,0.0033896272
87560f7e1cfb6fba33f425deab96f4ac2c80c4c52b794d4769e74f6f249c2f7b,0,0.003746926
4b9e8a7a47fb9d11cc4c2d10fa9fc53e81cbb4d02e08e2eb0401f5f4dfde3edf,0,0.011788192
99e33efb8b86e666b36ce98550c94b5c99513fbceb88d7f19ed368c863feec82,0,0.010439494
c36f6308bd4a4e70d451a53b1a36a7af8ba0271db6170d4e1206d76ebb21cee2,0,0.0031065634
d95b499cbed9bf89cc277d2716d6ba245bb8f0af4608e5a58d4ac4b32e6a26c1,1,0.93556404
47d6bae4ea3ea9449981068ccfbe0791ef98180d89f9ca5377cb55699423fec2,0,0.029113404
3dd7a3d03588cc2390f491e9f9611f9612d181ed895ac2693d9a668348bf7494,0,0.0029606929
ae6a2a5bcdf0d2a7eada81d049b9514dcbfe5950203dfe4e00616ebef7cacd26,0,0.025062697
f36c7c0ecbf5821d93f4ab9bd5f7c0029ca892879c808369becfcaa0ca8bcb1f,0,0.0014179244
b18ad55b1e0139dde60f5d7314e8f73619d44fbeda896510a1b8f3807b53f6d0,0,0.05703956
c09cb889961246d219d9f88d77471c69325d0de0de25fa34406515623c1141c5,0,0.04658265
ba9931ae973cae24a6ae4761b74b67e80b93de24c6828b80d4a85c3100f020f8,0,0.05703956
961ab39be2ab1e188418d5b04044ea39dc21c3b05f689ac8d056da6306cf593b,0,0.01829389
414699579097e91411d52dc3e5d0d63e012bffd2b55a8488d9e0b41db304fe6c,1,0.55257285
0beba1477f083fb0b5a0647d095a7b55645d8fae5098af76ba48723dc3db6c66,0,0.12389325
20932fefb38de31ff0088d5b22867d921d07cb62e20d44e65fc56e8c51dc054a,0,0.13706593
518ef6d5b90cde44a98a8272cdaab1526fb220eb539156f69396a66f8b82266c,0,0.053584117
8c192ffd09514c71eeb256bffc05ca2d1b956dba7b340193ea59c8b348f65c0f,0,0.0010675397
411ef1e0e5de4b4c68e0d4997c1adb7b36ee6f48c958d29463bf8fa1ad0bb961,0,0.0005195742
2ae85b061f3a73067a1db4ac3c503acf7a73a26a6a0288a07de48b27ca1389b0,0,0.002479979
e2cf262fdbe1252d5091016a494348993adde57e2f55a91c31330d6503681542,0,0.0018043898
f2f40a90886e7fb7cfdd948bfcb928a5bc05bbbc2f94d68df9b3fd15723f6fbd,0,0.0010555821
28302b3059b6d80a5ecbbecd899a510c77b2ba6ca4a6b2f1d9f31a08e58768c9,0,0.0045537897
1599f4c8d9d100c837736ea3b6c311e4c8a95bd2b62f2b911eea2f731cda25db,0,0.001159555
345fc143b6b860708556b7526062c44d8f135091ed6129ddb832b8d1783e9021,0,0.0394384
69b358b2a824b587e09de4c641fc0ef72b7b18780faab6ed9a48dfff45ba2ba7,0,0.0045537897
74ac8b9d8343ed3667ebf8ba25034428e10451a3988d9a3910348b16f2d6aefd,0,0.016812228
0ccb8d2a8683f9be78c14a431fe5b2b5d8e93a72e843a426f764e31192290771,0,0.009677557
dec1937a995684cf64300a79a6cb9ab73d109ac3f2c9758d1e39840723131ac4,0,0.03553781
6c9ac87c769c3ee689721e8dcac82c58cdce07687f5a7780c7dc345fd9972bb0,0,0.0002491444
4171cf2f9f7c6779965bb626b5f709e46222694a2fc11c8a377221aaef7c5332,0,0.05202776
04b7fa4a0267733735f1f951be9fe39cbe177c8c8737ed3d8fc3c9a838fc3f71,0,0.0010836538
b5d2d0ba475c1cc05f263368cf7a544c0a0f26b63358aff1d8501bd68db00fa1,0,0.00034287854
68b9ae2ad88b1b876ea5d2b61f465aa746a5e3e3da624888173c394462a48b05,0,0.0029387875
35f280d17abbd9a8e513bc3f9d28f4f760d273ca0fb9dfad99ec71dca5c97d5a,0,0.0040220427
7ee5bf73e2e1a0e2ece85c7813368ace3baa571ad1fd54e8e51f6c34548747a9,0,0.0010129219
4b95b587ae6dcc2ebb779cefee308da648e1cbf3416b611111429c7c55f7f485,0,0.45163903
6f1c9bc77eb8ce7f95f3a728393e8eb75e0468b9a4cbf0063ac16ab4e130721b,0,0.00023329997
b94c13a2ff887a3f51bff55fb70a91d3ef04479baadb49630175489850522eb4,0,0.0014597393
0001cdc39e4708ec9e86e3d73a31b4001fd9f3152c4d2da8e0403048afd1f243,0,0.0019807562
907218f8b23e6913527d6cf5a6b9308f39c69fd388c80335e66189f58587aa38,0,0.008066348
8f912aa4c88d7f8410099d4e755e46c286ef448be2e5b96e47f0de576ec0daed,0,0.0006480909
361804d52c0646e70dbda5dcbc90730a477caf46163c50d0da9f61789a5aad43,0,0.00017513198
b2d688e20726efa455c8f0676f5ce781a36f212a9ed03c60ddfd5320d4dac74b,0,0.014719836
d2e0ac73baaa7e27137fffaaad2335fe4042976dae30cccf768e5b034dd24afe,0,0.004716045
3416e83f25c7a6102d7d76be5a561556455c085437d7145fbb445f6e38aa3f52,0,0.010678584
16e35e2d41ab21bc3f43c11ecacb1cf7d0216eae7d611b48d27b318551e298af,0,0.0012974037
43ad10a7499e55525d5a50d1a609a87286023226b2dea7cb8ef74b09a9bb7eea,0,0.008865048
cc70a8b5a83a61b8f732be0a7f4e3ecbb133ce91aff799aa42a8bac657b34ecc,0,0.1493557
42bdf5b63f2ef2f228989f023036cc2b554947f0b9940c8ef6648ce9ed00c292,0,0.074089035
109d1f34d7dd9ae23c53b039e85f749071a44cabeeb22f1aa6679930b7e4ed60,0,0.0034686823
c408c7cad3a56dc0ac0cfa44a798f8f6f5b028da349bda12aec59e02d210dcac,0,0.00018505062
94bf6efe4ddf06fee8c2b41ca326c57e1f6579ea5fdfd890fb667d4b237d59b5,0,0.00061633537
3157fc74e6f0cf47609193401dedb2343dd026b9fa2774da737f9ed9d5f9d3bf,0,0.0021836606
5b1e53c736a9cd4e6b5ffdff2e982c9d8cdef27b49b6662b00ea1ad461391b36,1,0.9890435
6645e603ae07591c3e3edff8c3c60a758adafd7e5364dca9f75ca539ab3d41ac,0,0.2231467
896f41275fc43b1897e04218e919eba94a2edf340aea27ae8ae9c7d22a97e5ec,0,0.0009361851
e3f09a3bcc8dc36e454ad5a929ef52e8755c8816a39750808c6e6a7d07607f05,0,0.0576891
e498e6368a96315086b992dc36e0f3988931aee47f5dc64a5fb4b6a620830db5,0,9.800749e-05
ec6863dfa06849538de1396015dc484e8e69f3928d19afcef211b79fb04fd835,0,0.0001844865
c66bf375f96c45d26b9fd65f4cda7a4c182c60c855d0687e5e99ccde1d45d61a,0,0.0025914563
d9de79b396e1ceaef08b07d4b3c318fe7d0282e4971abd71184a4e597d8e2f27,0,0.020949781
d283f5468bd25b159aad2a948133bc4cbd1f78857c0d73d1e3caa2e5554752e4,0,0.020949781
9c644677b61d078e76eb48360c9949ef9ce2efd5ff9ef540deec612c30c9f55a,0,0.003314684
21e70661784827ac2c9ecc61cefd950ea31348693007556f3e3c1513a7fb40d7,0,0.030539822
bd1a8cc1dcb8b81eb61ada5f3bf9eb8f824411de7425984a46f5ba84ea2e411e,0,0.00022432544
e4937f173cef9fabb5174bd2f876845738a298cb94b82e417afa0cfad20228a7,0,0.0124631915
12c0ca5c49f06dbe4ae5548ff2c796e16b5ac11b466913619d957c921a601a6b,0,0.0041070846
0fcfe3a37f5d18265d3cb757333796c46fa581219c2f6a207087e8a82c2f130a,1,0.7583358
29a06e3a138b4e9d5575d9e0924c148614de32794eac6c7b0e94c2f9e673bf80,0,0.0011016703
bfb93452ce361ecaec53fcaa75c74c23c89c4be437b3d55ba87275045286dc35,0,0.07007217
b18779a9e2413c4ba3f79951d107738162b377535dd577ed34782bf28043a35b,0,0.12121719
3d48e1abc1610f4b38560362cc5f1e18f4f98d5cd4183bf69e05f5d56a500233,0,0.26378882
0004d5b23b411a843e370fa9f442b13faef21d4d430d52ac3f83f89ebdfb24a8,0,0.073535286
4edcdc0f968b0eb41c5b9dd7fdd6b7c6d5255e2ff250d76ee1843ef26f466d0c,0,0.050682362
31c83757d45b5eff5e1744602dfc3cc764c8113eaf1aa31457035edbfea7fb67,0,0.0046843207
7845ca057947a23b4867adba511fe7cefd63ee89643bb379dbd7f4d5f43be931,0,0.7459512
4ccd57fd249efb9abaed11b7e1a774b9c72276e075884c67a07c7776ca5b2675,0,0.0010842816
cc08d55074d99e4fe32ffe46d16a3d3837a7452d263b59521ae073dbad2a054b,0,0.12599304
1f2a063664a17e4e128de28da8cf103d34482b34c56a1d863806321c685ba124,0,0.0017155495
96ddeaa5bcbc83b3dffeb941f5861d051dc3cfcc89040216b9bfdcec8b7e5d70,0,0.10941979
a4c3463e7258aab9d16f698a07e276e0e9417b015a622b3cc7f9ef902d34a8a5,0,0.00047605304
4dce06abdc523a145ba74a838b7fe26764e637f330214d4c07d69565d51568d0,1,0.937274
da5f80f5ac0d22c8c870d7e9d7ce679cc137b7e50aef14ce270ce6c6e10b45c5,0,0.03345096
9d010f9edf7992edc6ed1aa0b77d9e57364293d952a612cd011b9b481900eeda,0,0.00017424652
228c441c9ef82aeeb60dc1c83390cfcbf77b129ba811f46b1d2021bf93211df9,0,0.0032663483
0e7cf573b20b5f1fdd4c4b2303c0ad994d4c7147dcc9526ac039528e10cb1065,0,0.0020797658
9e8cac2ff8af4d750e89456730ce9bdb1fbfb55fcae5246611c30998e574fb63,0,0.14726527
c96c0d7abff1eb4daf301d61a58ffdb841f40f28c494f1c594b4bb7ebddd453d,0,0.00077099964
b56829042639129ee44d6f3df38b88820226ef9b1b013f83dc9c79fd6364c404,0,0.051421802
57e657a9c8f7f3ba10d81a1d56f6b80eb81f3434e3b6bac2e0f457c13ee7e7dc,0,0.29054928
6c78222f3c34637e756ac7b89fc8f6641ba46288944a4ac81b9958172b99db11,0,0.015765348
9ea302431fd62e2db1c465b7918414ed4aa10f67b2809e47d0e9177de06a9a72,0,0.00077099964
eb5b6ba918817c4b30c0fb5b4109f0a05d72f595a8fc6cbe7198150aa5585fb4,0,0.0012087282
f8c4ef5234f180134937d9a854f7583d054c45ebe4f4a90842cad6e545a10b82,0,0.008399177
38bba86cc701278711ec654041b9ba573e1609bda4007b3a3fb5a6ce5718102d,0,0.5456349
8cd6e2bbf993fdbfabd1922965aa6a039c5251d816437639b43fcee188430420,0,0.0024643138
b74a86cf238591770a1647651b7568aa884f3e2e84c93ba366110209b6ef2728,0,0.004126188
e2becb2b15fdee36628724b6598bb205a3f6abe5a01833bc6011b3e6be698aba,0,0.015028647
e3b9107cc5b2abfeb45d6003ec39261bb31251cc23a40b079ea42580c7ebf205,0,0.006418149
a84404ca74f4d989bfb0772d89d322e82f3dbc298a14b88fcd3eee302242840e,0,0.0032663483
85bf0813aeea0e37d8a0677cf8573076136b78d9dcc190802365def99791287a,0,0.0032663483
cf0944d18e1ed196bd52da0c3696c1639029be8931448f1a621e2de41d9c09f0,0,0.00780689
44fff66530ae86b05c9fb4ac6bf066835799e13474dcd380c519a7b7e7a58de8,0,0.0005982695
7392040594b6800decac2908c800f1505a4e0d232dfbb35a141febba894c04bb,0,0.0010504879
79db8fd8082e4a2cf8583c54c750bf9f7d9acbbaafc16b703db30be68db096bf,1,0.9463852
83d2445481e86d992aa7999da8ecac9a4050f50b6f9a27cb4e818607aaddefe6,0,0.0017020556
af230ef984d458c3e884c14630e23d9d0d0ad8c23d37a8e04e1a7e8aad24bce2,0,0.0010225154
7997c310b79ab806e95b62e6aee26a9119a3148ed9f735ab13a3a696d7607334,0,7.9218684e-05
0528af8c2453c28aa43b764ccf3e74084a68faf5c2d7ad8ae2abf3ca40e71289,0,0.0005983924
3e3b7e7d426a5661ad1a58c7aef8b38c6cb6659c8c1b535ac5973f603e763126,0,0.004094032
19abb986c4f828f9671a59d04b9073245e47311fdba189b6f6f0b4239faa8b77,0,0.0035781378
10e3caa1ee796e73a2a2428f5709cdbffe939f00b8e140f003999a927a460992,0,0.015411219
63b6ec58b897c193ee74ad2cc66addf62fab68030a48d46c53a5be32d7e34cce,0,0.0036760005
cf7d151a1c7cf42715b79fb112c2b09dc5cbc313b1509757824606607f27e832,0,0.0022053323
c62bda8a488c5c1621d2cfca0e1d2f7524d2dcdbd3af3563e2e55a4d6fc98d83,0,0.0054444573
848bb5ad1f4365c4b73107e26522c758ebb5ec593e6e7b49cfafb46beee3288b,0,0.000714657
3afa298cfb349c9f5298bfde3cd11d7927a65fde40cfb94aa11734ca5b41e02f,0,0.0011212191
0862e512af02cf7f50511b1b5e34bfc55c2a0d71f42282170dbb3c845204cba8,0,0.32406482
367a415b8aa556852ac8be424da57332b9403546b1aaf740a9c2a2eebc8c9143,0,0.0021989117
de0506757a3d65a363a7f6fd7ed286607afc846e75e8d1100eefb0863cb61ad2,0,0.8337641
c7dc4b8dff192de90078fb8b1970df4c6e0744e76110a91a24fc6ae46f5835a5,0,0.11044127
2bed4c24f1cf8e4d1fc12fdcc17ba1d4a0d4c96fb81bc9ff18ec601f4c5daa6f,0,0.010469076
9bbee9669248bc01094fa51c868b52fd868be05a6c83f2bf096207f36fbe38ae,0,0.00028344983
588008767830a53a22971dc83fae1b1f697cb912ec2e0e3cb5001047966def6b,0,0.0020421438
555e72239c717a2ee4a9994fd59bcc34628eb99050d9f52e52b6ac48f8684bc8,0,0.0019368496
5c537f53a83692854b7bf10414ca94f342295f115cf0de4152f7ebbf75a12914,0,0.0012897624
9e964f53089a302401a6d5b1451d7ce5539f39b85eb0a305d8d77e6edcbf803f,0,0.00019059751
b875544f3f66557193ac5b897f355c1d8b38c2c6959df6a5b95a41cb9e716d2a,0,0.0010954541
2378aa588e61e6f3076b9825476b8f63fa914b81697f5a035e1721b6cbbea220,0,0.0034170144
1a967c94405a37a4f3618aaf51257fc56d71a4cca159c69afb17f32635778dd8,0,0.00059273676
96bd0d9b800a5047f653c969b3d79e46e9073cce64470f4955fbe69fdbf12e5d,0,0.005229273
6f2a5b30cf5177e285b3f2e29fd3a43f3a5b699a950fb15512735d6e38228b62,0,0.15138893
26fc7976076daaaf1013ad8bf177605c66f2a24ee6ab1d3a65d41a34f071c578,0,0.0067589893
392795570a716030e80ea41d90cc6011e2bfd3dec0b952cde77bbfcfe1497671,0,0.024213314
ccf6739a003a361942f2ad7f4a4422386d326e1e91af26da2f1e0dcbace9485e,0,0.00018505062
87d4e5fe76a3a8edbdfee33269c5c9686a4b8a685512a9c9a0566bb70c206c27,0,0.00042615097
a3bc7b2d9f10e8d254ea03720cc2ee426d59d721af7127a5e4e92c88a47d7a0a,0,0.0004743261
1fd97e82f2ac26cde6a5c344a409047806eecddf2fc3fc5084383db536a02a97,0,0.000977817
6f5181e8aaa2595af6c421b86ffffcc1c7a4e97968d7be89d04b46776392eaec,0,0.0006522885
3f0904148a5f4677b2720e1ad57507744551286f9f549a81c3de83ee1e6a5ba8,0,0.017132362
125ebdc24fc6d738e99a48a090e26a6b04b14527fed42891c7ff9527fe3faa0b,1,0.93544066
1afc63107ea61e38b6c668969924b0391207c16c6185865783f88bbbd5201d42,0,0.031892803
113b35caafaf092400dba6564ac2ed7c5348e475a0f4a0ff73fd269f3a8c64b7,0,0.024264079
0ff527b741fa4e4f40b22e3f540bb119ec6b4881d467f8e2b7846b8b90c7cd30,0,0.00027349524
b0129b9bd24fa9c220384f5a90b7de52cb7bb57947bd9e272abf218d4be2aac4,0,0.004712998
13ff0553dc53cc4c86b38121c8f76eaba7931c83ec08e972c79d40adbe924cfb,0,0.0066802367
255125fd06b5ba477d31100569067b16adc6e9b66fa062a0be672bacdb3dfa9d,0,0.00020616657
7cf53841b282710980fae12eb6d33eeb8f71f20e3069dc49ae0653063733a10a,0,0.008800858
e45c7732ce7c96481afc4ae0d35a0fb65b4fed17cf867d51642d6b7e8ab18ba8,0,0.042217653
a476b78f9417f349443cf4b3bd563da997cc45d54f754ad63cc6f36f23c97b26,0,0.00023329997
fb4af8a81edebf1ba494be4df9a5b48c9a09fd834a12e078ba2f587a1e7656ef,0,0.009299407
c03a47a966ea238e1339adc2cacb5d39f81ee3dd5a557264a6a788a10c2c294c,0,0.02354983
e3902a991553e08972aba1cf244d9eb42c0998d8c2b2ea963828a0423c89df3d,0,0.01793631
f2afe2232cc7f70d48f7d4a5ae70e782278f787cafb22bfe8505e9dbfc58e8ae,0,0.0031880203
a3d5670c2e12bfef8959ea109bd1f2cbcc1d9ff1bb298daeae88dcec2b5aad39,0,0.0047267787
0ec4db49cd136aeeeb3c5196d6d0f7c6520ef0e02066b339705050a806eda687,0,0.017790377
c962e017616dbc191492ba7e123011991eefa51933a72fb6317e05c96f7a9aff,0,0.0111377835
9284f51dd50eac57b0283277b2b9564dbd31deb615abc8083879bd3159e356e8,0,0.0012617662
f02160e96365a3d54841fccb8db65c0a3c0e7ea94173b2ecb9b389c0958965ae,0,0.0008834995
5f2b63647b0ca12be810e64a9014a32222e2664b0ab1a338c451888887a6e045,0,0.007826894
12d66e5dc5ffa4c7660b9a748848e57515c6ca4741d2dd44d1f3fc23e49bd4ed,0,0.022760408
c3201dfd527a3970dfc9ed430509cb368db86e2f23222e6a47aa43f73ff8ff19,0,0.0045695417
9f74687e2eefc459d2a382508d7e1905e6c67964aa32e84a132da029f4c086e2,0,0.0013153815
f77750f8866cd2b7a54e342e97e4c69ba9661df4e51d1b3144e0aa4286a1eada,0,0.020423945
c183cd2370bc9f39298395957fc4d5ef7f0d9f7241abe5e2b0047a7aa26ac4c0,0,0.016972585
69631021431039791c80e36d68a9235f1f41509753d364d7e485f19c98ac3ad2,0,0.0023198284
a371b91df2238b6b70d74edb7c152b9ca66256c5383374b5c7ef93d21b7792e2,0,0.0035346933
5a38367f6c06ab3ae946cb93d4dbd15b1d2c374bbdc1ad9ca6bc566e14c27499,0,0.0035346933
15d4bc19f2f5d25c206da71e211b7fa3e2621be9b8553aa60dbfad99de42a84e,0,0.011766964
8560f98cbc45712607bebb43aae6fdab68e8b5c18d3620bf9421b729bc2d8bb4,0,0.0008834995
df8da75d514bc887f9ba9c385f51a08ee137858b22c55ce386a0fe605a489281,0,0.003103207
b0aa28c3aac94f8e978c06b0de6b7e1e2e5c802d97a3a23d7a77ec47e2c270f9,0,0.20905034
4eeb4f515ea9d5bb087e0f3d5ea2ef7c16c2902aa690da61e81f5dbd13fb188b,0,0.00065296615
e87cd2bbe7d5b1ad9b940c634bce9258445c145d0717c89b7bf216a47b73d486,0,0.004956165
b788f6159125a35f6438551cb9d88ce4d70460b4d200876e330e3b7debac2424,0,0.020153482
7f6a96400278665b384f2bfd6c81c63a355c27faebf040b5e1de696db4584b33,0,0.0008697631
159e5600a4f8b702456f88d45cd3ce926db6cdac3edf3fa6b50e0d4dcd122142,0,0.0017633371
30691a3db94d7d91537237fa029ab538e8d520540369839682633719e874ad23,0,0.0897752
01a55c183c101cd52bf7a6a5366a9595559b42ba2d678df9aa643a228d7847a1,0,0.09373563
48e85259fb9374780210481a279465b6894d4da8d868ed1af32d62fc97f1fef5,0,0.0014466771
071fb4cf2ed6dcb4d33bd0b3cc9487dfb2e87840f325e479f898a1f3c79a790c,0,0.03310338
dd4c86718ca2ba288d14b9fb0481daaa3d49d994691b6c3dce5b0e0443b57c3a,0,0.03310338
c7208361e22520d48f0e51c85432e8b090ad7962edd4de665dc55a33feb2cf07,0,0.0018129945
58ccf02cdef3c82b80a33a047aa35886042af98691da5b973c19ed08ab6cea1e,0,0.01626107
c46a59eea88be0c8ac1ce52be9bd0a95caf1e6afac5aaa5a99bc99313d55b18f,0,0.012072396
154ae43e0bd09ff166d7dadbdf2a8a383894e5f2711013b3d1d99b11af870980,0,0.013746542
2a2f1838fa9ce6eebbe6c9f16096f92256721caaca64433119f158ce0577ae79,0,0.0008655644
b085c3338c9c713cbb9b6fa517496376281d362d7c65008598dab645f6a916bf,0,0.08714578
51fa019ed1c446316c8af9c1938d660bb6f001671f1f6f63faa9ab5aebcd4967,1,0.09199692
ad84dc0a9bbc141ee69b400dcf7d7c3a786a9326b769e5e8458e2d08a3ae7a66,0,0.0014841302
bba26b4e66132795cbafa0e057e06c8bd7ee548744d25e2a8e2ee7d523d40877,1,0.9826476
d46f5d9aa43fc94d5884e8c0ba27b4dca7884177ea961836b64a1d8ed41cdf89,0,0.08961784
a873da551f8c33a6a5fe5611af28eeed3ba82deccd3e350d585701a374a65a8e,0,0.0018083346
7bd61ac7a9c2d9b55bbc9307e9b6c9cc11d93033d266bf5b7d1a64c8b08f3a2b,0,0.027842175
da7177f68d000bfe3801371d676740ba172b154dbe803729e31d530689632006,0,0.022047265
f9bb6a95a994944131e3d5dd0f2c74f592e011b55215c831b155eecf2ee07609,0,0.0015300732
2569bd9698a0520212aa35a977984789b8e63a92a0a3be3950fa2bffb64a64c3,0,0.008866321
b14abd56d54bf9a8bfdff6ef24e92dd3a983f855f7f338de7ea37bde92b80ba7,0,0.014802275
bb47d842324de9861183e89e811ebdd526efa7a7f191d2f128837b75bbec5d5e,0,0.00199103
4e2eb6086ecfedd31ea74ba014b0a2846bf408d108ce3f1354dabb82fa8c3967,0,0.00012732853
c3723667bb24e1918d846269fd636ee655bcf3de7f096023f411b1c321dbe4c4,0,0.06639543
8001fba1416f0dc3c507fbe59df1cd26f2753a85cdccb43766f966eaa1f87d57,0,0.0040971944
574a540d27131164907519b032f7bd9deb58b1b0d5ea044bc80c6685fd21c5aa,0,0.068283014
f8469cff4b3e028670271cc18c13edd6176328edc4a78780870cfb6323d13417,0,0.0030711945
dc2e8aa25599a3928bdafa1ae27b1d93714a39dd6911d6a3877d9dc688a1805d,0,0.00041795094
167b787d0b39c1a59f5846a0e420e9628adec3be6c7d81425044e8bd84d26411,0,0.002649811
2c88cc4691b60e5cc720c75dfd02896eafa6f2ada59381fda9850908867f4cb2,0,0.006226014
3e39103e52fc63e777a068071d9f419a857997f20ab7271e91b935b553ba4e9a,0,0.006226014
2c2370e7f3c76474b1ec59bce6327367d1bf051c9d6e410607e237ca51729abb,0,0.0013240858
3b86498504a3e98e33d2f09b4e3dc2e1b594b12fdac6d752c0529471cc43d091,0,0.040409625
fc5a5b8dca8abc49d7b5a130d86b688bd865d5bc1514fe10bfb436899698b88f,0,0.014860033
0152374471ab527727b040d2a80d4307df2a2c23bc5aa46e685eff859103d4bd,0,0.86373204
91e75ad9f421233903fc85b3bee6ffab1f7f626e131c2b41d8093182caf95793,0,0.000787203
4e64f9597c113f5d7a5a448aab99f83753668966dae998ad8938bfe841f32ea8,0,0.09389313
a635a5c1c6ef5b7282b0a56e709c7229087379677c766b43dad2898783e75d0f,0,0.003327856
4e4aa3eb382214ebc53e5af396bdfd0efe4ab4d34a3a6763404cf93473262031,0,0.0015382936
49ad96e8d29acadf63b3d54db59ba0bc45f322fdb778e4aeb9a840f7a79a32fe,0,0.032651085
3e57a0dad395b852f2997285125074f48969dd61fa42ca3f60d979d1f91cf125,0,0.0007004804
621b6e085e22ca662211cb1901420073dffafbe017bd2fabbc3d32559ca29ef8,0,0.009934341
6b8fff685c89e30b0d29e1e20fc24f4ec5bef4e41afffd0a473bafe2bf26525d,0,0.0006297088
9192d080624df15fe49d3821c55cbef4be83b22b2caa9506a3feb036fb751126,0,1.704421e-05
6b9cf386d214f6480458a3a496c7bea338b90f03f2f18b55d63d8bdf178066c8,0,0.00035594404
0a5a50a88bc176cb1123bed30932573c5220455e66075ca3de3e2748068cc219,0,0.00035594404
6f8fe52e5d9bf48c3f9be83c874c8ea6e86707f5dceab7b1362d16a51fb8e5d7,1,0.46983412
cf1dccf2d500d0d7931847e91c952c80473d760c7be8a679cf1772bbb22d0da8,0,0.20916848
5183a54e80f1f826e9278b0274f8c76e3217b31e2791a482e61d278b54edf543,0,0.017008334
35b61b686aea1697063e1bdf0eb46d44ddd08e50aaf68e6a01b7632b0b3ec609,0,0.015241198
fa6496686d15eb9e2c953fa2af9af8241f2a024cb70afc820909ca5cd393316c,0,0.015241198
e389f513e8ca35391ffeae830ee3bde4a46ef08916d53cf01b599f59a20c5be8,0,0.0011851682
7d281518c6f37c0f755460a923ecdb55281fe507281d90ae05094fd20f58dd45,0,0.004621898
10b87b5c515e64c9e9a1f9e863cd8f065de168d50cdbae495a9ce0e641de3aea,0,0.420171
f21e849976cacce744d75bbebd93f3de7fb58a6e2e0e2a64dae8e2d6be168dee,0,0.420171
bf856886d3f72e525c0dce6a81a363c389dcdaa75fc31553ed852e088f5347ec,0,0.0012106409
78a197ec1aeeddb55cb50c43b955cdbfaab03784dcf25ffc4a82da0846890347,0,0.02741536
f9ab6d419499217521a3972f5146a4db4b654e843985546bea183718cf9b7d2e,0,0.012626269
196e0e5141a33a87f1134218660be9f79e755931ebd45c598c6f3ed157dde969,0,0.0043183584
11d1d6dcfe1e8194ebb68e2c6423562c5388862fad62491c8080509832d5bc55,0,0.00026938436
6af8e56bf4ef635b8aeff7bd61398ea46e1f728911a5f5c7b6344039f0ba90af,0,0.0015909056
a74d9a8ffb00e86b13c516747b2bd9509c2c1af2221ac99b8c580989375a6936,0,0.0011321408
0d5de8916b7f71634d9099de8912c35aa2d9bfeb17ded7fcf4c6958a4ff97adf,0,0.0011675145
9117ec97909648a46d0486dc957bb741b53087f7f233ba6e4dbf3ff9c5818c07,0,0.0071270983
80634d54d00802ce1e3e3a139af43ef2f66e5e288f22dd2ba139a954ecdf2647,0,0.00087957433
ae702a99740578bb9ee6813d48d4dc87d8ebaab94f9e2b0b9e40a9d0bd037267,0,0.00062577956
829044e7aefe7564e83a15f5c27274106aabb8b3e38c976a672e80b480438603,0,0.057033498
404a40f10a67bf58737f7d16150f2d5f44e78608f0e7703d16782357d2a5a675,0,0.031531233
231247d3d87eff91f0e34bef2cd3b8893791e978989a1e22949bb01a7bb9e33d,0,0.12121719
3f12596850816f29b3dacd98b6cc6ce587b3165149a80ad85294d393f6a58f78,0,0.003477935
998ae484ba3af124662af728f8543e0eb6d4c0016847ff78bec8385df454082a,0,0.0039119665
3706401bb03d5269bd89a0b58e1340635f5e7e18248e67aabad48daa7aaf037d,0,0.03427781
508c64db6eba079a24e0a59e862bef6d1b1cd29863feaa10ffc5dcb88f55551b,0,0.042587735
3b5661bd619593dab0736f7715b6de41be5ad3d530888aaca38d039e83172d7d,0,0.022960056
81c83d5edbfa03448f1a3b6a2c026603b7bb0c1a4a0242c9228c5a8dc0430cf6,0,0.08046286
ee6657b729f73d58411a9ea2f0980cd5abb0b3240173652f50f8134c253ff4ae,0,0.0019734972
ebaba1da1dde83ac073984765f5f81b7f4cc3481ca8d68efd2dad6872adc5920,0,0.0025614775
28b62b69ffcd4fb8e022ca70ef54a1adb4e365ca0f1c5e1413c1f7aa2eaf3832,0,0.0007070013
e2543ff2bbea833a3f7640aca646f9a795d560df06608a6d4af02a8d482cff95,0,0.0009655476
6073ae30bb53ad3911b3ee81ea1b59507836ca00c2e227be408c9e3959875ded,0,0.003108385
173af5a3f41caa4ca043c43299382610338b8a235f21c40257c374bd6ee85974,0,0.0072423746
6619b46a74fa1a3db60f45a80f8f373d4308564d4012802c9f617dd2ac327f29,0,0.10058976
59a4f191fde0b9b6c678c4ec1569ccbfb0dece806e1ae232287592576c0e48c5,0,0.0043668123
8fe6b231c5dce9e2ef8b1bf5f850e96b62bf01e8281978a13c2a3ff29f54d00d,0,0.0012268932
f209cbf9c4cef6547544644abe27e018d7114efd84767e0a714fbf7f0db14bd3,1,0.7471205
215391260d0cba37e8ac8f093217e3463d61ea4b5922a957c74968e0a39751be,0,0.0010655817
16c31c3d731610e11042e6635301f4f0e6febdccffe207b7fe083fbfa48ba05d,0,0.00012781181
cdbeddcfc79e55f62bb43d8340617e70c6ec2058c3bd0f323bb77ead5f30573d,0,0.021726143
0b92f5823a8e45a9f5a798bfb75c2f272661b40da2c56ebc714083f2518a1651,0,0.002880084
43282a028bee87c8bedf8ec60e9ff6075e01edaaa533a657f117fdfe4d139f35,0,0.61762065
5deee9d4c70e25c00643875ac43f6fa019cd035eb248ff6328883baefb051427,0,0.012774423
18782df0b6cf8ea1276a142d76854f51a1f33397b9c619dee97713667321b79b,0,0.2993986
3044a51ceb1f985eb0eba1147b07c0b1e272eaa0c2b067198b53480719d952c0,0,0.035486054
97370b34a351934d41d58e9507bb11ae1651a9788c04d21b891847219cbb8f63,0,0.12389325
c7b321301fc57f666baa554757f3333ef3d7c285ed15574c8c2d2ed880f185f8,0,0.0006959109
1315dd7b135017ba26e5e7c290e9c8ff16978b66a66b5309e93e253b8e328403,0,0.010935403
01acdb97dae019ee3633af24c7c5395fc50a0a68a259407d396f174ec51a9483,0,0.0063076033
f9a168692a2bc1763ad09933435375202bfcb260e796e218bd63a23034ee1d0b,0,0.0010851419
31de62e0c9d1d75c2afa25fa26d3208003a3b709c8af4d12f4b316b7ea579b37,0,0.0008834995
3ae935b911093df0db30df12ef70d3b67f4ab4d01be3e2bb4d9feefa9d86cfac,0,0.0017268823
578bca141dd892c621d203cb0ed02fe00ef75496984c9d2822286a84e7a6ce01,0,0.00035983455
3c8b4cbcd1c611c73b8250b630d778b1aad48070b4612e5ea2979fd46aa7006d,0,0.00018505062
6c368596e7f2efca008af893658944fef38c64a02517927ee0384067bb5d4108,0,0.0025914563
803a8e2c8e1e75194f037bfb1919634d48f70c3e79d64240e02f7d5f8f14ab53,0,0.0009674716
e4351a2da204e0a4ac1466d384bc8b46f16645515e6073bb7de6076cda9dc666,0,0.16116035
bcad9562003ff8907dec5f349393e34ad6fe05ee9f3cd548d3cbd3812b0ed734,0,0.004093451
559b91adac8320de8d787de11180a0445af7732de0094a7ee372310f7bc5e119,0,0.007826894
b474e4ae97903676dbb715dfec1f3bc62cd7c77578d98de8a8445600c100907f,0,0.020686086
0b72bfa670a141c730f41060856737470b91177ad89f8d69bd53958e3ed60ed4,0,0.009505806
58dbf9b26769e0b5e255a1290df3c04c0d7d7bfd21670af508d125d5f5ba2bdd,0,0.12601383
fae0997adf7a3f0418c9a0c50598c59d731c956766ac2196ce716acdfdce8e4f,0,0.00018099029
7ffbb9bd30ee34290ee75ec65638cb5a5ff498444b88080b4863e348d6c43da5,0,0.002339457
746b2338a8522ebd19fbb287f4b938c956f89ae78606c830137b84762aa46962,0,0.024255082
12c32246696b4da35ba31a86c3b5f5f682664e849e1844ce5253d78d9a816bba,0,0.0043183584
c86e359569ebd97ccee30f7893f8d6fc49edee2cb04d5eb9910446d41465dcf9,0,0.024255082
55b7fa9e45499b4cd517ebe96fc8146fa477d12863b7ad76faa383d046361135,0,0.00024365066
47e4c4d437c62f1f0656700789244d811b8f2f36c21918fce2aa7ce385e23fd0,0,0.05308501
c30d0e3d459b1154f570716bfb9b7be92fbfd055c1cfe6c2501b33a415236cea,0,0.00017048317
fa56fc5e91b6768fc97468f97710e68e11370d445116ed54312b315a5a962463,0,0.0071777618
ec96bedd9f3e18f46e181109dca48282c81a3a7c019c2642ec239b3b999486d9,0,0.0030721042
ca9a1e0c5ada3bd23270f24da0417ae0ab778486c81826307b8c15bb2dd08357,0,0.000754392
585166219d2478c79ea24efc40ab92fb6c563f7487520b03f0e69bb4db310471,0,0.0030721042
0f3d90c3e4c46974ae16694415a08d3ff8d9cc85e6b3c919d4d5e5b3a41fd067,0,0.0071777618
86c73970d7b778e4c47efce4076ff3e8124de372eaea9be156a4458e7766bb23,0,0.0068947356
b3b0ebc4eb18452fc5c5239ff247c0ed34d798f77d30d48f79e85dc29feb3d42,0,0.0030721042
e50fec1ab8e64cc3848646da7d8d13bf228423f18e08fe7a4116848bae1533c2,0,0.0030721042
c8120d482f45bd5482bd3d413b8cbb18098aa78e4a8f2ed81f1c2b5456e722cb,0,0.0030721042
37f7747e5ddcd43f4c2a34dc9ffc4d1daa7c148734e9408441c1951a49a8a093,0,0.003547678
6ecd532304c270a403bc35aad8b95aced3402b4f42187b28903e20a3fdf11cb4,0,0.016909102
6cce0635e4678b0e3f1e5aabbd434ce08f730935017572ef6847e5ba4d0296f7,0,0.0025914563
d70bd7c795513589e3dbf1daa419b99fabde9090aced621afd2bbb4f3a9b8422,0,0.0068947356
10defe5cf695aeaf50a88f1f6ca989fda38d2f61ade9bfde747ba6358b8ac692,0,0.012006429
7be21e1b65c41edc14c7ddf56c34b03015b68e88b71648be11e13da658efd6ac,0,0.0003504057
dd3ea1e7aae8330e633739aeb475780d7c79227f1e8e3ec8dea417515997ba64,0,0.000733236
16a7f3015d762ab695b7520f2b8f11170c8cc9a8f27f98ad8f9de64edc11c071,1,0.017568026
730b968b2f43947189b20c7d6c19992383b15bf6b851a57612c47e75042512e7,0,0.012264446
e22c953dc805ab98af4a4842f381fc1acc2c378f2d006e12b93f2575883267f6,0,0.018660624
072ae1ded3741a781c011ac192e753127c2c2e3afdc487d314f33db66a04a9ec,0,0.011352666
d8454dffc4834afec50ddfc27b775ce31feee2f3299ddac925c29915d9c550e4,0,0.007743151
0194c28d03dda2fda4d4a42ba8205eea2dbaa342a927a84272d5f3f2fe6a0824,0,0.00395798
4c8e8e24d765dc8c5a8e9118a98f5ddbf2aa3b48b7dbc84411c124d3acb0aa1c,0,0.03332464
34ac0ff2711ebbbe3871f7aa5e5d8e05d67d8b1fda1dcdaa71c1f41b5a4afac3,0,0.026891926
79e2f7ea12d5c6f0bde531079eb417eaf08f29a62764b41d4f0102b189dcfd2b,0,0.0008689844
a5815463d0d0ea60fb78954de4f85da6f0794dd0e8717abd8502cb78a9d9a26c,0,0.30991033
38ec3af9a9f3fa9982936077154622a3b69524ec487c0a49cdd83b31588161c4,0,0.035486054
361ea9ece369aaf748e8a9333e7c413aa8b01366d5bc6df0a5ae9166e6147feb,0,0.0022847382
ad710fbf6000527b2dc0a68753cef557f2d98d225e05bd7d664c3761cf714aed,0,0.0017499153
b27c11608bca12d2eb9ca332d5420f0d89982ce381b8927a3aeffe3debad9a97,1,0.8892056
e51a506b6a3a2910b3cdb0b50ca1d2de7ae1e70656bf06584f1d1061f5492063,0,0.012866751
c0586a59ab0ca8a9961cb10086a5dcd388da83f029094ac944bee6693fa6a9ae,0,0.5664343
c29a378d8598df2ea1486f5fbb53c885562b111db3bbd6abfc354f1a01460c3e,0,0.00022462894
cb47971ca40a31ba70137da4c79b7115e20df83fae75edfae8ebce1c1b6a00a1,1,0.81948435
8e69f302d408ca9c12925d943172f962d5bf8e90132ca84818c8c789b2164e6f,0,0.35482
e4ac21f6669859eac61e1d838e34f1786d3066e39454bd3f9df86a8d22fea3fe,0,0.1739395
f4905ea09e2f7f1bf3fdf9c570bd8c92882a6e239bce604783de04e72a6b4841,0,0.001253187
fa39e86248997be7a3509c339bec25b0a47e354949adbbf8a05de51d83976189,0,0.0009128137
c7f35dd371afbea6b7f005f615e354f3f48b9275ed3ee7872335075959cbd069,0,0.00040516918
9e51fb3728eb6d9e24596a4bdd45e74324f3ac61150f664a3d55dba9079c2bfb,0,0.0057446603
7bd74ebaef3442be5aa0ceda047fda12a952f4d4104c8f7e489b1ea059b2a65e,0,0.024500865
c639f5f6c0f9010d75186876257e09c1f571965e2625850e69be20828ee7139b,0,0.0052942582
3017fb6aa6ec67662455b767d4cd0346a635820f7dd0ae9e0b5a99bfd1d2ca2f,0,0.0004688547
93e6980d92c35a28cf7e8a4cebbe92dc29460247f8f99abd60bf7ebec80b7304,0,0.00050599553
fc0d059efbd982b0060a64077cc2b7a46078fd76e73b4309282a36b6a77e8a54,0,0.895431
d1232da9c9f59c7f1db5020803e9eece886b37f063680f61ae621c21ae37df7b,0,0.0037173617
c01731a19a5b8b480507b13f076d216e06903aa055851b0df48f06bb26d88072,0,0.0061526946
f3490b7601ddf987010a2f5d5debabbb8e6fd1c41fddce0eaccce1ced7c678ca,0,0.0006544804
0f0889fa667acd144b84269aa8515caba1950cb2c0047adb45505d9ef876ace0,0,0.14611098
7318040e065b181e6ab54a0d3b96371175fe80d96f2dde0a57d48b997b0d9403,0,0.003089325
0342e908c32da9f9009223a940f7c59b239895b5a4690dba471a27a37f6f4a61,0,0.08898682
05e5ce10a64cf1f28237e563e248ea85946e65124a438171188b5691d6bf11e3,0,0.14075188
2d527d46934a7db87b49519335c0f68dc217b3403dc4f97e388a339233e12206,0,0.03828457
d50fcbb44542bfe6f866d4a6a410244f81de408af3ab3189b553e5985111fd86,1,0.9886354
7a308115b65c8f175417bdeddcd924204a9762e7fd467a16d30ecce87a69a7e3,1,0.64488363
5c4aab78aa96b0863da757fc2259df7f33d95dd999cf0b1c7114b7616ee632b6,1,0.7583358
6443310fc2204c2b29cf75bffac97af8046cde991c8cc207cb07b6b540beab2f,1,0.9999598
21023745f18b4d34d2a0c1f240ab6de3226c6b5e6c4897394e25d078ab17d90d,0,0.09116638
71e8d3dd9dd6a72e5dfdcd49f08936eee3cc11206f80f860eaa75e71e8ff1f58,1,0.9999602
bd09f96473adfd06f450cdb2e9612f69d9fef51ae5ef4935d8f7ba346913a139,0,0.00337348
647dab249fc27930630e82621c7af71474beaf5a87207861e23e8a59580b8cc3,1,0.9999901
31b988fc8afe2003b03dd09b7e6617b511307cd2ee0455d73b96f4c9529e36fe,1,0.99998426
76d7641d19006b47a08c6756bcf1578356bf9e46490e6e7b25427afceb8cd7f4,1,0.9747638
329036c4c76cba6b31e4d674bfff5e4501d4bf3d5675f91ce4109ec61ad0245f,0,0.081585295
80a7068aad70b6c7b95c4b96ccbcd7055e72cbb98955984c3b9bb00e0381e0f2,1,0.99923456
1e9a776cde1475611ca9d6955c4db3c27962223918ec52508b2f993b6d2e248b,1,0.9209845
b244f23b76bd7eeea1890bbaa8785ac01ac471fc6e76f9109afe54530964fab9,1,0.9987066
b64d1f682e6d7992b93865cfc5a5d0f50a458983e14cfd0effef261eb041055e,0,0.984977
386cb4dfb06c725d6ba8710b0755f395a7dbe1dc7b943d25407891dbbbd375c9,1,0.9937231
63c65c3104c0332f52f6408fae59a409045f25e69d887d65499f5c041b5c883e,0,0.010848351
034758627abad99a7b899f3245354d1db90ca1fb8565e1f9881162cbc9d6eff9,0,0.48655018
baeacdf73a3354871718065a561fb2594f4a5a4daf941d66a7755ee2e4b79e75,1,0.99897456
1158b2e0be9f9ee84bf3bde6e64c841ed40a91953cd6ee81af179337b57bd5ae,0,0.0045324704
1aa3a9c184204108ffbb1089cd1632ea68c114ea97d8f9d1a4d7264f45ac3a7d,0,0.20061314
733470eb1ae3c978002b815624b347fc74b5561bd72e45d8130dfb292b82233a,1,0.9999598
125573cce43da5edf22d36d4d584460da322747f9799cf9feb4e17244b03af67,1,0.9406672
ce8b8b5b93a5da2a26ebf6c027db3198d8c762b20d280569ecb6194535162c06,1,0.9998203
05a46a0df2cf8bccfe2b443148d2df55c9c2c710b7bd09177e26cf5cace25962,1,0.9999143
4a0fe40c6ce7c934c6427fed5cf99037c29cb4b7368355aadac181a6c67f9d71,1,0.9941612
090afb0d1898521eb28f78080d4a9915be05e736157574ff9c16dda9c82ee27b,1,0.9982127
57f3a6d00cfb930ba406a4d874de3d9f2352b0ad6168a4503d8be1f8bbc18973,1,0.9937231
627b2700ad03d00a434fe96dcdf351787439fe4a3992d3896f463981b9d74022,0,0.05245913
cf4b013fae47c85d3c8dad81ac980e1e911ca350d3b2a7ae5bad8d29afd875f5,1,0.99789584
0ae4083cf147ea58167aba79db18802083bddbf398ac46dff5c6a52148b9a463,1,0.9886354
460ad5fefcb09e82a2254b9470dd894c77097993e3df861aec0b5b099c85b6aa,1,0.9999598
095f6a52d781d7d68eb0ae8f93ab2015225b54bc86bd4f34d332165acd5a4883,1,0.7583358
e9e164ee9b65e77afc5e90b16ee1afd83c9273e4a9af8cba623ac32941a5adcd,1,0.99957556
913bc23ba2b4a35605668ec65f652dea217bc567d4a8318998796ba1980206a8,1,0.99957556
e9290776cbe83d5a01f92bc6b215052d585dd0bd192fbbc9a39f55b1f178273a,1,0.9993518
1a03f83a935fb7e9ed4475343e654cfb76d925bfcc322f9aa2b1857d4452b916,0,0.035486054
5040e5c9e076f1603e43d18b2aacd38208fb0cc1fe5bd70c0edab3d3d2c4eeb3,1,0.9878034
1978d4337b236fd3b18d2aea435851b0ed9c7b1c84df7c06d601a40658aefadb,1,0.99982196
2fcb62319145d8e18e1dc25a67123818f184045a63181e3cd944238fbe6e67d1,1,0.9977641
eed55db3ad909aa9a643f879620f432b6ba020c82d8ee36bfa45c9be325bd4c1,0,0.017464465
e059507ca6df5ebd094dd3badf8158e9cae76cad6fe4be52b1ab642b9496d1c3,1,0.9974074
eab2f13dfee8b82cfe63d26436f27b0e29e4551ce7fde8df8c1af826e97394eb,1,0.55570525
8b2dbc0af40b079fecbbb13f5848606a06e70eeda54b065099d9759e0e244c00,0,0.39617714
7260c4cea20c214ecf767cae7bc8649458feac070c0d5a72fb32e49046eba1f5,0,0.014933864
8605275168fa71b3ac5202f2fd69fee5360816021f56cc9ec9b310fec754282b,1,0.17671728
074b1a2af3f735a5ad42e1ca5ffe1fc7e1da91d31fe9751b1c592c1c4b2dc338,1,0.9923344
3b5df7c915cf0753d700666b3fe0bb63fab1782443f8b8fbbf34f947f47427d6,1,0.9999014
1de47f94cecaed2f282682257e150935346a6c7908e24782edecda1ef923065d,1,0.9983833
086b30eb5a11a7dc763a3a4e88d15a8ff7cfe7cd69e05ee6e3f9c581d4cfb59d,1,0.9981468
e65256143c60fb4f3bdd3613b89b8ebf19cd2c24abcf78eaf1b720a645f60c95,0,0.0005065589
deec948260b0893b289d18dd7ecc5768b0f53daf423e1a1f8b617b63a00fc06c,1,0.9981468
f8a3540abeca91736cd00cd34e6687672d47a4a7e33f302da86d55d99d6f1830,0,0.2688456
7d5bbbba8cf836a6674fdb3e46cbaf4bd8c85dd347f329ddcab9a4be9ce55c27,1,0.33752397
a9d07bed5569d1551202509a7aaa52b2e067483f1870ea54f1221580eb923c94,1,0.99745995
1cf79e9a586bf2e58f0b31c820a4743720ee01653c70e9a17dfa4a4c25b62942,1,0.994136
fdd75ea944f020d4de914b8a592bfde2afd8018d06c349a42dbfcc607902fb04,0,0.010655109
2dbe80b7c4a629cde16fe10083137c5bae5eb3a6df4291183f9f1971aacd2fff,1,0.9704352
8fa91767dcb4a42828ef94c19f242978f52199dd6d2acac57320fc48836eb55e,0,0.07672978
82767a566deabb3b94e50f80212b9787b676bfef9f70082294fc96d638abc521,0,0.15386315
4c961ba42ab89f01cf37ceb68361dcc801782eb809d2d6388ff31490f8364376,0,0.027825106
5d3409a6909ed02db029e34966eaea341fa69839957512aa69436e68801df30f,1,0.9999541
6dc5089b512bb0495b7a3044807477d1af609ff1af4c7e935626df992ec9db7e,1,0.99625057
97d308ced33b09b134ba377c71910070d74068a93958fa05d97be3d014784ec4,1,0.99996924
369b9e229feb70db4541a350a80b2e0ee07f48a24c2ae0b71d724e6c01ec2989,0,0.020716634
7ff743419c388e90df26508659622ef65716a8517e11a5a4fae0868db901988a,1,0.99960726
ed7dd14c7206bfccc6c7e7dff04df2864053b059c57a7c4720cd869b43809185,1,0.99439234
46ed6c539e7770466a1bdbd172fc54281ae21d63ec450e5e3f1a76856bf7d012,1,0.80005354
92a67ead15e6d0c022e86247b1703db879c6bbacdbf5c48f35c43e97ce6361ee,1,0.999966
5c5230d1c5d85fe5b82e3f5c8f13f645cb420163793a4e8c0d6a4cf197d4e906,1,0.9997683
add5051d39e7067087e88b853f01d77109f973726c34dd4b0382ba95a75cc601,1,0.998502
5016a9e2afa6e354340f0e60b9903fb1132a703776cb4b377c865f08155e61b8,1,0.99846506
bcf71490f6b4f04a760b691656dec371b4324209e88393ffc4516956118ca63e,1,0.99216473
fe0cc85d8bb55eeb82edced16be1967701ba62cc5ac5a8f68205812abb9869a6,1,0.9996846
f0b3a8f0a267860219185e8b446ab148c9839e816eb796a040c61cf6394b8e82,1,0.9999901
dd6fcfd2dbee4375a94781e5f78dea1497c0f7c5d60388ea6cd5ddadc4076195,1,0.99992836
e3b477ef44c5e60c44ba7ea2760a229fb8edf3465ccfdab6164a9cb22eaf9afc,1,0.9943949
21a09cdc2b2ffb5425fe9f3de8daf02e6ae1cd754021e9a97397260978182332,1,0.9999901
2a93291dfbc9fe66728c2842a64ae7ba74c9f5fdf5c35e3a89440079ba30edc9,1,0.9999901
c2278d74e5cc935689503e846876e7166488c1b968e68e5f208222f3be52c86f,1,0.99284315
2a7256029b118f7ede33e37282329598d3e7f01675662240553b2bc0426196ae,1,0.9999788
7c115d8d98f6808ab560532e90561dde568c0a5ba2d83d872d444e34e1c496b4,1,0.9999901
7111c5fcfe46f4a39639737d1e163ccc7d25cfb31b9d5a53af62ede344058528,1,0.9999901
2a8e523bd4794cef31cc27fc760f784b27d19ecb8b265a87e3ad8db7ff75766b,1,0.9999224
813b3997d27a998113247156f6b9004f7982ff897ef5f109ab511042ac752bd6,1,0.99946934
eba07dee148ab562d5b15d939fe9c69fbe945007395c960a69eb59645f99b253,1,0.99972206
22bfd0b76a95151a1d476b58bfb90e95b2a710acef3a08b14a7aad6181ce2066,0,0.12929001
0c9c7ec3f21d54312600c7ac38e737e5566c2e0c7a9c21c1aeeb1d9a0b752575,0,0.004054124
9570eb755d6a642f99b1d5a7d4eb4bad5fd1b1b58cba127e027d95142098970a,0,0.87757796
47e3d2a7861393f3c93679740d95cf1d55eed6fa070dd28ae263dea01b22217a,1,0.99825734
c4c09fa8d1c607ea28fca2b27e3d60ffd3e4e964abae1e34de29386656028d1a,0,0.0008615301
5a9716705c32476d31cbb7887466043d6b20f7ebcea9b2be11e307c2bf6dcca5,0,0.08429743
79ee8487ed88a596fe0cf8ad0cdf93c1c766561a30b0220fb7e9aad1207335bf,0,0.4303266
36ae2f86237ab6244ca1b4f653f45328d6391c7cdad7964acbceefc70d0ae838,1,0.99996257
d1d8843033e1cd633bdbaf6535892327aa4672e29e22e312da485fce2ccdaf60,1,0.99994075
3b01b3a535f4fbbd3bbe78d149a2dbe865a48d12a73befc9da856de3fb18804e,1,0.94205457
12ec8c7f16767dac5f406be5c8b5ead904977b6fe4e8709f6b3c233dd2f26d18,0,0.015589896
ec21a7364f354fc5955ee9b4ef73f4bbbb3d2e392002a42c2f50ff3bd533bebd,1,0.9994241
65fd3c7d1f585b66f0cfc343bce57b70f8a750639ff583010339b18700548050,1,0.99998236
85d31a7d836cda98bda694b6962e60115eb34d4852e22a4a4a6a4c2f8a4eaffb,1,0.99979776
af2cadd78457005161977187fb1ae140b69baf4a4abc4cde7a0306faf134fb13,1,0.9031076
5349d1b16896957b0c58b21350d8d2c4298e58c8776ae33ef0d3b9d89e04f117,1,0.8688679
1be8993300cc193f928678c162d98f3347805e8c95807bf5d2dd1cbd8322098a,0,0.47900355
c04ab12cfbefeabb2229bf80d07be3097c1bc48b772fca4ecb4c5b5bb86564be,0,0.0012651158
d87c79df561913071b579ad27f6a8afda04b99976f6de29f3ecdd89f779dc6fc,1,0.9943137
23fd241828822142e9e8f76c5a79350ca209dd4a5f31c830fdef6debbab9158b,0,0.99841046
1069075f56a4bee9598e502051a29131e97607e2b8b3d416f823a6d61ef858bb,1,0.7583358
d83c0e07cb4b4d6b72d10cd7063735ef2ca8b2956edf6a6e6a23d493d2a377d6,0,0.9983644
f5aaafd5e67977ecfbd5ce701d16c97f5584fce5499e435abd03597c26947e3e,1,0.7583358
917593a42c155b8557537d22faba8d1daaf9a923de9b9a1801b200d0390d2941,0,0.5141958
4e1f802fd154a8953735e8205bd94d647c6dce8508e41f10d67f36046c7a165f,1,0.99352384
882ddf11a7cd49de2aef94c15a396a49d99a32b0903e55c9f854efc463d4d784,1,0.9997055
0bae73747ad6cf6be502bd9ae03cc31eac1792b12e21bae7137aa70f007a2d8b,0,0.30860773
b33e6e192d6077e9a840b502e5e7144fe83c4b157248d6da9dc395904c3d74fd,1,0.7583358
89844a25b22d243f33962fc42d3fa2b98aa306338f9b3cc371d3114891a6315e,0,0.06586899
8c1527389c4d4c456f45abd3ce478987713e830b03b80aa098b603978d444685,1,0.7583358
d83c6a31b1a7867104d11a0493bbfc6d07f167ab7346fd133faaf8566c44384c,1,0.9826476
3c053201bbae31f5d1fb0ac3d69a6a26457f8455c330437b01bde2cdb3dded85,1,0.9673044
8f3e95c46f37fa865c87cf444045250e2cfb7867ee39646133b4b632d6b7ed00,1,0.9999435
e7281a5e99aa776c59e36ccd979fee084c6bd8bc9297f49521b5339eb43f923f,1,0.9996736
87b51642de6b5bccb5f2c5751a6994fbc7f994d9e70663758406669c8a9a6605,0,0.8565733
264c53661866b3fdf5f5837b5fb4c392936b416abd15ec7ca1da0f5dc5a3eea3,0,0.064305805
1696415401809536163d8651a3c9c9b63d21f411d15157907d68a87be47547f3,1,0.9999901
083b51a56a18fd578d980819ee02389572548c6fbb7fc162ced70480d2fecff3,1,0.7583358
2f68e0fd6d86f9ca0dc07451690b6056db085a575016ac196e072495cfa84b9c,1,0.9982425
11edde718743de8942dc42a14ca3cd4ff7093013e5e2c8f17a3b191bb0e77e20,0,0.002821664
d87457f012cc36bfa5c85ea20b5ba23dc337c726dd09430f7904d3734be1258c,1,0.9941612
b686a07c7e9ce4116bc762dfb98c60ebdf52a5498c5350f331bf23ebeb5bbeed,0,0.023328971
16a48038c70f5efacd38fb76181f50ede6b6c0771e9f33daea054a74b3508a81,0,0.0171517
ba0c7feea26d9b035c7fe3a240fccddf77031bca6dedef0fdb6edea89eef226d,1,0.99376255
53e8c72a40dde1d3cb8876d96e5953c40bb49cbcdba1e53c381a1bcd018b8b4e,0,0.010015953
2c502b522563ed1f3f968dd128c6fdee8459ab4664d6668fb897d08c538eed10,0,0.029192079
7b379a738edb7d921540ff0b9fcc8411368b8408afa36b0c267ee88373e79282,1,0.7583358
081c7b93dff08cb6e3877c7ad4132e21c7a7178fb2429786dbaff4c966480de2,1,0.9897559
b189294762fe4ec7c1762c48efab5d457f50ae4b56d992b1ddb7cb968fec0cf5,0,0.23824082
bf645386e5c90cb60353e6ef4c1d9db103b610e01ebf8b42050ff1eeedb7a341,1,0.9999398
ec4c6597dc2b39d79c2b6ddc14dfe4034f50f7b96a5008657ce4518db56e3228,1,0.9999486
b115b04b197b112eecf668fa549f65189e683cb87050708a72fcca268c9258e2,1,0.99918276
109f3b24c39819d68b8a49818050aee8e8cb9026150900d1fa96930fa4826da1,1,0.9249885
fd82455eb1110581101100fc82cb85f38a89e71e474144f900eaef04217f6e5b,1,0.9995509
797ec26e8108ab864766685e35154bf7d791d6e0ca72559920f8dfcf7b04fcd9,0,0.008322958
1f62b80652bb6064bdb770ca72288b6179b4168b2036ce7bc66eab9c103946a1,0,0.29525203
10b4918c8a8dc6c186b2fe83f104fa134446a826470fa4896232404db39f4a19,1,0.99862576
d64a5bcd8448f053a696f9bfc80f7c8edd279df5efc1338745f9e905edb43858,1,0.9991437
fba8a2da657f5d9ec68de6d27cec78cbf3c161abfd7e0699ddcbdf14b21cbfc7,0,0.000275091
9f2e371f5368c3c8b2494c24a8b76e1730d4201579ff67323f943c1f038617cb,0,0.100106776
5cbc64257454cfcc2b9cc8b7e86764b84f1f09fe94ed7a59c21ca95cd96321d0,0,0.055725627
3c1408204894bb341991c52285d8ff1338168d8cae6fad7342fc5a3355633f1a,0,0.9477293
b6f7a7c9d54375d680b532afebb65463230ccc003f4f72f2c031451d6ad29a95,0,0.99076414
609f190a58031945bbf55feb639115a3f22e34b08462a45cfb8aa129b2831d42,0,0.30399618
19aa34f2449206b2870543e2e29343aa8cf609cb5b20931a0641214ecae0beba,1,0.9998865
e85c6912ab49262bbdce21c43a7764063d3fb53fac2b95e6cc868f19853118f9,0,0.99844545
d8fe9aa0337bbdfdb926e39072ebd0667403039eb297df173a92eb020b993ae9,1,0.9997868
e411216ff63306bc2ef7fbdba1e01f492ebd723f5bd7062c43d9eaae5a292bc1,1,0.998517
5166237433928c92860dae50d9790ec25be4115ffdfbd1aba36ee3f55d9028fd,1,0.99984276
e4b87a8dc91c6964f6ee02e6602345d26a3737638cb62eb9d746a5f3983e2a1a,0,0.0011876905
fd8ba61bea175dcf973a515502535f45b6dfc16c74f7a571212b16278827f660,0,0.037706804
f1c8a1c7a62d9c7623039e6e25a7fac5639d92f15d9cd2f521ccf82615f9b934,1,0.7583358
f4a93e55770902cbe73138b6053d6c55728f2c059489c5371aba305e50c2d464,0,0.7553297
2cee5aa5832071e1d721e741bbcbfb6c7a73e9fae9f2d5e87b5d85ea8ff16445,0,0.5834268
98282faaa7facf6691b51ae035b0a22fb40443ab69c41dc71f5c0d17d6ee1ee9,1,0.966079
c086b8b75693915a1b8b18b897430bce18c8c90fb586e117f98856cc44f622f8,1,0.92112297
4d323385664c92cb0f12e4e6ca46b254e96f1a015f79422d4c8e40511bff148c,1,0.9840904
c2d4412631bdb3cffc41ecc24aab67dad942c5d7ebbde18a9aaec7b3ba4f94cd,0,0.7459512
195da0631dc67b311105afb21c3024795cb2522cda5a7550703043b7ca721966,0,0.989442
e461bb99f873591ee3d0d9f047f1cfa44311c840063f038481b2d1fc17b46902,1,0.9988618
6ce31fc945590dda29e6df73e7580d9a9639fcd81be52b5c6bd84e71a97955e8,1,0.82593167
8054e1ed273e1f8de1197222991bdb8fce8d809f1f57d0adb97c35180bb66aa7,0,0.013552374
63fa0484810370c273ab5b386a55f64c82186a9ab096176a7744bab17ca1cef6,1,0.9065724
559720b722359d585a029119fa87ae154a92f61822c92448afb573d5c6bc88aa,0,0.4817348
f946afd7d96ed9632541dbf60d1599e78b7a14f43835953d2edf36765aa7effb,1,0.996851
e017d7a6a3784689f02ddaaecfccfb04ca4c81398a7c709ba15e5bf04dec6146,1,0.98687696
97e8a9e04f6dc2bd36dd8b60b2b00598bfe8196ccd1ac64e0b60d471ffae4963,1,0.9994437
9095bc9f64490ac68834560fd1bcc6f421c94a499d67998847222e0903ccb670,1,0.9999323
9053029dba27bcbe4fcd0c3caa5491fa4c5bd0c55962fc1f1a0e8618baae0159,1,0.9992311
7596728ec07faafc131d3cf04ee822c59687b4a8d4fc811e4d35d1d8bb5d8fe5,0,0.9893078
b867b1af0dcb07c9e718a4fe2bb85805fe3fb3f406c4f4a76f5e1d3ff389ef20,0,0.011396969
f6e82b1c27eb18ffe799d6706430dfe295206a4a927827ac47b1076846313486,1,0.98179436
aaea5d66d303df22d8c81673f317a33a46f15a4aaa05429183d99590d6a54b8d,1,0.99304235
f35b7977ab72480bdfe7888a0a2e8f06d2e128fef2d3de3f94aee5440698b58d,1,0.7583358
aa2c646ee3d2a6f4617c9ac981805d7c7d1f593501a2966a2613158dcf1f8174,1,0.98117125
2bf3ce6033fd61803ca4eec71587f90f6a273be8f45d7e1251b224393937364d,1,0.99990153
4c1528d513e404b3def5d6f616b5251b6ccb6441d8e15877e18d004640c6951c,1,0.9991935
bc05713b2d973022e9ac241b5d09f1abcb445f63f3b3f89c0b2552cb4a126013,0,0.0010237952
5902ce8500a5ce94f8a5ac3005c8e2d5e15387092e60bbbe4e5f3e38db8fd4d2,0,0.12524825
6ea820bfcfeb81990a1d76d675751b6dc2acac4fced14dacc97b4a8257c8f2c8,1,0.9209845
4988d09e78bf33b34a5829121ddc75e0714c430eeebe6a892dff966130725583,0,0.024287593
ed3a0c8a7f07cac22106e8a3150d9bcc7bcf44d7c971d520f23b68aaac5e4f2e,0,0.17906822
687f59d550e03a8d150c9d91c1194da232c475be3737add2a8c36066e5da2fe8,0,0.005226915
3b968c255c79cdee948fc964d0ef1ac93b5ac3e88dfd01032e76f114d1fb2cbd,0,0.9973538
660f9eba7ba6af6472b3b06ef9827b7d9969d4184bdc21f17b8bff87f5ef670f,0,0.9973538
6d7a9f387497f28e5c7a2d84c91452a23f46e91ca7b0ee33b3df5d879e484c2a,1,0.999584
74698bd3df815c6a78d58ffd42f249dee547d31b85994143888c8f05342915c7,1,0.9958461
696ec5a70ca6f18482ea2365e2fd4634e788c558ceaf3c75420e013e52d66778,0,0.3830373
5e0dbeded489a93d41603b0ae0613de468fd8e6897254a9596c16bfeaaaf896d,1,0.9997683
2a254b6a62a41b5c689651d567595f11362385c8579162d988f59fbc07fe9442,1,0.6763036
f17a29102f5dcca7c4c2ba93f34641c687c007b3fe597b0e6b9c9f72d1d4c801,0,0.94151247
24dbf267e4174309b276da704b718bd2907cb9446e299169a236031430af14a8,0,0.5463672
9ce4889c3438475caf08d12d30902f5037770072ac653b7d679999dd450ebab4,1,0.89225245
49205d2572c941d323fd9ccaf6e3a65f539b1e4890edbcceed2b000b3120c4a4,1,0.9970407
151d30850f7c20b3ddd8c5b0ad35111871bbb8adf358ce20c91a154954ec84c1,1,0.7879599
98571df63c05d795f6635f4cc130c9515d208e22e1654613d3eb4e6066ccf246,0,0.048363462
c5c9918f30531918dfa844b0d995913f9f3e3fe4d70baf88f4d12daed1bad879,1,0.9999541
55f0247f46eaa768e565796c0fd9a3965c2590540d363eb99ab425ff4e578447,1,0.7583358
ec6e524e0e11edba9f2b54babef5a97688748c6195845f3383ab4960b4956611,1,0.9018203
06c55e98ed15a5fe391c81c9375fc6f7420ddc57e13aeb048ffb84e6b64a5ff4,0,0.6274493
46c9da117e883ea91f5fae79c747f259d8e3c2b6fff23ea1ec2bdd1986d40d10,0,0.4098759
84e661732d5e3645f93e763702e783683224de90159e94916f7c2ab348f00ce2,0,0.9427001
f0e9bab773e1c33f54c4cd3abe73e69f1e69dcaa67fd5b2d7807c2516df3fd06,0,0.18972903
45b841699fddf8897f2f219f129cb8c71075302f320034b4a43acbe4a878b83d,1,0.9991992
ca11d8123e6f4dbf27ec06ed72cdee8eb93152b05a6538fa7b24a5587c52d810,1,0.99998176
2efd59e2d5acb1ec6a5cd74b22a61f8e37383ef6768cbdf8bd12a794e604cc48,1,0.93161654
5c2687f53161bdf76e59199bbb9b379a9fa60f14505ffbf5f0dff52181d994f8,1,0.99890065
5bfdd06ba18f0a1260dd55a4959f108d3494e9782253cb5cb2feafca1c082010,0,0.9203396
3d6a713e9c4e4d538bbbd69bb013faa21219d8ebb6465b178e9319736357c9f2,1,0.805831
8647ac2ee9bd0d2f6c23a2fae85279d7e8ad50709b41a66d86d634fb8e0aac7d,0,0.0016028677
ebb2db84edcbad612aa241969b562393c787e8c2a17664ab0e0d8e0187f34fc0,0,0.9990947
1e771a89b2dfdb66817a9de77506b8bdd8489361410030df0a2b649759ebe547,1,0.9989342
6c25986e0d0156bdb1ba51a370a83606d3a36623ba7386d6dfa60a5234827d42,1,0.9904925
14009cb8aa63d60b772d0b527ac88b1bbc093a2fb362297434aa10cd0ca8695d,1,0.9999808
ee76f4ce24c58b0d430c90d35e34669e958628f3e341ed1364fb80eab5fa6ce8,1,0.9999825
77d7042c799c6b13a0d51ad5c057d85b9d10b8db279451b9a6c50365b09cee90,0,0.47095874
b127097d4d19b96aac6429998143dc251baf862a4a9ddc5d8651e5a02d41ab1a,0,0.9289734
7210c35496fb48b05d098661e1761b8c8d0120902a16d3f5a356d522ffa7f783,0,0.116862305
68da83980f2e35bbe79bbafbc4e950a5b9d855d0b145d58be5158904a92a3cc9,0,0.94611496
16e21988c3a4cb28474cb98735cf1176b55e981fceef246e3d5a39932455cb38,0,0.00019601792
1342b9666926ffdbecfb581649e1962c095cdc44c26be2ae36d2482cd936e8a9,1,0.8863391
9579cd869f60c5d2f142dec7c9a879e9cca262810bdda7fff004f7f26fc4835c,0,0.017741492
2e079faba29cbc8dd5ab4095eb09b919f1e385a147d3ecb05d9256ab017d54f6,1,0.7583358
a3c77abc8f8c4e0536d4fa0b66c2be285d2d86c34476701ed5f585fa4c0d5b78,1,0.9993118
0c4f0eb149f29b509acc04990b6d8195a3dd718de8dc010c2b98ef76da137c53,1,0.9992085
08ecabfd7d8772c47502c78417e83710bf7eb249ce1e3ac6b9d38e64a6e621cd,0,0.25991783
c1546cd184edb5b9586e1f544c53305dde3342d433a8803c2fbc7aa14aa41d55,1,0.7583358
f40901091529d671ed8d790a8f10eb6ab36a26fe6e9345f7d616c336dca871c0,1,0.52243733
ec4fd2f6d42d657a86b30b2ac7ba9e291fe45232ba0c182bdad1a08bbf05f3fb,1,0.9999951
620129c201b73b9fbd426897d1dbf4c42b4c053ab6af07124174d604b43b9760,0,0.89154136
f96482a7515b97dd94f28e0c2ff00876646c9ec3ceadb977e3517699c940353e,1,0.9999598
45524771fd84732c7335d0942c8a9a42337ddac711791eac339164413f2ddaf7,0,0.4667906
f8b24bdc226cce3cb0abb11bf49b018ae54b2ec9ea7a899d06dd5dc09ba737ec,1,0.9999863
e07f80881add5d51520ed10d9bbef736f314b9ac8565f3b88867a6632dee0310,1,0.7583358
3e3d47269ab7f5b7a609e00140ef2d78890ecce656f958b467857e2c338f04b0,1,0.99999464
9e9730571c2d5ba01d975e76ef5a73dfc41af449bd9833ad1253ded25d8dc9c5,1,0.9950654
7540a08617fb49bbe223fec1c4e768fe490483db2061be6d08556259611cd00f,0,0.012868484
6a414380b517da04d16e0642ff06bce0809356755f0421f39168705c23adc0e9,0,9.697114e-05
2bd198ae9a39e9b87ce5a572dc8b2e11a816ec470f9a7e2f739aa49ae0faff71,0,0.02304591
881a17a0ce2268a39f5c1ddafff07fb5b3f27b5ec045d4d77fe91886d7566efe,1,0.9932597
caba25d4d84900932405cbf72c94fda0a96ec24d881b3dd1701f3aec12e25020,1,0.9964042
7cec23834151d7be89081d59f484f4ae210351490a212dbb9c4301b3f9c8168e,1,0.99973077
6fd2038b074afad1b6a2dd5a7a4a002cd336a1f20f9d6925cf5dab4d263cd421,1,0.99988973
bdf3c8bf427c361d12bbdcb3c8a1104f641ac039389c1526077500e90bd98d3a,0,0.53660953
10905a8b33b642b9fff5a3c16c7c91264722a1d740bc10785e6aaed19454bee2,1,0.98213756
b0781cfec0b32b3b5dc525545f545f19500ff11039e82c72f38639e89e887861,1,0.862058
3a56a2944f3349d2dc1bda46abd164d2231090bda6808a3ebacc2c920d6f151b,0,0.009545044
57b51e56f507e0dc4d8d1ff3f628b5aabc0d9dde91045f7c261b790458163cfb,1,0.9992593
7aaee43473c04bdaad30f718468db0c52406c961293255e8a4e75f6e6268aa04,1,0.8043503
61ae4db6785e8ea118ed9c3047298dd8e5a4054a76c47f0c91bb1427573860af,0,0.0125382645
08b43fa77f916054e6109c8c3cac9b8195587d3f922c6de138c7d43f3e0e3bbd,0,0.008242586
b65df740d86af0444618babfd44cf28d9d0d6f5cef5304731f0e423a8f6753e1,0,0.044044726
9268882cb3c4b649fec195407629fc205c86a80782ea2feeab59d3c04f42d90d,0,0.10416848
d84ccd4bb445eebb0bccba96902cf9a73fed2607d22bcaed384e0e52d844a1cb,1,0.9971512
9b7ddc9fa7036b5d71786f96b3e9155425343883b460be6ca81fdd14fbeb27d5,0,0.28860012
5e82dcaeffad3de3f4bea3f00bf15a6000ee572c0e3693d37fa419938da578bf,0,0.97087
3fd5ad680b8ed5b5d5e47977c4e55cff51aa71c69812a94fa9e097597675579d,1,0.9982181
c77b2427a3cf352ca2bfd8c99bfb8242361cebd1a5def1be7ca4e5eeb74db61e,1,0.99980825
85af0531246a5075626b9637a79718653b2999a8cb40183a5e854898e90f296d,1,0.9973531
1a7b0dfca3b6ac5744f67b133a475e7e122cfaae4fda7d29f37fdc684c3a049f,1,0.99299085
5fa9ff9ea69e53f514f49da85ab075a72bb3d00bf7189104daf7f48b93251b07,1,0.97695917
36675393f190ad8636b46ba649b925f9408baabe7a56ba8c08e4149fa5629c14,1,0.9873236
e34ebaf71582be069b801e2a1ff9feb814094d51f45d74e84159ff73ede463a8,1,0.7583358
3e4759383aa63030dbf2e28b26a693b6740e71d2d4840f62b44ec66a8bfcc7ae,1,0.9983693
cd9afa2c40c0321ebaf9b666992e9ce7dc61993d73fc6e907beed30cf187d339,1,0.99037194
4202629a599ce1dd376c0fdcd3c6ddbd5bf6c8409139ee25a6f324c3c540c920,1,0.99998355
9a77fca6e6724c89d57bffc6a7bc655a40910a1aa4201312d21788870e4bdc3e,1,0.8223863
703551b0f229b103070c0c8b2a53ee93fd26f9b3c22b44e2aac13af591563ce5,0,0.20066547
5b62776cc75906f71c12d602787af1927e95aa44064abb47c7da01f529905878,1,0.99949074
6e011b19dbce6f29ecfbcefa73be128f5edd842a334587d4f72d2e2041c344d4,1,0.99653083
506033f7a6ea5c9e4d89f9edcc998ed1f33fb74e4a2a4f32af8cec2ec009a906,1,0.99598974
6d115e7ba183cbfbcaca4fa4bd2b017fe569a311011db7a6dd09267674111efc,1,0.9665914
4338ab77d05aeacd7eac5acbe9eed5568778c8e3e9499562816805b54b4d1a6a,1,0.996761
7ed7486b47631e3837f634bde95a9aec109ed1573291857703785646f8876600,0,0.12567444
dc5a9fa1c15e03f07e49d68404f25c3d609c0d573383007b65eb22302090389b,1,0.9429779
8bc9e43c7a7e3efa806a8301f7dd83e1f5e5ebaa6265b7e26ac87f354069bcbd,0,0.008143795
5fb4570afb2b460217b378a7337d49e227400eccb0091a9264bbbdf21cf5bf0e,0,0.5141958
a7b7e827c076ec2486202ddfe04dfcbd8d4b0697773f67f0667cf24969660023,0,0.33177647
7324f759fa98e8cbc8da92a57b2a691b2b269e2a63cc846d8a4d3d9b92470277,1,0.7583358
5d362e7ef97fe6eada8a2f1f78ebbda1ae70c87c716a63fc4f8dc47e61ab6d1e,0,0.47242978
ee075480cd8d6f498eb92297ea62bf4be81e8ad12675e244fa6762c18d2b5870,0,0.8972633
8132ecd7b753141761ad07d62ea5578c48ca30fb2ef7e7fb3dfd826d4b2988a9,0,0.023779884
1ff5c8dfe917be1041a6cac213db39e2c0808d14b0eacdd74c8ee344be2dce85,1,0.78595877
fff996196a82feafe09f143c07926139d75afc7e7c25ad9e3c2c9b4054fe49df,0,0.0024004735
2f5593235e9ae329c253aa4819552d2e31f12d6e608ada88adf0786932a4fdbc,1,0.9999652
2623debc1f01901deb9387a68eba9569a5e238d87c2df8b36440ff1111c482c7,0,0.041437134
effcf620deb66c03186495166fbc10f06c283e30bd26b9440ac23b90db67ea05,1,0.7583358
df428a36221d3e1fa7432cd5d4a0f76b1031319504fdcc7ab14263c8f905bd08,1,0.996445
2ed2b0df30682851007535902cf87ff1cc68ff715218977d9f3e15451a6d42f8,1,0.99845433
ddfab6e5c0e23f2d03078c5b5cd6651edf3f51c1e26ad2711646e6aea303f30f,1,0.94885814
6c2561c2c71d8011c3891e466d5ca8d78697985a565bc4d1c9f7bd75f800646b,0,0.0167749
4e4aa280f38b7e8869132335e3fc81acdc7b5ab02c8eb37bd5d8d35277070262,1,0.9998584
ac2912f9804dcbe69db1aa6382276919b895164428a59d6b671b66180e85035a,1,0.99999523
004cb7e9b20b886bb7a1e146b0118266fd2567462185f48c92923929c44a447d,0,0.00019503747
d39b7a2e4d370b59cac542e8dc09e9f72ccd506072d1532ce968420f438a0095,1,0.9673044
d2cfca258d25f49b852f16447369806bc94b57c19693202ef82474ae21e3ee7a,1,0.742318
7a84bd8b38aee38249733e40c60794a6c2d55a8cab2fdb3ab2f67d6a92d741fc,0,0.0009957895
b4778433cfc105131152eb1cb80ae03d89a2c837fd757198572f3c45633b9ebd,0,0.0009957895
99b81f47455a7bfc3d472a21cd06a4596649e0211f8ca267b3cc4af46b9e32ef,1,0.9818286
81e1a2833d8726ad13d904ddb70c4adee937b56a2717af8c975ab7c3179643f4,1,0.7583358
0f11eed4b68b8b2027c9a4d3be0dbcd74b04f357821c2b34104bac8cccb45499,0,0.42287406
921e6023c643548030eeef43055d2315b68e5dad654b7580103d073a32d7d761,0,0.9727834
f05dcf8360d5b145a141b9aded6ff4e4461984a46dc86d9105600f336d55a941,1,0.98800164
7267b2542237078504d27d135963ae8be1a86d8ec553c067b0c5cb78abc6839a,1,0.99999523
ec2898c5b9ed955cd5620bd46c9e4a0c7d0d5138b0bdecf2b0856e752139954a,0,0.3050049
de5d338c523997139809413ba8f85d4033b75d859c8ffb89bacb83ae44b2813c,0,0.0036241228
fd9615aa7f1b964459c322700735cca5a140d581ba5b6df85b2630700942b80a,1,0.7583358
2c44cc2c164071bf341812e4a632cc63aff44d71848b33c85daf2e2df0eef4cc,1,0.99992406
22519b82c543252f87ff6d9a87edc10d01e8c6e37a5460693934e2d71a5a8c36,0,0.009003255
dc5bbb7f5fbedf5e408140743d6502bf3581cbf501fc1f8a65f1d45c31cf6e48,0,0.08017904
13f3208c7b6f31ea00028b78394f46edded2f172fce1a9490852aa130b66f1ea,1,0.99998236
4f7ebc056af5452d9e045948ecb39b4468aa43df7aa70e61219dc80f4f69f84f,1,0.44329983
2d0800afcd9674ab0839106909aebbed3c78978373024c4d48faf378065975ec,1,0.9995758
4e2db29863e37fe26c73bb5409e37ffbb675127d299e222447065b742e82198a,0,0.072586104
6072b46f09d648d9cbb764a26b8b46cc7c7ce522732169253dd7832c2f9433fd,1,0.9992005
2966546a8b92b95f157477d7baa7d3a041276d65812abf3674cc198b16a98302,0,0.13851957
4d40559f27cd85cddb759961c2997aed4f142bc71f5219317875ff20b73db2c4,1,0.9999938
fbb573064fec2ebb2c9a3c84641a447088dfaaa5a2a7c2e920769aeca1c54995,1,0.96995854
ffb76286bb9572e29a8011174abcc146146f02d114beb40d9aa64cc73f7b1e0a,1,0.99999523
8bf85bd619c84d5747a507002343fcdb03a232d6e8797f893a4e3da10c08e445,1,0.9997987
ce57b1b289b9ed33e38f54fc127c90b6c16f475faa0832ce8b20681ced72de97,1,0.9999335
c9145ace466b933b71d26a466957cfc656438af1d8e78e379166b6c092589ba1,0,0.98536414
eba8872fce5d43b1ec5dbceeaa9eefb8e8a5659f6e86513a94f5d727a848d65d,0,0.9839168
b54a2cd873a85753118c3e2fa8736296e541e83745a069457088385d0a279adb,1,0.99625057
42a41230ed6c68f7e8df6c3aab4a2c216436a31f06091de45646b7756c165419,0,0.6770275
b624064657e8f90a89bbcb816c96df967f39ea746bb7fa5b7a3d8f02ebd105ed,1,0.94774485
c7dbdf06abdddbd5aa89832fd82c7e6c8bda960d9aafc2835dfae1f1a69aff00,1,0.99973685
8a431792aacd60a1742ff56c98ad924cb9d55377f1f9eed15da9f157aa9ef8a0,1,0.99843305
7507113c12492de357cae5b75c2e5cf6e427f4a6abbef691cb2e6ef3438f9d56,1,0.9991372
0f74ba454d13270553203edea1ed1bc5150d5a1a7db36944cf5347bab0e93e0e,0,0.03959593
b863aecbee3d3d3e2013c2167e3325f4c43265e461ea863e0e70ecda9954f1bd,1,0.82593167
9a84487894396c3371411a0be124ba2642f93909c3d030069e0d2cb94ee63998,1,0.9999356
0638762f6ce61a3f80317c7c176b0a8bc035fd0a9169717dcde13fb8b8f937d3,1,0.99984276
e01390b8a1d910013d38a20636b5d9f5705c59a86e916df0bc6900c5338cde38,1,0.99990153
fad2b6b10e85b30d7774e3c0fae6db4ab2d190c1abdbb229b9703d42e71bb664,1,0.99979466
465963819fc38311595f8e8588e2e06c11ef85b562341dcecea38f2bc2da4583,0,0.10798793
62d1148f1f59c3a62b49d690d8fac681f87e823053aa449cfa18c4d0a915f5e9,1,0.99983406
40787c7ffe9a131669d940fc99d77753c4c78d363a900c2cc08a65a039197f8c,1,0.7583358
3ab70ac4b6e5780d868a0f156c1e1007a77ac4d8160e107484369bd33bd53831,1,0.99939156
89697e03a53a270a5c165d6d5c650643a82e2b4adbbb1ed0f5629f0a5fb22ada,0,0.00041164455
16d7f7d20391cb744e43c100fb9c32c6cb8e1a48a2c4e072a499e02ddeb96b45,1,0.9898364
c6ff5b8d5182d94a5048170c6e8656fe5ff125dc74ee506b4f48ab2af29c2912,1,0.9490475
7d0b8e234b0ee34525f03ecd132bcc817bc207868ff6d1809a8d60c4a59af15f,0,0.037888255
c4dbe2b760ae24b3015caa26c1c2a4828a6af806feeb1bdde86dbf6dec8d8578,1,0.9995049
5f8971e16d7aed0fe408ecd565b899a98473d436f5cf7d73fbdb54795744c9f2,1,0.9713453
10d499373bbd3bd119b23fdc3569eeddc131757298d42d1ce89914c431de555b,0,0.03706062
08c5044e32926a19f1ea6a176aa068a387cdf135c1af842ed25289f2ad63a85c,1,0.99234325
083dab75b39bc368eddfc775ab9d785fcf3181823174d9cbe7c00e370f99f1aa,1,0.9997055
9b5ea0cbf8d711b715f7bb5e57725da43b0683e0d951bf7d542a6845c7346742,1,0.9943949
55775daa8e7c95417e49bba5f2b7ea97fc81d27479939c3899844299ef55bf62,1,0.9836623
1cb13dd87462f432713c2e710e1f5391e17efe1213156d7f67f68437cbfc6bf0,1,0.9998006
8ec61b4f681fc6a32bbe310346714d411fdc3197328f42a217f6d45cca485e54,1,0.9999316
2fe6488197b2a374276e2c27e5455d64d42ae81978d1c6c0aa50c7c6c814c03b,0,0.2655805
87a53194cd22c08d0a8739ec2a0252a77d2ec64986d06e7fb99490aa93efde31,0,0.9772808
4b03aaa1eed25d1ae0d03ff9a2f340849006960f018d1b73500344fe41023377,1,0.99900836
dcf81ce5b25329ee3573419bea01c9120ae724930c2c34e9a8ab5f3bec209dcc,1,0.771272
7c7b18d88ba0a4577f953e45d6f5ce87b1fe8021faa8201da874e06398c5153a,1,0.99999523
1159de5ac0c4c4120c3b83abdfe8ead0bf44fe6a56abb21ed5060661ff01d086,0,0.021214722
3df6a9c459768ae97bfc5ec44e51ddfab1d8724b2263e1f13ad58594b9437c2b,1,0.9999794
4c73e01c21fd208435c2428561e491ce5d3ea2963e9a692b178c1525bd2f2f9f,0,0.6626003
4a5aa5dd8fcf5421d4d5e315975b8f128147cc1a8600cbf593f7d5d6a345e4ed,1,0.17231335
95d5002343fa0e7bfa97fb5ef1aae992cb4f41beca1c452defbe90464b376b18,1,0.99954456
fa6f9c9abdee0af9c838ae49e4fde022d46c330d1405093a8f52bed1e6679a42,1,0.9997055
dec2e3ef46191e03e747cb49e089a10e858610db72f710398ec0e22c5bc5e2e2,1,0.9795792
2d128c2b350e5a9c25f3a28bacfea3014e90fbc286b45625eba75aaf7a3d3438,1,0.99824345
6ce34d4adb60fbae2e03db4cffb1060109cc6edb0e7de9a2fb6f17a9d7ed9287,1,0.99489033
55e0be737df43241788df8d6d2909d2bbca693e7d4e0a6605dc3f645e583b406,1,0.9999014
838330125be7fa0c4f53f3e8f1caa6d36f8afc3a149f9bf54aaa80305422f369,1,0.99984825
473ba561d01e872e1d5b70e27fbd43d6c566fec765cdc2517a8f126e293521b8,1,0.98568
ff03ace4ec4aa0c9e454bdaffce3d86306828692e887d4f1fd3cf05922463561,1,0.90526646
6aea6b3433f9a1d3b8dbc16474cf64679f58529db3da96f99f870b61b0ef6002,1,0.9967068
92512e0cd4951e443a29784c8da481ed88e9bdf83356dbc79ba59a5b00d2fa22,1,0.9984395
0655af8857d0bbcb6998b2079111c700e771a1679e98f3f23dab24c5b600b0d9,1,0.99997485
91c600839fc57db85d130a786ef2a0a44837dbb3cd750fb30e95130805dd96c3,1,0.9995921
0acf082e93c175db480831a24465748bfe9255c931486647c9812d8999b8bea4,1,0.99999523
8158f51876d6aa6fbc5b03a950c5134fbe7b1838c8d8069d15e1768deabe723f,1,0.9982181
902a4ced02563a319d76122978d1a4a02667b46f8627417edacd3edc33c371b4,0,0.4884776
c540277016b427338fb3a442c5eb46b4f47d03249276ab49cc650c9c8da0ed70,0,0.015081685
97ac67f0b7cb2efa23fcb38633382d6cbdbeea638d963edbed0abcd63a318888,1,0.99999523
7d49cda81113bef16f5896430979646b325132bd80fb471b26b04edf74f7c34c,0,0.022700168
edd52e09cb0929d799f4faf74b8fb0ebac6f22e9ffd24ad99764e7caff2195aa,1,0.99999523
668ee93bf5034afa070073cccebb8deeea46059b7cb530eb4b08c7ec50bdf76d,1,0.9975012
c15b9f0c7248e00894e8fb57ee161041feaf1959067b524b5f7c7b6993a0bafd,0,0.00054156466
fadbaa04d6d59cda99de8f8c9dd49002d617ce1a92b02404889ef902e959cf1b,0,0.1322058
378628b5c116eb26da6addd454c4be04558c0fb843df5ef19be167205caf6032,1,0.96527964
dca83d36da8c7c108071644496c6c05a86625bb1593968cf045ae45db83e7807,0,0.14599515
2e8640f91d4b1f73354da672499944f88ef21d3e3a6c737dc3ed7e5bbafe39ff,1,0.9997818
389d4e63c62f1420e83f2d7091deb0b20462d9562ee3ec72c95730fa991dbd79,1,0.9932981
08f42bcb3b1f98908a6730bf2bc086b1341759b4d07a2634eee5d2092142204a,1,0.08574473
0bfd32abe6b10b3772189fb3b0b2a4851c529c5b5dc295a2f3840acc4cc46310,1,0.9981468
e24502407ac2f2a83f84169e3914ff4a13a0ba766844388844f707fbd071cc80,0,0.018708317
c51cad1b3b707e4731fbc4f5d4fee3074b79b61895be0f6d93e9863c7e900bd3,1,0.991507
63c46c5c40ccde7a83b5abbe6c663409bee44d5cb55defe0581850df9ef1b0b3,1,0.94548345
586c489902d3b3534a2e8a948d3c2a1a322f8e2dd27b6e8b229cca0ff74c19e5,0,0.9394259
e615da2267002cb74dcbbb3d56ca198cad531f19e46c19212d5fdb9da80e0d52,0,0.7763716
9104b18523a191b9a71713275253e43e26f50312320cf1d642b46f46df5caa67,1,0.9997683
18aa484e258d4c9cb8f223f76b57436c43f33efd0d277b1afa5a6bbef4fa48b1,1,0.9999027
c3613af3a3fb31bdf833b3a3715cdc28e57735c901dbc6ae1d6f04bf6520c861,1,0.9995504
3936de5c58f889eee4e886892861808c0d2227e4ae985d478cc693ceb318bc1a,1,0.99996436
710f2889b831d73352ed512752df81a79461a766c64ed9a708234b679da023e1,1,0.998696
b663880c65c4e4c038f6971bf4f2474231ce77740c1bedc5d1139c2504fa77f9,1,0.99199075
53f539197cdbd700de4a7a330ec353f9b5da40a14643bb7717fa8bd4d1d8bcae,1,0.9894086
7a86a07e35b83ec85a03caff10155d04fe28c4196bb1cfdb026a40b6047ffa66,1,0.98582953
fabe82570c76f1d11778a9c074443483d8a880d9be3642fb3dd862d786662295,0,0.004975249
317cd708dbb2cd6af3b185c38f9b01f9dcbfec7d40ec81e706f2b59b978aaa43,1,0.999966
3ea8dae7177fc0f0fd8ea9d4194eca0e6e06a689804803384ada88950e8907d2,1,0.99898833
a89cc7c27f9894343d8dcb12f0d6fded3b103f95159d69b89ba8b44bf4fb1111,0,0.8838413
a12b1e1c8ee206e991eb98dce61a4af768e2d5b2b2426d59e0947d478f2e53f0,1,0.99776316
375868d01320fa903da2cbb715a81d17a4828f076e38db8c43d14d47a0e35326,1,0.9991203
180c40a44a22bb50ec18141630414632eaad5053605224670c280bf5f60282fe,1,0.9992842
46ea64661c6e599a0bed39f2b4325ac50d8bd6f3768e79eaa2e3da15f32a96a7,1,0.99391854
dd21810d1b039e26a3d79242c0b426fbb866b493613199cbb5a00aa8b58761ef,1,0.97886825
13182875800e0549ded249ece553cdd6ed18c88fd5b13fada1e99e95afdf49b0,1,0.998966
e77551061d7a481547343861844c5d789768c36f26d65bd27a25692343aa9ea0,0,0.0077895676
fc7ce0c02f3d0d2ae88985f91e2045e790f3569402bbee652ce27a22cecc9a08,1,0.9905008
abe7acccb3a45b8d0536c582a4d03175394e92f6417a4ab161aa304c7215d939,0,0.23417051
a953220f071d495cd60e45786fa6bed70c4c14c3dcece396710c194a835f92c9,0,0.037706804
03ce02800eb182aa01ca7d11ec54d7b17c328cb85eecdcd187e5c8743cdda23c,1,0.9999379
2796196d2fc46b5fdfece794ba1c035ae4004be2733901b38a3b46f265129e8a,0,0.998858
46969a171dbe0944af8e4e065b1fe3096364c5b4351b16af1b4b5f40b1fed033,0,0.0040537757
47c1a6439fcba2f8cf39f5dad4389494003594f87fe55f7e82edc1cd1ce7fd9a,0,0.011442666
b6f02b2fe00de85a8fc7e30badcab3cb842a27def38afbbdc300d8a1761f6679,1,0.9999658
f593fcb64998b0f565d48fb3104c91b2d608ff0067e5a6301a5eae7cebb0096d,1,0.9444073
fbeb5b59decf0da7b0609a9c3caf7cf95fcdc6c93df91b090e073d46981e6e97,0,0.0008736715
121516131988debc70763513e856cf5158573e43a8d2a298ea9e9fb3a22f7ff6,1,0.9946826
41cac8e4912963311ab6e89a4d39484ee647a5a8f43f387931fe26bbbd916f9e,0,0.1673298
4402018683e1673d527900b9c3fe615419c2967e2bbbf4a30978175f4cff6475,1,0.9762824
2ebf505ab314a6b801cc183061b7c1e2ef50dadf7682a63c0b1310aadd1acefe,1,0.7583358
240ad2558ca760d5b453c1dfd55e02ed9ffda57468ecf7e1d5655332e7ac7f8d,1,0.9943949
990f6fba1cf309a2fa4368020c6605e27d1d985814b6a47762bf4edbb5d72f09,0,0.09141855
da213d4b1b19d0aff2ea796c271ecfd3a76bda55ce9d35eed676a1396c58e296,0,0.027825106
c3158912265982c92c5cd3f045e691f7719d368fe876323307529e4fbc8b4c61,0,0.98641986
ee9a9b8f2da7bb495fc19e2235f7145ec146541f8cfc0b41d13d1bc66dec8848,1,0.9982691
d8ec6a3294a1083aec39a5d7361cd4ed8a8d7a268a82fa84237d3b120765cd20,0,0.9553926
29d220a948b47562085c3cd0acff520ed3646b041a5282eed66d8fdeed1de092,1,0.99890065
6da19c3fcb97b6f1d3f2710293ab0f457c5c0a4332d03b9b7cbd583583c4d3e2,1,0.99427587
6a263abc98f47da2edf024af4b80b6935ad0c841b941ef25ba24c32cdf95e990,1,0.9976914
21aa9aa8a8960a1dc1e2d37742bf6fbec68b0b4e5c213a975bf994a01e5e4a05,1,0.9974758
58efba90ec2daafb44c5fd881b6601682485a2e6dc680e7fee85d13404b36628,1,0.99211967
a77be8a89fd99d155cdd9297b04a6745a0a7f8fc01039a7b093afa0f3857affd,0,0.7994552
5ad00be75aef3d5af1c7de7cd678c3a7e6d6ff9bdf7ac0782f2ac4a210b6cf5b,1,0.9999901
89bded320cb0003923c54d0db69ccb03da3770ebf010d6684f2ea87bd97d050f,1,0.99904984
3935a1f78b2fb146581378fbb05d6afbb6fe4131eb0b015b42b5b8a9732f1510,1,0.99493575
5f897f545d8826862fdfc4cf6cff38c43ce1e13da27d48f276aa497e64959be8,1,0.94797534
3d6a14e260cc1f950d2ec519f3be53f1a89883030f4b5697818049eeb274b959,1,0.99315476
6a38568a7e792dcb77cd1e4943e9ed669de687df56974a7d1e2a9bbb7a3b70ad,0,0.24795051
c53188fcd66313ba747a1dee74d7d7c54bf83a8c32c561ab9a79f333510e4205,0,0.004578217
6c9b6391541ffb51f6b72534d56da064f5298c1be3de9b02c061210fbafb76e1,0,0.0007707605
bbd976d185c215a61653e935daace228ea63db9147a5a77cb8ec71c0d74528d4,0,0.017682035
3182bd44f0e77b0249fd6e138bba7a5306c5f8694ce13c5f99202ad259437a03,1,0.9695621
accf9d1fd946e0505fe4b7eb1deeeb701669f15a23a47a44a572be0aeaca78c2,0,0.13149638
4d0c179cb82c3b72f18237c2cad005849a3e2fce9e07eaa4a599125b950cf7bc,0,0.02283705
46ab910d26c8f842681d7ad4c495f6740094b8abca9d67ba61565a6acf6f8862,1,0.9996321
22885b81dc0cb29723f5140a43e345ac9095403abf7bdfe5df726fe0b9c068b2,0,0.20310667
7bbaa983b7ce705f1ae3c1e8f7c8b32a41f601951101fac1ff13db9de5bfaa3a,1,0.9997099
34185e3ccdb0849149ada14a37b1c116513aac7cd7a27c3dd529919888159886,1,0.9987016
d40fec99a3fe8c40dd0f654395d993fb8f03762389f8d0c7279f8309fd252681,0,0.51126426
3193acfd818b568fdd865341465261faa1eca3412ba813fd8496d0452a7b38c0,1,0.9992962
8a395637758f66d2aa4ff1d862298e5a64adaf2344239321dd212bd9387d3df1,0,0.95331264
95d0b7dd24e47b42f22a3eae38d3627808060427e52f20b62202bea329dcd8ec,0,0.25866446
bd0c12307103780e2e7ddc05f9de08d89cd8f13e471188ea58478fb09309c7ce,1,0.952649
226932fd2143e8603a7d4be5a15a3f63550867aab8be7729642c978ad030ee17,1,0.99667513
638c63cfcdbe0aa936e312d1ed97ec343f9eb9add89bf31cc234489e4e2cf868,0,0.35932902
5c02d341fbee78690bac12b8120dfc6aadc2194aa9fc801a60f0c29619c727da,1,0.99433327
803012931e88a15f6ef8f84d6f54827ee489655bc47e8f964bba67be4d867236,1,0.9999645
542b95103b5cb9616914a30c91a56de0ad308a4629d2930985244ea240729ad2,1,0.9938122
9c2d4d909e28f0ee985270f34a4ddef658a5dbd5312bdc9da410f5c0009083b8,1,0.9972994
3a93106550d50c2acb3bf23173a59b06235e662bcbbf759b234735c5042b4836,0,0.2849871
109de38836f8dba25531fada1e0551f4b5c96ba823b85a3dd9bd25385e0d42c3,1,0.999629
9273bb008e96ff30dbbd45d3417c8dcc61ef70ec233a33fc29be21ee158bc22e,0,0.0020564406
afd947667b57c139ac2e898dbb9144f2c7b7999cd63da2b5ab2826ee8b588c07,0,0.0040592547
291d5d904228b5019d25fcdb81d8b54bb0e2c33569548b521c72426654c6cfad,1,0.9958961
dab3990926d5b3f31016ce8a7561d225b8e5678eea8effa46ac8fbbe1387ed7e,1,0.9999782
d817d065e676dc1d1e9abb13c3495f9936547893cae54018d88de5de29aca5fd,1,0.9872651
daf56332f9397d81bc73949310508ee3b1ae45af44605424768375b1ca24310c,1,0.9997774
fc2f5af8e92dd1ac3b9f1846b23dd0624ef9c22d517f2da9f0c0fb4b7be01367,0,0.00026652386
5a67160b9e1694e8e4f361b221a19c7ea5b21389b51048ac979268d47b193bd7,0,0.66015637
6073cb29d91a3b75d4ab837c4028fb4169fbe315a33275c4d6d109e59dab9fbd,0,0.00419041
83c92c3ad3e0162193c97d89c81346a5bd3ac85c3f1fffd6b5610aecf3b57181,0,0.027825106
bb20f076894b26a4e0efb98192ae4ce9809e4c00ed535d505b099452f5a0a86f,1,0.7583358
3bfab1ce855589a826de9a3c1aaccb92c5019fae69f9797e8480706f5395462b,0,0.9841159
1c638ddb8e6341797fb331b6bd843e4bf4ae4e191dcfa17f287971609a32dd8c,0,0.99315226
9cf8b755ea451b9702018e61c622daf4c00206da876f99d99c45dee4386fe443,1,0.44936812
9d4a6eb760a055b9d543e082951753cc94adb40355437ea2e30b9204b31dd0c4,0,0.4741645
c68f5f2a1db004bf2a7366911df3c2273a49fd31b7749735f5228d78baac05df,1,0.9866366
0092de4906fe2e973446e96b76ca4c38514cf477f64d8d58f3c472e8bc6a8bad,1,0.99890065
343192dbfa27c4327e3c784bd8333ada75d561116a8abbb0e2b03face3b885cd,1,0.9979785
47d3010784d26fa6a9ead17d2c616c7b78f0f818f3549ec0d18a75daa5c46af8,0,0.10354737
3d13f255f1a210d6ac1c271f90a7e776e25dd508ba549b18fc76c19415c20765,0,0.9427001
03b015af2b19ecf88226a9ca0cdde3ac9c187a6856ec7192758bc366fcf50567,0,0.001633205
32abdcda4c91160fc6296bd0d0b575bbbb2a4cf653e7a28b25fac49191fb6fae,1,0.99289715
01b49e17d670923783469e9e2016ed3c18569b9e744c5c60a58e3c6bb0008fb7,0,0.019248607
5ac5ca647fe98eb77c1f44a7ee6f603e364f04f7526c86e8962ccf5fb7553e97,1,0.997821
974f620e06c79e598bef6793028d0bc221ed702e496ad6d48ea3a730200f1e25,1,0.51011753
a047cdf6942ca3870d8111a5d78fccbb57f399f81e2b114427d3fb266b986a82,1,0.5954104
cf9aaad04647a84430a034d9a9ddb33dc5168f03d0df9b388331e4b689f15eed,0,0.12389325
28c6b01f021aecd5a596212394985445db3af648920c6d467d8964faa0f7dbff,1,0.9999014
1b04c81a3f97d34c2d49b9b609f0c6cc519a4e5cf3a2d9f70ba4b184cdd27dbd,0,0.015164205
c5a5437e926458ef988a152c698614d08923deafb06d32e3f07f3890b60479b3,0,0.17268045
77374b43f7a96b063411d050c785bd343f21e20ec323127a9d94240a078e0d69,1,0.91760176
c5cbbd83b62b810f8ad1eae41c120b30b0574034b6cdc029f9e2949c4c0d1287,1,0.9972837
003b55e80b782c767618a5ea1b92a2b9aa2269e4894ff718ed89f34f251b68f5,1,0.9999851
86de4f2a5802b70a7da344d88bc02ee65f51a34c383ea1e88cc17ae656e7c0b8,1,0.998803
7d0a301a2234643fbd7d1444170582e4c7be2255a4352b935d6af98422b197cd,0,0.7288178
b4f0543c6845c9573f10af94898b52dd9104dd048ae82e938e42aee8b7f2b6f2,1,0.9921801
cf32c6d648f87ac2fb7740dccb7e464d13d25566614480d06352bf768238de4e,1,0.7583358
917a9167552272ff0e6429cbac595c874d6d9ff57d2c59bf891f0aa6360cfd03,1,0.99927217
0f59afe6ee67d220773d1f127a4fbc76dd3e25cfc9d8d1a4053f96ddb8d6ccfc,1,0.99949515
dc94ee8905dafce116b56f7018be67b561cbb9a7df5fb9b4ae229f60bf56ad02,1,0.9999863
e2d5bfb6b4f8c46211396873d6b23e3271103aea494f5dc1602f14749c173755,1,0.99880004
73b5e5a843b2bd64f907dffc0d8842515f653c81f26a0ff63a064f811080868b,1,0.97219557
dda1595c60048e6ba36f4c3a3bd7bf174fb1766a01dc99667869b62d5e59637a,0,0.012304014
6329f3b5f73ed63dcbb6482396de754efe8c7fca732aef3633cd4555bf1ad9e8,0,0.0059253788
bef8151ebe9539166c056e5837541090670aa8ef4b7a0094e2de4001e2b5a9dd,1,0.98756534
cbfaed7688ae56ccbcfa0c69a68533cb005a99a6f7eb3f26999a9532b1b8152b,1,0.17991081
02a88c30818fac40156fd39dc4f9a52f5c5a9cd3075ecc3aec843e242d183d2c,1,0.9996605
2a75c4ec4c2ac1172dc9bc5372942286e04c57f79a2f886c8e62818c48f86a80,1,0.73570126
707284ed86bd3d942f3c68bcd6e87f36271107d685154b5f6e0b4ede9ad179ec,1,0.9997055
1c4907e501eb36079bd604d60e945c316b186944506ea5c311c3a996e9796b77,0,0.6923247
bc126f7d0e6ba9f7b3bf2ae2aaf72b82fabab85a12bf443bb43f4a2b5077ec44,1,0.9987676
f5f75aa50c1cacc28d3b38a19cc02decc77f8f0912d92d8f2f2f614284de4e16,0,0.0004296993
cdd9de7dc682cfbaa284070428fa241c3263725c93a7439b9e50fcd2fbf266f8,0,0.030544547
3368dc0b7d54d567d105f2928e01dac38bee14cf39f7d61e18eca7f93d4764be,1,0.9995572
23079fa821985fd94bc570f738241c7ecf1c48bd0b5d60bcc45a06211dd7b900,0,0.022068877
d5c55be002aab0070d1ae16b5f3ee226de2158fb2eaba6fa571e3eb3f60a9e08,1,0.99151576
23c0540b220db79828f635049bbb861947dfc8a2b310439756a000d05e45f95c,1,0.9939178
bcce09ce464e713b175c697451d73773fde9d7a68bc1bd4ef7df6509f0e55b50,1,0.9999311
7ccfbe44f50803563790bd71eb4c9b1b6a9e17f5719d1de860358df71046459f,1,0.99988735
2bbd51b0625ea105cd13a1f34dbfa63040a7f2ba0bb4d312f4fb154d2a16a461,1,0.9996605
a4038d8e05361a897da65c30e2278d2c646ff3639f28d2c106d9cae6e30ede6b,1,0.99965346
d94ee1134b7c7b145019c6194616aab65f15af3a5bd4043fb1279b9f361b2924,1,0.79582256
95b704e24f6ab437e20ba612eabe36c31bd8fdd53f4dd8c0cf7e6d123e9093fe,1,0.99999523
c7bb760635f7b7ab7dd467b5e71a0397679308103d7140a786a349235aa8f833,0,0.010001037
0162d6d7b5ee5dbbff75627af49852e3cbe653ea04ef57a84574f8e77e5d8360,1,0.742318
6d9c4e946d0025a192ea539b2ebe71285d79002ca898f04c235b0706b4ffb99f,0,0.9742547
1a564d757766b944d33535162b4e037bc9b851df9a3765bf6e5ac21036d59a80,1,0.9999677
b4aae6c7e9dc01397adc10d86c23e67f862c290213c2cfacfdab0eea78d82822,1,0.94418365
32a0c6d5bd4a03ca62fed7c11d95fc392ea19a23ab67014878bc0c324a7a145b,0,0.98619556
81e8d2872999d82a13b76e43fbfdbdd11f72be311541191874265658cb4a36e1,0,0.06512843
36fbee995b979b6edc2332674f6d1268a4dda1ce6e8d7d2f6c6aece84963d7f4,1,0.052359793
f8b4c1b9c5ccc450fb97d942ad2ddc01f0f77fa52410dfe4b0e5eb61f1b44d48,1,0.9976739
367a75117bbd9d34b15855f16e956f7013c2a10255b2a8330afa3012b5101156,1,0.7576644
144b1578ac90eec328b964a9b48b0315dc44a3ede7b8da6bbeb3914de1f64124,1,0.99998176
d6ec1f8e92095d67e1ad4b5ebcc61244afc06167c3b1d4074c9565a924767a09,1,0.9998448
d6130435431c4c073072f4d873128ff50f7644abde393adfdc435e90181170e7,0,0.037611242
57efff0f986a66f854633d4fc70fd1c2f64c3ec29669ce1a10b2460cbf324e2c,1,0.67702544
0459e0bbd0d16218567c9e5e2ceb3bc993ed3b4a7a514bd208c7e56aa38710be,1,0.7583358
c548e75d96bfdea15a967c39c8995a2ce8cafdd05b56b82e3e1a032a8c525cd2,0,0.99719656
7710241a2c8591de6a6d417ef53b382bc5f8058d06c4d5dbf6728625e8afca83,0,0.99841046
21b50220554edadbfacd9cfbfe25a7321b388804cc7f5f339aa43bed8a0da1d6,1,0.9999094
546b60220feef1491d74cdc8d21549173affc8541415d01cae4c8ddcf4223075,0,0.0992301
2f1aaf55a6114f172bf4d8eaa312b1747581e68b160bed7566d95093957c67e9,1,0.98213756
593be18291d81fd453cb253b18d68f224c75fec247dec56c417477e1791e1ca1,0,0.035486054
176a1362a71e14c1c9d44af797cb35213c323e7ebff623f068b608fbfb4cd3f4,1,0.9999498
0bb02d8a6149a02ac9949c9c3324683462402093bec47ee62a86916085536293,0,0.006527844
de769131da921e97ede11277d5867c0b2590098ba259978c271ae110791410f5,1,0.999212
1c1565c0bfb84955e5b2195019629b08e7fc27a29067f428ba28201a3283b889,0,0.08429743
42d1a3ac86708549fb425b8e36338ece56ea384fb2e30062c7a7da6ca34689e3,0,0.035486054
20bf8f052d7fbbcdffe9d54df56499ccbe1f695a1b6f2c0fbcb0937f58c9c89e,0,0.5463672
388fc98e638050e7af783e9ee1fa6b7750cca641f16ae8aecdb55707fcaddf68,1,0.9999844
d084921a20aba0f23a4a9969b3c817f432bf25a60464fa8100d78a4580ea7ac7,0,0.016234249
d6b1042aef2e3db58dda067a9c2f0506cbbb1556cce45bb9135eca1ee554c21d,0,0.9963701
7fcef7c8778ea5853209e8ecb3f2aaac730cfbcfbe794f11203b9351fcbe68b9,1,0.9954006
922aa0605b463fd98e2a6b698548d724b3bc0380ef0d7e33ca6df42a6c615c00,1,0.9991548
3fc6a174d914f33459c1cad28b998e375e5a5404b6bb52a4a9da3b724f794cf4,0,0.8062628
29353aff22330cbbe2c9f4fdca324111a9b1bad73dd3d24466357357bee1b85b,1,0.9999652
1d9dc792d707a3bfc4e8579a02c99883fca6cfa3088cbcb263cbaaa6e99b3986,1,0.9871881
d478ab5938514a48a877c814be879a6d9b52c1b73912ea6d87c455a4fcc74c00,0,0.028541401
fe1d64b72986216ba9328395459035e072aa7a8cb8748df335823e899a34a03f,1,0.99999523
8c4821e984cdee49c3b70676fa02f55152d40d0785e9635b62c9ba6b629692df,1,0.99999523
68ac64b9427e7c86fe432cbfbf3bca16479c9f88c48970d01302780d910bb7a6,1,0.9993401
7e0953f5c3a1b39803bf91aeb8eceb00b68708b731dc0006a19a73b9400412e7,0,0.3050049
a5021b3883790130bc62a06ddedb098a3b88233d5496eab5d23001842afbfdbd,1,0.99969375
8fc7ba8af70076e56afea7853e3c65e876637a18d9b6a37733d9c3cc7df28442,0,0.7150461
79e77215fffc781ad2359db7dc14b214b0c037440ac6c301de9ef5eb43d5beea,1,0.99999523
0cc78d3f56fe61030501e1528bbc00209611633fc76be2b554b7099ab74f96da,1,0.994779
a9c9965a025ba3e949f4722cf048460aa3846692720e6f47864423030e491d0f,0,0.036292568
e495807e518af691fa12e1b6b3c5c60c5ed4f3f06a18c272dba0653a3a6aa613,1,0.9139561
b01c1ff53e87ba6abb9ea6a12a15345c1f83ef72205f3678712733e6cca51231,0,0.9570706
55540eb36947bb177d5f67698c4b9c07e4640f14793e0ea8380cba512ca559a8,1,0.9989806
af73962925d6d9bf5bbb716c60eb75c9c902ec2f44ba374c0dc8b4e3f438775e,0,0.9974044
0b67a5a40aa15889db98454af9595f625b4903146432755869f1095d925e2c2d,0,0.035486054
1fdce66520ec5584ca7a93b46d22cba5e2906c99cd07419c203b20f50ac64bcc,1,0.99683315
50430cd759b7567107219a3e20d77328988b1069f46993970771dc8052e6a11c,1,0.9998982
9260ce1f22270100ab04fb19cacfd5756acb598ad1b75498bf5857bb7e084ed4,1,0.99961275
8512468c7934eeb8fb303ab8f5e1960616310fd655819bec28770a6b0f239e76,1,0.9999901
75062161aad70a739a6e3ded655e2bbf25de454fbb1138deee981e20045a5a36,1,0.99995494
54c9eefbd34d85fa47f2dd51eb52101ab233793431faee62ed7e5c184cdb2ccf,1,0.9986971
e4cbeb2532405aa6941440f520354344287c5cef816bfb1cb095718f6757bc0c,0,0.5541269
5733eab4adcbe919f5189f29a1454bfce1d53faceae7fd29100e7a69af36aaf1,0,0.9366509
2d7feea5489ca5cc9b19849a775ba4628e5b7963800b1d85e9ac197722017c39,1,0.9919193
1bac4a4bf39a90a0ace7d9a3d5cd313ec26d43ea01909b6bcf65482bfed2cf13,1,0.9999645
8aee26ddd793ec4c5671c925cb11a7b4bb4d86b0c6efe461463937fe71e981c9,1,0.9995222
71a9dc93cfd6ff23402c7ae50590491bdc3eba67b24f73f26ac60f16b460f628,1,0.998966
99ac90d0e7f43cadb1e419bb399ee003228712537a716b2aa66961e21c726f20,1,0.9752669
8850da6dc7dce664c196b1bb091852282b2664601a9ff059b3c80fa952108391,1,0.99890065
fd53b55e76b1a3b42eca50f054bb54506cd0310e91f78ad6c166fcc313bf3eb8,0,0.0132297855
925a01d79ce132bf38de8905a81cfa9883f9d2a413e5f5eabc42bd346651760f,1,0.9985656
15e0c06d752ec875d72b5d9c7e39b849500b2f4699bcef0ad6784b6f245b3676,1,0.7293867
a4910b2bab3de8aebed7412e1c6a30ef24c1f765fc6e45d1cf113a230c1324d0,0,0.111216195
3437c79daf3e5b54ba800b5cf6ff52ff362c2201586ebacf11f2eb717c9f60bf,1,0.9996736
b1de4f9db04929d9086e5aaa88d154f2b3a7d59eadad80e58dec31538fc5aa5b,0,0.0023676192
4d601e291d20856c2e5ac0edb4a853f0a5f9030f5cd8c138ac86fd9bfbb09cbf,1,0.9997707
13bfb36363a6cec6df0be729cf9558122c0b2d3a354994c8cb2057c8090013ff,0,0.03979279
631f70dc3e87e7a99db5fcedfc66e0c623b980b91e7e88912638e5b577558a61,0,0.3395634
34081011ca26ef7bd30293b5d356013aa0e86baccacb1303a07c3a98d689df8b,1,0.3491853
735fe6a4914581702dd102ba6549c38b6cd0698e013ad128fd34942b7c87398d,0,0.94266057
36d3fe22a5cb778c6388f351cf3249e2271433ea754bc1a9e373929fcacbf8f5,0,0.17880732
aa8f8aa66e53c4070ea490cf0103114473dc98094121effa085a0271742237d1,0,0.2688456
0ed3ea46bd4df7d72f0737e91063416c38de7c9bc573532feeb5754f44cbc1a3,0,0.001706992
8cc4af56fd009694feb14096ee8922697540f4fd408497fe461763dcdd2d1d6c,1,0.99688655
2bea21ed743bf60aacfe7d4dfa8538a5bcb49e6df3ef213fa97cd303467b18a0,1,0.9923894
a790a2012b887f61cc771d389668784b3f19ef467079b2993b9314ebf46f4673,0,0.98018414
7f2062cc500a83ceb4b99f128bb8c9b0f92aed42ca994ea594967d4585a2f783,1,0.99999523
a22616bb5418675b779e84d163dae07ccfd133e732c17b3939c64003f1f726dd,1,0.99999523
89b45bd2bcd86701eb2ef846bb240918e2b6a52e149a10bffa306b2c29b468e1,1,0.7778248
bc127d9d5db4d977555d436d0d8cf55273671c5a960ae0c64702f141f61b1a8c,0,0.18030408
9e30cf91ffb945c0b4c11d00b4ee2e963a86b3f867042980225e157bf5407aa3,0,0.028713355
5f7b4f67be1fada819cf0980024bc8f6a57ff39a12be97bbfca63ee99a812fb6,1,0.99198055
d70918736a0607cecbcb1f9612a2a218e6822682f1a07305a6609959d0d62db4,0,0.9975159
298a29d59b98fcc860edc86eacf81c988c858c76d617c3b724e73fff1af92698,0,0.007665621
2728b01ef08898a447e7333c66e10aa4f7d0f83c18d98d79c746ac644889aa1f,0,0.013136135
6856ac06eb09fc9f9ad3fa60059440d6f183349e3dbec82beeac8535c4e8c8da,1,0.9987066
9df7e1cd7d4c23cf02437f1e5fc6eaa4ea21bd8c6f1a703eb85cbf96bffaa076,1,0.99670523
96a248e8040839a617350b27154ffce58a8d1b8fd177d14290e7a798f4f2aa70,1,0.9921536
e15c71b95a2a3e4b8d4496a4e7be952265e4d1de4e976eedc2e04b0b8718589d,1,0.8125102
ce402419e050cc020d6a9900057e669da64e9898f6e44ec7985f2f9e20bdd3af,0,0.99839586
ca66439ab74d88f73e1c35c16a65e57e6ae4ab836fcf20c641dd5718b224918a,0,0.2915737
5f7d7a0c6873fb017b082399c4f80dadcde2514cfb757f49659b4d9cc55e4ac0,1,0.9964713
e75acac1e4a180ba54dac89e880b869fcdc4894071d1cff03f554da42609b011,1,0.9998448
c5ab0adaedf391a395387df33b0bf6854f1ccc9c5da937915ea86b5eec6e6103,1,0.9992612
4494ddfcbf2b68fb714c3efdb50762de81fb88d121f7fe821ea00b47375948b2,1,0.9995098
b09b12016950daa0d4f4fce785061540dcda0d8173029bd0e9eb4cf6d1991d33,1,0.99998236
dfa9fcd2d4ae50cbd7897ebe457127f8a5020659a8ff6f0d7ca8ebefe06de1a7,0,0.20370638
825d578e822213121cae4918de350c814220122a776a3aac29a60f10c227aab1,1,0.9974541
23a0461159addfefc006013742c7ad93b76f3b048a1e825eaa2688cc78e95c66,1,0.99999523
224241b8e1c1450a22605b231859ff1f40236f9f3038cd27cd7b02fffde70efc,0,0.63218254
be217d2dcc5432a071ea49ed221c72390e98585a7c208b8b6cb3429d6ba84bac,0,0.08133647
a9bc8e2c8a7cf3685badc8799faf32ff4d61bf32fe8e7bf9130b0a49bf5bbf06,1,0.73040605
cb4c746e7de28c79b5895b27c35434050f44b897385c36034e96d8efc7c01d63,1,0.9859028
c04b319e11d1d494c47ab5aacb7f4d071e5d4185b4f66f47e1f5f118310449de,1,0.99943525
2afdab4e7a8c1c2426add471453dad38d3379da006ac22bd5691d8eb3e6f804b,1,0.9997055
ba5d0033897bc1edf73aaef0582923883da4a22be905d5a57805b30baaad46d9,0,0.05917783
c335bcbb7b40fae717dc15c7af63eedaca6e0dfbede33a30addda8a7661957b9,1,0.9957482
982856284ba75d309bc7bed50ce0bbff650d1ec4e2b909a21e94d1807f9dd8c9,1,0.885348
77e70503e9c24a02495798318e473e09e8f4c96b146576b991360b37e4b55510,0,0.99613523
81d7524ced8a904c140acd7b010bc139d40a5c0df192f32d5570fe8f28315241,0,0.08872022
5a0a364f0d7acb673896d5e2d15165bfd7683a56a95e289e9e0860006b48a82f,0,0.0031634113
d0823de8e08733bc4634c6ccbeb5b5505006a607ee5d8d92538fe7e24a838b5c,1,0.9997055
8873ac036f02d50a63f141818c99f1452749d954d258fa55c4dbc595a57831f0,1,0.9982181
d994235db1ffa86b83594000a4d73e84fd682c909f9041f40fbf9502f774d6c7,0,0.029843409
b2dda5d97a8172b0ccf79a6d20eb1766afcbfa34e9bd93649419c032796e23fd,1,0.7583358
2a39147c1638060b8c9b8f145ee4574a580a594f525907b368f26e4fa12fa8be,0,0.9231752
ce936d070557675be5abcf10d6d97b6389257f1bfcc324d53c20a91ddf3220ec,0,0.8565733
49677ec932070c78a8f5d1e5efe59984a304fe2bb18be321426315101ba6ac45,0,0.18457738
893d3dc6e697b10629ed66a95c1cba94e22e249746db1adf35c16cc17cb187e2,0,0.122695975
61a8021a5f9588597413480306471bd45b930db9d342e388d1ddc14e9fb6a58f,0,0.8768184
f62bb4def969a13ebc5208b61d49d2e2d31970b9148e73ee2957f8c25489ad5b,0,0.21224684
086732d452d4d1b000e4e3c4f570ef903afe64c257c0a21ff3597b3160e92c5a,1,0.95301956
853ecf88efbed09091ca79ea44707818d0f18f60141c9e1537afd21767b528c4,1,0.98794925
e5af94f29baeb171dde563b371430369b41e4b96c6573cb6afc376458a0a4782,0,0.002790827
831ed0c9e8e91c93ea16619a631725c0e856be22aa59437ffa7193bc760a9ccc,1,0.9998448
03855568b07abc415e34b501c599d38057e28e142fcb8e178cb8ae1677915832,0,0.7948546
070a6c79b00f09f77fd4be93e6d8b46a78bab472d038dd1263b637d79a0bf10c,1,0.9937202
873683d1c2b90bc25448bfa60b4363e54f536177da1237e9a689b63a2e55d7a6,0,0.0018191455
842362a287bfcab5080d0921dbc19833994a9deab5f8276777285a11057235d4,1,0.9998528
352cf48d2e9b892c0dd6c63f47d0faffec79de72054293d42f713682ebbefad6,1,0.34700182
0d8a0bbd2c9c649006d64bf8551890d9ab011778f1e8999ebf477c5235db7126,0,0.015428824
62d3228d2d324cd425c94984c1e6b1012a19296e9eaa1eb08d245c34429b6f15,0,0.23062728
1fc176d7163a90205a8d4bbd37673f5ba81b28343fd958cde679ad37bbabc1af,1,0.95743763
80133b66ec629a132f6927da9e0c5c784eb80f1599ce25504e3f0ff3786448b5,1,0.9997055
adabc5df4ba7a834966b9f2642a1523696b3db5abeb459120e11dc6410ec1ff1,1,0.7583358
2204ac37ea20c1400528bff3179ebb7be55c43c5a590384e026ede7a365f80b5,0,0.004277169
c24b028b7d1f132deb834aca2236855c34cbe811d07c9e3c8e1fda50ae263ab5,1,0.9999554
db48fa574039fb9e6f080fe57a219bb77c2afb27625ea9fa3cc3c66c35f85260,1,0.99999523
64472f0dde74b1b7b409ab086586287f75e08e738c9fa575e124a5a5734758d4,1,0.98282695
06b3d3451ca16c409514f5fe2e8bf13223ed2669fb191a0f552a305ce415ed21,1,0.9713453
f098c56a697c0ad30663282b9d54f7faa0ca2dbe57aa39199e96dd1610a868d6,1,0.9047992
0a0afabd4bcdabec38345f3c9db0d21902482eaf8b40a5ffbbe400b9182a1e0c,1,0.9999553
20e9c6d68b77fd6f7e8852dfb4ee5f20146de98cca32fd3347116ef22d13e5fe,0,0.29560262
c17c557dbd6ec846fc3d881ebbaa3bf41cb6923ae9f4dde81f843e6daa34171f,0,0.3324749
0e7e790c17851906d2b05c3db20f608e0589b0c84de2af257ad5c7e8f3662563,1,0.99982893
c100f9bff6c3bb15d719bdd3f40fd21ae6ae7ccacfb7272563a57364772834af,1,0.9999602
b8281fb231df9ebbc8b126fd6e50209848d4deacdb40beb7a2feac55197b3967,1,0.9955004
452329577abfcfb587f4d4110db9cf99f14cb1392dccc8c363333a432a4b3943,1,0.9993748
2206b8ac7d4c85b6ba3fccb66e9bc1de794011f3f85f23a53051041ca10f113b,0,0.030544547
7a73726aa9e410d359d43dba6497697c28180f9c386219e72f9a70f9ffa7fce4,0,0.0006329921
7fb015a3b2bdefecedb2ab54b2d363c51e4f400f6897ce1a1d9199f6efb435f5,1,0.9999486
955b534473360b7deadac8878b77f5edcdc160c441b1d58c698b3e53b1bf9920,0,0.13872372
6340b0107473a21bb225a9566c81396bd199e8bef35f94cd1c8100adc065c216,1,0.9997055
3296c237450b0949c9fcb8745c6db7ad0a022e672ce5da24b5e5c86f45695d90,0,0.49082905
8c11cba23deb184cee581fa72eea40962a53a69cb03dcf6ea84276ca237cfb48,1,0.7293352
9ff338a9aef99cd217afe7b22cc2fad136cc0ad9c5953b27728adf9aca1c5ef1,0,0.12524825
6f7d067b236f353cba378bf10044da55b8c8bc3ee13d0fa8bc28a2003f4183a8,0,0.4667906
8ef04e740946913781cfa50d01666a25ea81c425009ac909cf5532dc72964f2f,1,0.9990827
31f026da3443f9bf0745a1e77d9b8f525a53a1306c51b70e6c9f8753cc1533bf,0,0.01644816
8cb82edf50aee15d980aeecedb3c2061bb8250f527d23da9202d74f1f640217e,1,0.9801947
e3c9c16da5e7931a860707c9911ba3070633fcaf00c811122ddce4d398b10858,0,0.04878602
014aef1995f940f9215c034da623143fc2ebc7448e2351dd84a1c8862f55f68e,0,0.10176565
af416851c640ec9074c1f43e0b0370d04c6d2bfdfd73d2b2490d946a41204e59,1,0.9999858
cf285f5b5adf10b5a472e926c41e046b57c7517f9a121eaef740e8a99a1e7449,1,0.998346
a11b69a683e06d2244da2dfce20ef117d8856751ef769c9dacdbbc940cdfe069,1,0.8894022
8318e7e064e416f39bbb509cadfb14f6b1795c261ef3e311ef98587b06bf5882,1,0.99996185
1199c6029d52c3560818b832587d0e57a080d95417d12841088b9aa275a29ee4,0,0.98497057
35c2055d54ec4cac6210ea27be10b1049502ad0d8cd27801c1225147f05de553,0,0.3269235
8e8d2c8fe22bf16d145125e4bc91013201b89ec992f183782404694369a13f2f,0,0.9676674
4c28c23d6e2ad5fc9948ab344a1c2d762621eb6b0531558bf37cd4a24c12d449,1,0.99980825
26730b70fe3fdff83a96f785f9a38b3fdc03d0c66edb49d4cd667637a1e58aac,1,0.93973917
4ad0e5460d30929ad0a582f473b22ca9700add647c770553232c59c889833e2c,0,0.0012668148
47133dc17e064f84a57dd1991c784cafab621463782f50436aafdcfeebfa54af,0,0.12389325
982265e46aa2e6d10e540d69082f693bdf62cb0622dbe282c0c8c7333845604b,1,0.99628806
d376ad3f15a5d1166b3ab518301bf2d9822d7e2ba84be6bbc85086b3973d1f56,1,0.99628806
e6632f2f647042e5b5321ce469644e8a859105d286611e68278e42098c0a2230,1,0.9990959
e7ba0be7cb1067ebb7fc3018703735c92ac710e4fcaf7b979aaa709f84ad6a15,1,0.9990959
81d151c22e4849f7fc1357b448a9b456ac03ed5bd540032755071b6989bf95c8,1,0.99628806
b63e9829acd75f8e319f15a6aac1a97a2008a787504065ba37e02d550bb419c1,0,0.58825934
6684ec6e0f0d532087727c6390786330a5bdbf9b061da7e412295e0316772d5d,1,0.9772006
6d11439e2be71b734b16e603a6332d256c434a3352492e76a141a140e7fb7ff9,0,0.40956795
15fe114fda4785be5b16756f5fb92dbc50dbc1dcc1c0fb62f6cf8ff148e455b9,0,0.01764162
7ac65aca380c4b7f227810193dc254ce177c23c08825a1046c52dbed6220fc24,1,0.4907057
884a4c90ada6ad41d7648b764f2eb9079df7cb6294f55c15cea64f24e6b40392,0,0.0020698358
7cb5092f3c2585b3e805a54aaff2f76f9da4c0b6d389f7e3a3d0ced37d3124de,1,0.123155735
b86f53564739375ae0255905bbe157cbf29018d0ec57b5781528204bcab0d543,1,0.99992526
3399bfa324231417152ad5cfeb6747439629cf4f7b03dfcefe6def9cc881d196,1,0.9695621
79cb04d008787e64cf7e331e27846ea0f6988b32ac4fedaeac910a5c0d2a5d17,1,0.99981815
05de167714260a5c29bea7e628880b7920243ab2f83b253716d5706b0661ee91,1,0.9999542
4a6892e49b82027531629676fc986487f0a41ae667b2b560f980fb7ca198a6a7,0,0.018174328
e609fe084940a08bf9e74ac3c21fe45f8d9b8617651fd59a9ed49d7001f9abc5,1,0.99890065
0c79a2f4ce1121c4f27b2e03217287f5c1f133435a40095c1b51b4de622a073c,1,0.9936308
581fb81ce95cbc6533f424104b8bfc4f2aba78cb7e7a93b10e8bd830ecd168c4,1,0.9999317
5f4ed709283eabe5f86a8655637bc56987748390abc3221659f9f2a2dce87709,1,0.99971706
3604c5f19f21b1c13cde0e497ba59e5c989160b0e0cfa53995dbcf703765f99e,1,0.99067676
fe339d85dfa1c2ab8f166cac6fe0c414fc56e8cfcc4711c3162bf4eaa5b7469e,1,0.9997055
0f9e127ed3c0b645cab36940cd80a5df595c1cc54dec64578f3da981f670edca,1,0.9993179
d48b51c77d0fd285938dc2ceeb8001c175eeb801ed5144471f5018d27b147afd,1,0.99991786
778d6d2647cd89627fdf955f1a13c8ab292969c06600c1e56b9c6b617d97adff,1,0.9992842
8283a52bfdf3f39f734d17aba5ae58aa9a5bf7b0e05f4399021fc5b9647360df,1,0.99927217
7bbaf84b5b7e51bcc9c1834acdc5f41f431e0aec6fce9d1fec4afb1634ac6771,0,0.38912132
3a141ce15ab8b104b69476b54edbeab613b764b3cbb79e5601fe453baa01d2ed,0,0.32039148
5fd9663a2d3cb8b2e881391420fa82579b7ecf12981b0100bd395270309f6b00,1,0.9987066
4ffd57f8bca238ab879374efdadcc2016680ef8e0589280f401618ebbe559755,1,0.9952549
c9bef0349261fdd95023f67893af6ced44257e697f9fb92fd82590fbad8c33b0,0,0.035471287
0a3d2cfc46fa7a2b0c1c5a3ccc4729bc34da671ffe21ab3684375af54c348131,1,0.99926907
db104e90b0cd14afe37bd4497d652a995c00f487b20fcf46762de2bae328d151,1,0.69470173
ee646d4d07aac925d080033743e4df7b5e411f187910931637714d02a1bbe14c,0,0.12971799
72db89641e17a01d1df21b98ab57e82cb5c660be1173d29db32b9d77f33ef925,1,0.99404377
3a87cc0f2484b2f89c49eb735fb9fb63845b9b7218e153b3548108c54d3bae8d,1,0.9999713
82a7db2787713d01fdd415db02946310239126cdf4e7fb885fa5a249d18648ce,1,0.9965407
965de9e7bb039d9d290fe024f5d7035059e9267923cacadea760e2fb3a19feec,0,0.0011434872
49b02c93bce74a29defb829c3b6cb60d30c8aa6cafb4ba607b9cf77095e7ca05,1,0.99986506
f900725d09a870368b433d8c87cec641ac44251989f3eabbcc1fcaba9987ce29,1,0.9999821
e7cd705cbbee13b6a044e54311fac93cacce3c0363328bf59e786b287f9e1d8f,1,0.9992705
38dc07eb315f8be8d1c82b8e8f7730f75465621eb47b4015c9433ef463de99cb,1,0.99930227
ce9b2916968b1807abe761294e2c9792adb043d108fe5cbfacb06b0a60eb9bf5,1,0.8067277
23afb15592aa5d18f4ea4df2b575f082e656f72ea16bb91c09e90ae7c7177195,1,0.9999504
49abd963a6b84348e6a0b8e67d8a1b0c284180b581e4fe60f2e6a74686f53ec1,1,0.99986696
d2926154f9c60d033ba445339abc5b5854576a509f22948713d0e0ef8c58000c,0,0.04743843
6fcf34e112ae6cd91969efb3503b36c6634c8c847c6af0a119e67e41d2d64de8,1,0.7583358
86e0bcd0552151b3ee4e4bd7c1cb11498b522039c67171c499eb0d90a49cf984,1,0.9987991
6102ad6d968260d65ff8424fc42a803dbb553f5ef3d0cfbbfe1ebc949f1a43f5,1,0.99678934
4b17ed747e5315579f90dbc542f782a77e35581abae7b6e064bd0042b516cf5c,0,0.036064778
412152b2d73bc3c8768acac6c46af9d1d848ccbd016d0368de0a8b62e86cf018,1,0.9999901
ed9889544ab8efcf88f6a4cf56583eb0d7b6b914cb70e7035866d3c6c379c642,1,0.99976116
9313cbaf252d5ebf1610c262c565e01c63648aae8c59fb98cf68f5ac92300a12,1,0.11483225
1afa9dfda0845cc4d5c058a48134677fa1d262001d52fa378bd2d277204d9579,1,0.99918276
450018ea4a962377c8749f57148cf1748ba42f4f97d8747541525cc10fad45f5,0,0.4074122
c58ebc4016de540b2451ef0cfe45de1bb4ec0bb0d06233e6de2eaab6e68e8c11,0,0.99719656
c769b1f95ad79eef7050e4d8188fee5b4a1b17885767166326f941ccb0ca8e0e,0,0.9765844
c23ab36993e49e3029e9087de6dc81761f8f05e33be094eaf0dfa2b13f088097,1,0.999987
e97616961f026293b8750e664272893223feff9c1710459c4300a65db0430c9b,0,0.98581576
337cf35b0f8785ffa9f8ef6c481ed2d4ee327b1eb670516b7e4f76c36ceaf13c,1,0.99936134
2018d7940050e95bca9cba7fddd449280de71839c5cb18a1b66204b820f2cec0,1,0.9989077
753cb8476b4c10387e7b05ac2308b14481e19bfebd280ed78643f3da4cac0fdc,1,0.8094685
c3ab0b6845cfdd2a8f4653364a39ce57577cf858dbd4a7e70f03f5531b254272,1,0.99953616
f38fa0b6abfd35fdf266a5069d5878125fa130e1f1596e2ea61b54e8ea107ddd,1,0.99981815
a3cc62cd83ab9892d030cd0ce5d663923dcacf9e107255160d93e18005f8c064,1,0.9991523
b8f09afbd90ab35e031ecaf5a2c8904ec78029f1996cc909174c03842bef96c1,1,0.99981815
7447dc7f4bcdfffa509814410075b18485fbb602fc8bf7deb3c7db48ff41e7f8,0,0.0020698358
4469e9201c4694ee16a55889ba540322ac33a1004d0ec846134dd9194d71a734,1,0.99898356
bc1e55521f1533fad0bdb4a819c45c084522993fc8f911d90d99338a1151d71a,1,0.96529794
b39ff003543669210eff2502be1cec0315b0d7f7309c48002d3cc6a842b5cb59,1,0.9976417
2f0b6a5e12b47cd9607eb96e7fc8767784a05364e67b360fdc9abf53941ef171,1,0.9991203
6293a4f52581d92c5e2116be90d5366ec88e8954dff17036101b949d412ae06e,1,0.9990181
a02a7d9c4ee24d061f7a045a2bc547fe840fd7f5e979dc9ffd7866feb32b6f3d,1,0.9991178
405442d1db86cd8bc85a8048b2e82f695a20f9ea92fc6f930ef8d6f212ad6818,1,0.9999821
55a10d8705d9c99695c949d2fab5385ac0dc4a2ea653a830d9f063ac80a3eaf9,1,0.98676133
c7db8bdcfcb971e5e7baa37eec40109f1696e849055d14ba314a3863f1b131e4,0,0.0007788765
45fe7934011fc7e8d4120db4db60067826ea8bea6e9aa73db9cb16076ad515e8,0,0.001706992
b486f52dc70d57d02ade4e1afc42aec4e86cd6746349d2d6931c9686e6266bb0,0,0.30532143
60bb30fb21633828d31eeaf3bbb3f68479f1f5179f70a2e0f10bbe70c9414d32,1,0.99986005
359685509b312a555aedada8b90c5e338782139ce3694a29148afd958b800e49,0,0.99028873
4d0a86f80db68d67aec6f25de63fa12bf2afcb1cf966ede55b2cd77a6e4db35a,0,0.08292727
a07c01114e3cfcb2bfc210775fb57db0cab759fd9b2f89cd1afda556ad1ada55,0,0.054011267
3947eabf69791929ff1c71c113da1bc2033b388a024a699c98ea3f2b8bc6cc2d,1,0.9673044
11e0e8b1c43241aa5dc25e3c696c7ce8457e3e4ad37a8a1da049950efb5c72a6,0,0.034544185
714048b9c1a7037bbefed5edf3763c62695273852dc8f2a44b3e1200b6238b87,0,0.9975159
7899c7a9e0e08a9aa81b72da2542acbc6041f47c2402cb05535fd7094ff6fca6,1,0.9995436
4b530668da82874842cdd51abbe923983282569e277f8a0c55fa9cb39adb67bb,1,0.9869284
71f15f3c777962ba6135d6c81c81b06afa1355e3bd2c734fb834d485e1696c5d,1,0.9990959
7c16a54eb31330b679660a88739167c94222517641a3bbdd2a89c876ad807c42,1,0.999943
f1c311403d3648f0fadf362c70f313f1a47a16c67f30c7370f0bbe99c872c2db,0,0.38327008
5a40e103f6dffff2ad092d53523644c962b636ac90ca9b72b3e63b5db1d5317f,1,0.99640477
a1931f30b8e1c83d72fd540c5fc6d756e0237d8dd6d45d0a6e6cc45dbbc29e92,0,0.9886956
074e0770ac56f70451ed4fb0d1ad239d80e1c06fa50ca007ac9e0cb368646b21,0,0.42449135
869a94022fad7452bc4957fe16e37b754c0a63ec8f960fa5e7f01c95f9e64549,1,0.9999491
d67d6e66025d41bf23825a93550445a98db2541ffc622f1afa13c88ae82ba41d,0,0.99483216
eaf8da43c29a960162e02f3266197a21875bcb6eed322358482bbe682f8b4b79,0,0.0022215585
36f415b08007d634efa6257a6f50fb3593f3e075a6fabccb81d277af4530c7ea,1,0.9999901
0f9568289c36219fa27efb90963fcbb9a42627246d0ad0fe423c72d039ffaecc,0,0.092995204
ef4e14d259093fa8c378ec25213bd1a14b99f32dacb0170d4e7097c19133e9e6,1,0.9999789
b3af062a055c4730e9fac28373b53cdf592867a363ac4631d9416d613af7495a,1,0.9999645
c56d9b9eed9e1e06a2f8fd5f0ccab34c3c68fd54aedbf5d6dcf36af40a805845,0,0.19952407
5cf3cde33f76e5e5e34ef81c86c4013d6187f7fbdb2700ab3616ac99e545b6bf,1,0.99995136
9bf86ebf9061c84bbe35cef509477ff4807d68d8666cf39cdef07476f37d80b8,0,0.0007292767
7c4cef37f16215e45a29e1fb120b74d61289e092f05c81d9a7056beaa1bdfb8c,1,0.9997917
8751e8eaf8b1be8c104febed19cfd906f800448a5f4cf1091e16d0d921abbac6,1,0.99951506
11f476b2a228dac53954222b16796ff2313b7c15e96dcf76daf10505924d1a40,1,0.7583358
6d1f2f1255a8b0947873c058c618eeb80fd7903a6705a43010a48708dca93d59,1,0.9997055
c78a439e339a3ee5c88a54a5c4091d9f407ef990febcc9873aa6fb1fc91c75e7,1,0.99946684
ff9cf3f3ef48fc054389209fc17305cea094498c81ac077346d01287828c62af,1,0.98929554
740f8a8dd6e7a35449c613f729d26112aa57070b8f8fd0b6eb03d087bdca30fb,1,0.99458706
0e1d2a6809604a6822f48479898755d508c41305a14a06d5da3720136a0e1f05,1,0.99992716
711726908552510f1e31d5a915f945aa1ad1d7d6e26b017a0ad18825c1464522,1,0.94015193
35990f1ff8276ce16a9beefe08a04f657a1cc8ad5237c96fb11997de1dd471bb,1,0.99998236
8765d4f8e1e2ed59dd0fabb2ce245f599b13ca68f11c6587f4b99b70c4831b95,1,0.9992181
b9fd78a6e9678299ad9524cf42c64e7cc62236eb0e2104f65f00df55ac9e6211,1,0.996851
5e875cd6e1ad513efdb8a2f0e55ea4003b702d95ee0c63efbb4e9e6c97931590,1,0.99687177
487c43e0ed0c8755835d66b5a15b32507048defa1035614f1dc7b03518eb05cf,1,0.99981016
4a024e1fd842c99c9c4a508349c3004363ecb35b65cda6a819b1f9f26048bccd,0,0.24273467
cc4ab84a257e3cf1882514a2395c637300c5db577302ee4ca21653b750d702a6,1,0.99987733
e63940546537ad8d47ea53003d41291b6305c721832f434fd4e75bde58b67066,0,0.36352733
685577d4288d1a2301ba03ac46dbe45ae913bf2c681bc3b6d6f4d50969b3e2cb,1,0.9997683
529f19d6e8a487366483bba3a2c86dd7034126b5aef84b85e6b132e8491cc517,1,0.99542505
aa5645d8bf2c6d9fe8c335ffc4c2fe9b231491493f29592a83d36ffa820f1fef,0,0.028541401
9e625047472f4f6e68bdaef9b4b8103534727e4c0b1b03b4f57d6d6555fc7841,1,0.9995572
7d479d004ca0eab69dd7f1038874e6fd09590b4a90b51bfcbdd8ae92cbbcf148,1,0.9999298
5a7dc9f2969f9015314e1e81fe4afe67c05067a0c72a2e1987763c505fa5a55f,1,0.93435675
4e8e57a5fe573ce2d32fd35a046546840e3f1d908d9fcdf60708efbdfb691f83,0,0.14313024
2aeda265006f904af4eddbdaff1885561ad8c1728b2eb46f24596cf53dec1c2c,0,0.010281588
3deb5d2589b88c34b21e61c286efe8e88c534076501e22570b643750e815a50f,0,0.019722925
c93546c3f4f0f1ac6c87a95de81cb4350f015b50c82084de21f4eb1480a52bdf,1,0.99824035
4c837a695cbce0790fb7a053a3e9661e672eb3ca5b465b2fb623ba1c1c75204c,0,0.25907922
cf28e4891026f64ecefd28a37e359788a4f4a3d2ed4411fbed70ddaf44af8d9e,1,0.98664737
ecb3f2678316c5b79438eb2d34311fa5f886f1996044094871e105c1956a5467,1,0.9998957
9eaa947d9fbe1c57e0796adc5db58e6e87460ef4487112724f209f4543530edf,1,0.9916324
523f7568a6b55f3c94dbdb68fff3827354c4f1aefac51b3a5c3038f2ebe35145,1,0.99989665
7b49817b64e3b6ac399484f0a1fcd9b3957bc37db0336950b451a14279a18599,1,0.9999461
09402c98346cf38996056207b879f32f32d3c38f55835765f71c55c81f0ee69a,1,0.99203473
67da4857d21fa85634cbb70654f17cd7d64c9cb96f3649cd1d21cafe8971550e,1,0.9996563
8e68c8d3fc866dfad0b3158ffc0ddcdf7c1a96fea05809f3b42f6ee5e37a5394,1,0.9997055
250f7c3866ee3e60518443b8807cf3c01663958f012518ed47dc087143eb4dbb,1,0.7583358
d6ce2d9409733e0a55427e88284681034644a88053da1f40bb8b535670388ede,0,0.9094951
b9b59918aa54dea74c55421afcf593fddb4c08281c166cd9380df208264fd4b3,1,0.9994611
8effab072a2a81f733fe26673fd56d6a4c85c43d015b268be2dd61f76d34ee8c,1,0.97386444
37c3f7e439136ca66d176e5176676c847a09cef25640d93e7e76550685e637de,1,0.99936277
721871b8293bdc58f3c19df31f158719fbf15f756761e160f1e99eaa0db201a3,1,0.9999491
89477d50efb6867e956931a8a910d3219cd7b23c3d3dc19c308adb4d6b9761a6,1,0.99999523
3907e7207db90ef74402e00aafa98f02cac1b9bff019570fd66b581522c489d0,1,0.99948657
e0264e189ac567e0fee2d0044e5c47fbcc79c469088adbbdd0ce42690357393e,0,0.024036745
0d2899084727e735ec9fa343b2fd866d6221e61ebb840ba2ffb413715cf06b8e,0,0.21500228
d204fc61071895651f629d4e46e37df0efcfca1aa4fe8ae1d34e19e467bf010f,0,0.07978469
e13a290470ffad0037b158d4a74e2a1f90ccb2cff833e2a60c44d7baacbac29b,0,0.07411473
d0a118b45b67b75f71c9120e039a887703df47df9171b1d451e515e30a7f1601,1,0.99999523
cc5c10457c2b81ebb808ab431d5b682c5ba172707aa8dc1ed61392109c7237c8,1,0.29164
8e917eec47bfcbb6e05c9e0d24c7290934c07f07a4f4c42f9774c47699d23222,0,0.0034919507
5e2675e4e314bd6af682ad3098a85854730a8d5716ed25b404ef339130b76506,1,0.9991437
952d5573a47aaf2d386198ad74a33e47ba5c34bec6656d523a03a6b72ff9fb16,1,0.99729747
37bf15c2cd590e85b381453c0b97741950f2d3e19d07144e6692cf87389f1fe4,1,0.9997788
da8203c6494c67aef69b9f18596b10650706d71e899152bd5e9db909cb3dc1de,0,0.8565733
514f59f2f180d886fe58bbb596cad51a4ebc58910791b2e1c4ce3d743f83dd75,1,0.99998224
b54c08ee363a7033c15a2fe2cabaa70679bd2a4cf66c79369f0d586869e101ec,1,0.9999542
f5852f377d73f67c050b1e5af53989a207317f98fedd1d21147230bf7e95a16e,1,0.94774485
19a3e53766e6925aa1433f54a1ca0f57159249705a93b8ecfb4e50f0d996d02b,1,0.9983833
b622f3f4d78653685a24fd452054c4892d4ffe0f37011e63a9f5cf99318bd59d,0,0.022451025
7326f9ece618d8ef295a47a37549808bbae5783f9808d32192512347c6de45ab,0,0.39635035
68d3add7fcdaa07aee98c50220824385deb0dff1af9c91c7b06764602fa0b209,1,0.9947923
1560e2a324c6bf6fc1b4dfbaa9f9e41a000b6dd4b8cb33dfb3c1e9fd0eb150f7,0,0.6437192
f909060e477e5952d16f9646a607ec31f9e1f4bf0bba8866bd265f81a4457bba,0,0.011917296
5d1e4f781156cc2e0a7618fdab191de41633b38c32108b16982a41991e749844,0,0.0118432455
01cbc49d5a6b8c3fdfde1d6d81aebf1d79b415a937a9ac7e7f144cd365361993,0,0.96181005
3d8c7fdab3316b5a370c7ef04002ab3f90341e6ad4b7a25210a8aae9ed863397,1,0.9031076
59e4d48b17728b3663bf2b60e741cab2dc365d8fd9944b81c9b0f1bc9327fba5,1,0.71850514
e53cf5fcf351c4373242cd072876b3b88f5e02d972243ae82fda63779d4a6d02,1,0.99507195
1564ddb405bb44268c5b0158eb6b21dd00ed4075ee64a6ecd03ca094cdb995d9,1,0.9998957
e8f9736c201d318ae2ebfe56dccbdfb579f9e4240157995765cea3312591a81d,1,0.7647736
b0a12138754b1488127a480a032e8762a8c489913288e9a136f776d03dfba9e4,1,0.9980331
29e24f0b4b60020e64900ed00022aee3d178c1c55e593fdb050b6f5e848a2c63,1,0.99720925
d8556859d5c1f2931c80709cec781cf4194d89a8d4b6a3bcca706a6ed62fde8e,1,0.99890065
97fa1ab77d36825f8c14efc97b97c750c732e8ec23bcb9a92b9d6cf03585ee37,1,0.9992255
ca5c90006f0326ace0797b0869aae244f05101bd43418fbb79e3f8c998f6b722,0,0.07959394
c263268826f7cfa7ecb0ea7934321251fac4ee2288f45283635494d5aa281f6c,1,0.9943949
1edd9599e5e429307c9818fec60623f4e7b425bb9e5600179db69d2056b1aa68,1,0.9999014
d4cd73e31b6b5cb21351b676119100749956a6b60d5d5592b30863ca481cd8ef,1,0.9978498
043271c435c38f861a558e21b8b8d2e35c755ab997e55619a1bccdad516f577e,1,0.9998056
a2ee9fdd02642b70afb44579f9562282523dc5e26a4c10b1fb1d22f1ae8d0e92,1,0.9990952
5faefcca75c0d00d445b62c7ebde9022e79d0a92928547abafacd3723e819c43,1,0.9999443
89d2d463f2004ebe8c70aa77345d5d69b18f8754a3e866872f6a89e69a6284c8,1,0.997577
16e3b82125da4b919c3842f801a15d778ca22f08ba0f31d63f63fe3aa9146ecb,0,0.9983644
fcdd8e9c3e0c7702759a6c102eaebb8b5837a385d6726c5527efd843eb0fac01,1,0.9942719
f1e8719d56ce1b55c79330afc2615b8419996cdd7f48943f10b29838a3ef2872,1,0.99898833
c4696daf32cef72c9c5bc60ece18093ea606cbb3003002ade32d666053732d4a,1,0.99776316
dc3bdfabb97ed78336384233d033ae7ee1496ba06452ccc6d7dd0e59073c23c5,0,0.15709056
a42a4f56f72f851d0d567d37b3dbafa499f0b5c001a1eaf530d0f2da1ec4f0ea,0,0.083658814
06e6f767031faf9e256de78291236109c2a53eddfd3738bfc2b7e77d9a59ea17,0,0.7342545
97df29f653ec029e17dd676eff1a3415709b6ce5cd616a4b4b355a1331868cca,1,0.9870697
49701536adc128efc25e24378d19ce0eafb6aa958607b0f035b164130f29c0fe,1,0.99994147
61fa85f8950c5d2d9f00b87ab7d4546fda82d1112675c09b7c7c0dd284c3cbc9,1,0.9994972
c338123b3a5fab6794a7dcf3850621e3045c369e006f1b9e35c357fb4945efcf,0,0.9876481
ae891a9494e41cd4b36f52f5b9cf308dca6be3acade88a052768a334e754e1cb,0,0.13246942
cbf4fcc1749f291b2727f277db92a4730c398bc6d72a48e91cf4c1c48576f6b8,0,0.0009977848
4f30cb7675ffa1e3241d56603ed3de68dbb005d2c5f9e0dd1dafca52447077fc,0,0.01149846
5f843037edf88541dbf3cbcecbe20f3731f6c23cdb7c701d5681cd321cc8532d,0,0.99614584
517664053a6d2bf81626a138e5730c40aebbde8a2c54b91c929b5340158701e9,1,0.99376255
e55e524e160ab109ac8539edd41b4b7a802a1b4ea450f73a352a2aab370f373f,1,0.99924797
7129d5891c24b5a3a8228ba384f651add2870fe6e10ecea9af70e7cfbe68e47b,1,0.9980627
b9a6293e4c948d93a2d93827b7ff41dd1fd9294770d97d04f7da743d6944e41c,1,0.9999901
ce9d80146615c40744b96446e3af22c0ac794c2374a18a754872104f41c79fec,0,0.06879042
d23c0e4370eb0fec113720d6509e060696c2ea414fcfa0c8bd886fced0288aaa,0,0.031880666
e9c0b0ae20ce689552c585fe4793cecf97fa900d4742e7838a9cd8261b96cedb,1,0.99818414
a1e8fa0a3e66a0103ada8efa30faaf78cc28b89852befd56992b6f612c4bd63d,1,0.989753
68fb833277b8ce4104fa3fc5f092fc26ad75ceeeb0e67278a28871e40f574e3a,0,0.0045522614
27985ab8f9f08450147655baaa9ee9c30f0d7c6cfa3e5e88eca6115b2fc2ff38,0,0.51807
e23506df800d74c59e751db43aa49fb22790ac8ba1bf1156ddb2522c172ed5a9,0,0.053398617
6a2cc2e65bb0f9bf85cc89985a9c9df767c6bddc2f5fc9d9f891f640dc797eff,0,0.038434774
549f48c587b09bef650e13c07d63e705cdac23bc7a8f2e73e25310549bbd3649,1,0.9941612
63b4e2aece9545883c658b8ae8462e30030505c2e1aa76d390e67080727d3c00,0,0.9975159
313f2c680314eaba2e6e78ffaef15e6d116d52e7fe93a6ecb55c792d400e030d,0,0.9975159
0051403e3b939502de49ac62731c7ac8ae69db88fedb06b2ff9b8120815adc40,0,0.018443028
3ccab2081d28729eff4a56592ffb067277e4b8443b890a28831a31283ef8ef64,1,0.7583358
d0a0e76c495eaaf50fda98b5c43dad21f736284e9804c0dd0aca9bfb84b3e40c,0,0.41373426
50311341ced867e5dc54c77e7b800896ce6b6b79571a7bedc9c0026310c1d3ec,1,0.9995049
162edf4dd124eb1af709659eb8d077611fe0b13a486f668d6769148abf210721,1,0.7583358
850e236d49193657e096585ea5cf849677061ce0c6d8d2aac9d9e76ef7e98ff0,0,0.99686986
61469e4cb483e48a3fe58d70ab2a381c8045921c8935bfbbece1a13ed6066e0c,0,0.4124163
696ede3f96de96510713f0276fd5bea441f5b7dcca6a29eef57f7608df069a3f,1,0.99638844
6c18ae07444832e1388019d94f7c998c9e188b6032091bfcc59cc8e76ec970f7,1,0.9996768
d181a0028f339e0e68263c8ef918351fc2ae44119dfbd7223dec8164fbcaa251,1,0.91517633
cbf679a002cb1786c71158cc89e94eba3f8885d1b0395842c5e95ebec359c84b,0,0.24143742
3fb194b8032cc5f7237087748e68db966d27471fb9364b79587bb2c21ba68f0d,1,0.9990736
bb60cc29f5beb9f9b29ebba801e2952ef2f8ee4057a26391ca6b1b82a38a3e9c,1,0.9990736
f41cb50b173258701e8e92118a250204722e62db27c039436a06c224a4d8ab2c,0,0.0017197226
44c534c9ecb23dc74afad03fa6343a74d97f706963d64a1bc39a4ff4c1660dd0,0,0.78822774
15d842fac84173a076f3d0497afb7617d4c864b1406b116f4c7a5de27bbd6738,1,0.9991523
0f6dec291a5dca51b161d34bd80cff471a8203497e794e91ba1dfc565fef04dd,1,0.99893063
3467bdf536aa0edc35c2080a80dc490060bac07ea97b4a8c10b54cc4251a806c,0,0.0011946771
d5b99a8dda8521b259e3d400bb862ff374fb87e7377b4fd1ba65781ff2e0c0b9,0,0.38671255
eff1dc82bcb8a5020bf8bc7fb0bede9176d78b7b4e007499d9c34289b6c87bc5,1,0.9997055
70c58c80468a31b83694727332e51a2fb5faa22aa3c0ddf375f0fa4e0b4770bc,1,0.9991141
87cde7a9835537340c55575e34e634e322cc05113acb5602fc12e3897cfae465,0,0.02224948
e6fc2ea8af2d676fbd9a2a7518709315a66832bbd0e069fd0e26527a4e46c366,0,0.4682754
a0c393f8a4c6d32de448742f0dd4e84c7bad87fcc3b3ec02b7a05ab1c1d87ba4,1,0.99998236
a798a23d76c1d6d2fd8a5335bd1b076cb3287e0eefbf400a8afb78d40c607f1d,1,0.94816047
6877631382d7c53badbbd552b530934b05aee397ee986b85869bca620e9245a4,1,0.8511718
1cdcb5a0d0bdfe3d92122653929221016fc87f55ca0c5b8af795fbef191bcf7e,1,0.9943137
f5bdda1a67c6caf678297c598bb3ac2568b39ea1e161e11b214d8004eec1ca91,1,0.9999715
d8e791cf5cc3a75505b86154809137a16dd7ae512258148ab415d2810abc2e2a,0,0.90684634
496dd6bcaef1a2b4055a43ef52a4cdb10692e45364024fe605558fd3a980b28d,0,0.9924745
5208cfdc50448042c6fec70efd93e02f87eacdccc8b453e9becd652ff685b268,1,0.999252
690ed827af0c8110a47680a70d58756165bf8eba75dc65862f1728f1611db4b6,1,0.96323615
3b131def1d216b4be75e8f20a9c3df61953ed5a5a20d355be3f6e6e2605783ee,1,0.99977416
434e54081a8aedbad70fc80f511576b011e597c030337acd32daea580452ab5a,1,0.9997955
af96b90dd9e51a521a60c99b5c1dd552e60e7d53d2419b1684784e93a5beb476,1,0.9959021
0df2af2948f3f13dfe9fae600605d2e9f293d706737f70503fcf51df93685c1e,0,0.97814023
4753f238f03f98e0630c7a878ae65522731cc8f246fdc6aac57250fa2e5dfbaa,0,0.12389325
654ba422e2133fa4f1aa161455909a98c4369cd0d1d8e112f907ccb778fbdaf7,1,0.99946135
75f0d989346a82f82121d91cf2407e47371b7667c3dd7de59890d3bc61670fac,1,0.9981875
4d8b21ab99af11504028152478263832f1ca4d26bd16e41b907523bf59c3c163,1,0.99918276
ad5ea5b6da934a5ebbf26b5e84548a4468f2d70c85294a24a88b84591284ce3b,0,0.17721337
5000fb5d32d1e4b2da58f134ad284b04659c8e65793d53f6f665fdf112d4408e,1,0.6165346
ebeb30cbb85cdfcd6d462ad7dcc53ef81fab800e9c20273cff91a8f4fa343cfa,1,0.33752397
449f6b24722c875a609b0308a34befa3ae20904796d12081d72f16eb9d04e115,0,0.99841046
3d03ffad2a5d8c2a6bf79358efbd1bbb1f595f793249c65bedb595048784ad0b,1,0.99997175
8b1223581388a2a50ebf027b5a70236b10197f5851777f4068d14ecc6cb2cdea,1,0.9999572
e1e8c227361872c2f4635bfa7cef30093cfc5f2fdaffe08d9e7f684568d83096,1,0.993109
ec3a4b8e683834df072f1b05c16c0f04a5892b8159aefc93cf0d8e94cdf66345,0,0.98581576
f69e77e09a920a52682d41c6e0dd198ad248ad3a9a1869eea3ba175980dda9a0,1,0.99993706
f418b44415c968c25c03c3b0976eb96a0c07ef25d3125019282073b1be9ff845,1,0.9987136
03754d155b586b0cc71df01d2c267ebf1f3daac32f3d0bac111be6c56bbe52e5,1,0.9999014
9f98b4c613a09637e26e8aff53419d0d06a5dff24cc15869db48a50adac09736,1,0.9754263
f4413ada5fe617cf50975477705e1fbd4d869edc8b371f7898ef608f9ccf8df2,0,0.51126426
6861363467c55906e67cdc520037001ee93e4d46dad8a157bf41f26ba5fceb0a,0,0.0051275003
691582676c650c00ce3f664b15d8062b72b9487fc75b46a5dc99458cb4167c1b,1,0.9351869
b86d1ce1bbbea4c1ca5f0c66ef9dec9590c04fb4a1a8051bf066a5d494e3d101,1,0.9979886
fd4a4d0ef1fc95d507e8557725d9f173f2e776c9226e7b87eab59dcaf75a9282,0,0.0123321675
13dd42e8eb910cf073a4699aa7c5db3ac8e2bacff7995be1ba0640287ab5e577,1,0.9959318
1c941b595d6fe7eefcea8d963aed7f3e601d7349c8f09a569e9eb34d85909da8,1,0.9566961
a9b405c2b7bafab7e945b651d926c7d97ff41637327d3e6139c88e0618c9d2fa,1,0.8761122
b168dac0ba045dc10c5f6cc0447c3fe06d4299e5d3595d762ab5b32fee375dba,1,0.9991437
01c39a9bd42aa075b43bae14630efd1adf0298e901cb704e3cdc0dda4de1d01a,1,0.9593868
200636cc64bd6fcc6e76ae8529f1866391f12788588abcecc898ec9863a2353e,0,0.0023508999
bccd1fa5b161309554d9c4717fcdb144ac8f1ef383b442207e86f836c4102110,1,0.99998105
c9c76613f4e3617533ccd5ef8cfb7f67bf0f02e696ec6908a2f30c1867294d3f,1,0.98117125
7eda0d6143c55f038b0335b33b68cf995416b0d4d4c9170f68bb606b0c6adf30,1,0.99504083
c268e6ec54f638b775f1768b7409c5b1aa57d8fd11175c72f4c8c05660dea989,1,0.97707134
1ec472e18a1aafb679767640db22d04e565ef49dc84ca879b9d4ce0b3cdb52ae,1,0.99436873
ae91b96bd47ab0da545d9fcb3f195d35ada39f1ff6a188004d0c19e3c965f4d5,0,0.015590554
f1f6df6c313fa444a8d337b15154480caae0e407ddd5c206c5e654a679472a45,1,0.9955303
775a46cb68480327c76f2f98e16ef40492bf1f6565c8434a15febfca2fe9137d,1,0.69015867
fe55862a1396ed34a00270b0fc0c9bb30a18150888f00abceb62041f19657d4e,0,0.077514455
1dc1fdb36dd4563188a6bdf1001cfd27ca439ffbacd7e0342dbd44362629a92d,0,0.30709085
4d38380ca271d92d41eea372c13b20c9e6ed7c54914bb648183df943527bba77,1,0.9999825
911a7e07aaab5eda605273d5ca4b137232bdac95d83cdf07de5ca533a6f2ae5c,1,0.98529786
08dd088496af21eb74e269be3f8b769e594bfffd8edbac80bcf80d4fa5383449,1,0.7583358
8144ff0cc383a0604246eb8391f2f4ca57f064addc0090aca7549ccb1fc79367,1,0.9999366
efdd8b94a6b5ee63acbbc7ebc2f3f1125d19d3335031cbbcac5ed953b9cd1679,0,0.9615407
4ab14fa667545145eacfc84f305ea2ca3cd010e5f8e2ea9549457273773af418,1,0.9999554
266055f723ecfa22b62cda8e96bdd94afeeb4a28b5ee99ab4b59f4a072444b5c,1,0.9998878
dc05bfb3dc66cde0414b2605583833c129318920ecc433ffbdb478db69c4d8eb,0,0.20955977
3bf0243cabff11b258c1f3fa5a0efacce30d9e67fdb2fb8ee3e7074fa269f4c1,0,0.081284195
dda4c4ff4c10cb654d2dbfb14984228c544d8a9b53daae74f727804ecbc081d9,1,0.9990959
df945e38cb7ce2cbc1bb0a60290b2bb6cd4b5b8e8cb1f960bdce80a1b8c87700,1,0.99582714
91c07b1fd5f4e18916a44a1c91f3351a188fa56b39db2b6de7e5790c3e52c4c0,1,0.9953505
58f842810d5d0b8e96ed95acf482a29d987edb3966ae3794d96d42a862067e61,1,0.99951625
3e25d44aebe18b7e681ac24a1e1af1aec094353ec007544fd88379a37de5a376,1,0.99925274
ac8e8484d29359c3bd9ed552135fbc24c70f240e5e98ddc2b8de22bb9a10fd17,1,0.99997723
fc4638d62457b5a371d6c92446380bf1519ff56677ba178cb4b9fd03a3ad1384,0,0.0047424105
2cb9aef9cf078616a7cb033e4911db6a27778bf5bc2ed18237a52e16406f5de8,0,0.080671735
cd2d8e409f949adfd60b2b91536cc0ef9b23d6bb7606e68c8ed9130d411be8c7,1,0.9997423
2094156e6b4f2f00f8938aff9194788e0a91319672b1bd4ee226abd3a4c10b19,1,0.9998555
485828ec4b288cf131d277844c371f62dc070f918f7108a162b0c143f43650a4,0,0.0049881735
56d7aada0cef628c9603e7ed05fc5e2026adc9ea5ad8db66bfcfa4b7403c8405,1,0.965817
55a104b63f037185552510e7d8c059546fe9cf3583fe39bc39b72d877e93a31f,0,0.01886447
8a1c28e96c17e15f69235dbc86e4fd78b425677fb36aa68ebb7baa1e0cfda784,1,0.9541823
c36566f2d6b7198ec3f9feae2f12c001ff16f5959a42b28ef5bd26dbafc1b317,1,0.9999572
5813916869cacc3776cb9db097cef8592c9b4c30e54cf22ecec2c040a02224d0,0,0.67460656
339d53417b77a1310c42730d4c10c6ec7ee9d121c9af25404c92777501463377,1,0.9645058
00832e75c4309782f099e99a15a47093b9411a210964638bf228773209e8392c,0,0.07019391
2adf79416c52d8459d1150f7849b444ae66070587e989b3e9c73eeaba66a0fdb,0,0.23083752
97cd8c3455f1c77895c170a77f314d4fc0b4131312fadeb8e78c2c367b87f517,0,0.997719
aae369c1ed92d21a40449054ad836207e05872c307b815d57ffdd7b8f3e44a3c,1,0.9607158
0f54da5e95fddd4ab215c1e0a3a2b6b1d581f819e3fe5d5b4f6d3ed993c2b6a0,0,0.99841046
d04c7375c0ba94d2ec8c493d705201e9f5250234c53daa52573cc5a6e43f3fc4,0,0.0028778813
fb4fa81192158c6647a8f0a775e783dbc686a57147b9443e224bb018ddfe7add,1,0.44476163
db41bd3987dd9a7ff3d270794be2912303d108babb320b35d94138b57f228f1a,1,0.9992612
c009735a0bc12c6fe8655055ee3039ca80d3bd2eb0f4af50259583f2ccc33a7c,0,0.9979208
a2bfcee56555976cac24b7f2bfd68492ac007693a76a991efe39f87d89b6775f,1,0.9992593
a2a43ce2c7cb1845a857cab7b9b861e86ac8e32d469df87a32c9fa45be009e1c,1,0.99967515
25852453296a291db2a830f1b9d358ebe56fe939302f4eb2c0198448b6afb255,1,0.9959331
c83c070fca4c7143ea6806f6b87f23e5007a763f37aef12f2eeec0e1caf4372b,0,0.9923195
96e72519abb4d51b5807377a2f45106c727b7666222db3a94727f584514716bd,1,0.99838054
b749bb1938b78bd4614053869fdef5651f737f68739d16d90245a935007e5fc0,1,0.99990094
8c231974598df599fb11a4237abcf6aa64d48f2da2abd7c49a4321355e51f67d,1,0.99939156
de5c44005001aa4db02d6eacf7e57c68863dcb41bbbc3f6f9aa0d19826d56a2d,1,0.7583358
4bfc79ac0d692b233fb3634609ef57b7f342e20137c593a7e719011f4287991c,1,0.7583358
d905304db862bddde230b1b0b9066f56faeb729cea9df77e75ac36ce6149f898,1,0.9999356
9820552ecb0eaf163b9b8c007073a87d76470e1eb7e44cbc5271e2b425f96477,1,0.9935929
d0f14637123777996e1a6f5a8dc0054297b0d1b8d1f1a4a086ceeaa3b9b95a9c,1,0.9943949
c05d4be01da8e2ca3a7eb5c3463de00b4d027a29813627df834bd322f66c1f7b,1,0.9999057
c68f4d374d5d6c7e3dbd5cdeb1090890aa18303b5205fc7775ef2b89026699b1,1,0.9627669
0cf084e00383e0e56b9ccdfbf0959818866cbac58c4acb2126247b07f81d6eff,0,0.001706992
24a3d442d58e8794d3ffdeac98cff2d3fce0d3d27d173cb52fcd608f54b1d5d1,1,0.99579334
ef652dd8aa7473323072b8423b23102843b55e85233a6b0cfc39deb6d71c9ff1,0,0.0021989474
683ea750c15ba564db59459cc3167e534f95d2b68ffd594894b1029bfbd37bd1,1,0.9990798
6ade0e98f7fcf0cd3e182956be032006e197b70a7e00b36d2b21706e8dcb53dc,0,0.009229162
93f537458a9d9e7f774d335c5dd0f486eb2691f7f677caec744a924959fd8c92,1,0.75232285
5562167c4b0016fac512c2d7225be82bbf9167103adb3c6810c63e220ea16cde,0,0.021571636
7d1def003b271c0fd9109ddae4674f644c92073c73c02e1f92e4752d40402705,1,0.999684
bf8163fdf508f56bf0eb5dd919b34d6e74291f8a6f7662841774942bfef00576,1,0.9936354
6978b1f5f6125dcc0e8da70b1abab43d212eba364c99f9c90419142bc947789b,1,0.9997055
021fcc0f14bc7a9ff1d66e46dd9ee6da5806217f3a9315b54dd6e584ace62484,0,0.012857778
e1b6f7c34b308940bb7e93ad2ed9e0416ced6eb7c0e87b47fb210020fa6f949a,0,0.5651161
b578e15aa5e6c0359943e9cca37b4201ea942bc54fe7697da5578e6dc20c821e,0,0.152966
1edf52b91aa11269cc720aca9179b0c0d5038d57293bca5ed3818dd19808d45c,1,0.9999001
ed4eb4c1c3fc37c17151d70e2dc321785f7b78d7e99ab61d4b06b1019e0ca8cb,0,0.4925342
375ac156ae146dd1e3e5bc9604bb6efaa5ec64d875d49226f958c84bfbe13274,1,0.99998164
35f7e1f21e501afc778ed258026f4501108eaab23e1264ce3d8f32eeaa4a4857,0,0.05373084
fd22f167ab1d2f8ac442f7312a554d18df1566412413b9c5707c820dbb648d5d,1,0.6521574
bd8ba76c228f672f297b4d4a0d5130e1fc181abe7bf14b70585fae97cb0c15c2,1,0.9993517
5783bc0b09098bb61db670fd5908bd96c29070e84e7bea43225b0508b37edec4,0,0.18626535
c9afe3aab8a11b2a3813cce8b52e4f18bfe15deeb5d6403cc27e33aca2eb5a37,1,0.9943949
abcf6949d1373de6b780636063d24e78f8b005884e1765203f0af73136ce33b5,1,0.85714865
347504583a422bd2ffd3d2f849ad3886c270ca70de50d5e151492dfd8282e5d4,1,0.99932396
85f779bb02ad004a5af00820a85523357864a4e9d39322489171e5222b5789dc,0,0.0019334052
0ecb70fc2b1d9930cd896b85a5b8a3076f2814c57436d692c6645334ef0044c7,1,0.9999014
1fec0e6e06fa661510ca9807019ce0442aa3d51da4cfee3597b615b2eeff401a,1,0.9983693
87318725464bcde4cb8d7cfd5f6279b5b7ea4f8f0416adc51cb55f9ee1825dd7,1,0.99774194
73fae3fb99ffa6f1a6bb0842233adafca3baccc2fc47783de2b14b4a7b4611b7,1,0.99925095
36b28b96099c293362df6ab7157f49f68c1498b85962b138cb0bb47358e1c6a0,1,0.99999523
7918dbacc9179acf7164220aa8f8c1d3c0fdfe9672b6c12ce5ee0e5a2219bbb7,0,0.010661063
89ac6e0b3a73c3eb2d290c441b86b05061fd59ad7e745aab7c5476f024caa64b,1,0.9958325
d76a84f41da83a5b476ba99b512fcefc13899c2ea06bad3ab14e8b3dc87e9c6b,0,0.998858
311721bbb6daf9daa6cc0ff246ab69ebd6b50ec1d4c0d2cde79352298de517f9,1,0.9991437
d8eea7223bbb7be5059732c8b2cc825b1dc75742af7474d0b0733e40d66d2381,1,0.8959418
8f31e7e3de0ccdee82bad5f5a6e09d3cef8197b0082213613409fba3a0ee2c06,1,0.9998584
f7bdbfbe024de1ea1ad884f01968d6328a7a0925565473fbf240646750e5da4c,1,0.9986804
504613163ca87446718c209f0b962fa6e09d916d8fedb10d588ff9cbe55e4fe6,1,0.99918276
26f5a47075edd5a17f8edd70ee35df8eadfffdcaa23f3ddbe804c961a3b92e3a,1,0.9988543
d73ef16b0da2bfc3e4b8000ed0c5f939b8c8a902ecc95a5d98454e6cc9d057c8,1,0.9980627
ad2c6ce38a0979a0fb1192d146b04362acde00628f282f1a2fd210d2b7ad30be,1,0.9991437
b5c067e04c0d10520f410be97608c8d30e628debac13bfed229c2ecd5632a961,1,0.99998426
800b959e1d301438fa397c2bb5a0c47343e021fdddf1cd3ec7c1b59ae78afe82,1,0.9999845
6593220c617f185f3d05b96d3374c4aec893fc88c1d28d17435892f38a7d6109,0,0.027825106
b5bdd93d22b11d36e9afff8814e5486bb670e421a179981ba12876b783d71435,0,0.6812942
e30608457791c87ecb67b17e528318f2248792101a0e83ccd4a7d23f57d007bf,1,0.965995
745a108cdb9e4ea54b85922d98af07ff2ace7adc1fd3cabc4602a7b58b544ab3,0,0.6338086
c2c3bce5d92a1eef5f66a208e9ae366c789f3e92984b013706788adc335bd3b5,0,0.4587344
937d4052399800db161b54e860cad0dec81c6a019eee02aacda22f69fd8c0d92,1,0.13316785
ffb1f12844589c8c1d4826fd720511c551d2f2dd4e9d7f80bca7da460a409670,1,0.9943949
b950cf34d50d910771ee6b6c274bc67cefbea26cc087c48139b7726e25a487ea,0,0.007742525
f612d5855e76e75cb76ce098e5ae95e73d65bea9f931a36189e8cfb0b049a179,1,0.99890065
943bceda805a54b72bc26dc660ff1d4b7bc49b801aa45db8e9f70b0d02aff9cc,0,0.0023676192
839c00bf23ad9d480da9334e35579a3ca65073400554c04580ef928e4f5ebe23,0,0.0047551007
10a7c7fcc0a925ef42584cf82471cd118fd58f586bea526de8455f54acfbdcf7,0,0.2533693
8065f3523bafb0e528145a1acade8e147c8a36995de728b3dffa05fffbe566ad,1,0.994779
5cf638e7761f30491c14fba1196de357ce0578575363b914d4010883d558458c,1,0.9999794
5a5e0e9e3dc84e201e9f31024d6c02f3cd79d1ff8bfe97586217bda9abbd70fa,0,0.9892482
c11c5440516c7a32708c3befa2b5d43417acaad45c82c372834daa9e062f23e8,1,0.9847984
6c542799c8b65c2e3201a596e7a62f4570cbd5768f40b0558528e34bdd7c0046,1,0.9992567
5eeefae950c19b1320238fad3acd4f7b89ac9973bc5d69b2f63896495dff159c,1,0.96529794
bc30d1a7e95b41b7de3faef900bebf4b8fad3d9e3cea4332c25ea5b4a2b2c561,1,0.9999486
3341c80155437718296cce1fb8c227cd6880748b07d9ba317ee956f000f7f3db,0,0.22446617
a594d5b58e4e69cf3f337f1e1832344b41e991abc6e3d8eb2fc95e27e3b00c86,0,0.14680974
8de3e339881291eeff96e024df129a3d5931ccf04c2b0760139db14f4d09c1f0,0,0.23659803
6943ad391c788de1dc072ad8cb21a0c9aa8e8630ca6f6ba0156449739931d9c0,1,0.9997589
47ee62cd7209797a06ea6be861435091d4d89a12533afec75278e2db023b7ad0,1,0.62230396
e05c6463261b63eb5dee81bd3b2b6b8b5ad2b52b3a465ac118c4aa7030399154,0,0.2008452
b322af8ef49b44a06da0a66ea7b86f3799674de93ca294e6aabb63b53ec0d269,1,0.99686325
9b57430a5a58e41a340d40ad0fbdf22168e89e498265c20105f68954bc10e689,1,0.99942386
09036ca502755a8d81adc433363e2a081301425cb869da5e777b946b3b744964,0,0.99841046
64b792ab994c80a51d55b03656ff59821e9694c90fba7bfe4ba1aceb61e748b3,1,0.66805184
c9fa1ff61173e84ba64fdbf7284faa7b3fb60ed1ab1d091a85690d210d8d3334,0,0.006727216
3cb914f5fd1cd0c8ca05295fd20ea8e7772388b07f7b1f13fbe78c182d9576e2,0,0.96759796
7da74571a51066dd361391d03a777c80e440407894b99781a29ff1162c0a8220,1,0.9981597
bbca8c3229a79169d9e1bffc622059352876de90de7e5282c01681fd6844f7ac,0,0.053085536
bf4616db9752d22f4782b5d29126ba7dad5874564e8eba0365842184b21dc73e,0,0.0027855677
12e821443ebe7c07e78a6fdda666203b1136964748b8128bdcea0603e19879d9,0,0.013218312
ee72bf48932eebebb865bca32b1ede62b682de978306458d299ed4fddb6dd65c,1,0.99979216
4454a185f1ebebdbe0742e290e9861a490d1003d4db16b29b39728b527f6647d,1,0.9999863
60c61153b871a98391b3a737f6febc5978b5cb2389a45185e8f96d15b9511c73,1,0.9727808
8f62f202e2ce3161d8379cf89f5d63889742ee92d38cefe04dd0d5f0c3efd8fa,1,0.9997055
a30687f292d38b63ce2429b6ba76ec756ebc3ef09a955c61c1b74936d28abbc8,1,0.7815655
abfa467238a0ce0c5e8594f13ff0d211758eea3f415a5be21291c3e68af16f19,0,0.020766461
a61299d6694e2e2cc50224bf5767394ed17f9ddbfe8b92e3682eff7bb7ae6569,1,0.7583358
855126befe73e777b3ca2c42fe214d2f485a0f864b868f0f85ff990d819ea337,1,0.99999523
0fffc8f48a8d97431ee94c4c2d6c88072c002ac590f6c0534c906659600d546d,1,0.9967719
39aa2c4bc07ac4bf5c7c80be6f3366677c1e4b1f2cdc3de0e021b25496e0a56b,1,0.99979216
21084d9f019ff91f5e7f820895ab48a28c50f6c3176c5ca2b8bba6c22d1b14f4,0,0.0074951034
c8476f5418dbe14f59ccb439b3713aa55ebfcb65e3c276e65265ddc8d2e377c0,1,0.994779
bc0f384bdd221f4abafb3099247b6301f9447fadd6aa5bb0467d16f155d96b85,1,0.99998236
89e6093135296f980720d8e19641388c6dd18d0ef427f614f16816caab9203be,0,0.99841046
1b55e88ffabbab84994161e4152c2b80bfe6f0b48e3812b4739833061fd54509,0,0.65862304
1cf1c93c65018cbc033c73dd1ab410e65d5920c8408c2503af8458e0e262f417,0,0.2628883
ba0c48e3ee784ac0bc271d927b49dca60d6840718e67b1bcb7f2e3066c742d89,0,0.11860445
c0a3dbb68aa8ff1fbb722fecc7f17c8f106b74f363f6b4e4adf21d157a6ed8d5,0,0.03208466
08d6e70638d55d89888f574305b4f61f0a373f79d00ad7a98dd08ce0317df62b,1,0.99998105
4c2aba001b9df63240c71d75aacb57deba175f7871c8ad51c53a68c368978628,1,0.9999901
847a93f14c07e5d82c767ef35faf3fab60b5624914d60011a18fd47905fbe20f,1,0.99999523
6b26d68b850afbe61cca7511b718141886ebc89b44f38f6fc485a243b3b30919,1,0.844191
9986785b751432e0aacd0d9d5d169ac8c99f7ffe7ac22e6e3755f518042e6e27,1,0.99999523
a71a60954e9d21e7c276f1e17413c471f30ff12c66ec40415c4ec310125769ee,1,0.99999523
1fb3dff9e7c3d16c88ab77107654a8afa76ab8645b506bc488053bb4e9ed9979,1,0.99998367
6a404af789a125c715e9049d37b2f09110e5871a59f8e7f612bc8d97f0382109,1,0.99999523
875612e492d6c19eac127de72e90c9a8f4db08f09aec434b89da84fe824a954c,1,0.99999523
a7353c4811f80de3c3b0afdfb0a5f9dce50adf928ad03267425d59f20ddd5fc7,1,0.99999523
d424d60870f9e86024ef52a1776b494aec51b1b722d984549b26e0e16257b0f1,1,0.9996276
1157a2f19751ada77446723092a4174b3f50ecb58fe7d451dfd84b16c821ae86,0,0.0012930083
a6948829047e07fc22c40c1b04ef5585423a1852d4965c53f30fc7d725a0a132,1,0.99999523
aced74790bcfd6922415a345f3433dd30701af8e3b6c1d421790bfa1c2b5630c,1,0.9999938
6591683f3ded4235b8a963a28cb08b1cc4f496a212cc5fc8a22f9b6738de6c2e,1,0.9992593
ce862d5334013e716947b38b5d6b5e9eba4bb3bae1105c5e390c3e9cacd19e97,0,0.062366992
a6eee3d365d2fba8a2e887b917b7fcc16979a056194914d27830ee4717e43ec6,1,0.99997795
8a6ce08c716f5eb546294147b4c87e9784cc2a66f2447807326f2af606b42a6f,1,0.9998448
6c94b2495ef3e0ce45595f18138809a674f5a13ca1835844a31cb0a2c7d86a0f,0,0.9746182
61fcd37b633fcf7fba08c2432d97a807309f6899a7313f874210ddaffc21310f,1,0.9983714
a5d4e8947bbec18bd52e048e5227b9d2de9a592135bff131c13877fb608888f1,1,0.9986002
2c2c65b4cd43bfe5785f2cf3d4017602a1b60c0ee69a807d1aac6022dafbec26,1,0.9945505
dc0c9d8c32aa8449bf932c1fa2c1e4c0cac6166f23d5822ac6e2816ce3ef1bff,0,0.16946082
b8d4f1f8584255f823d3473b97af8531dc0e9160d5748d3c0e0cab11357f9c93,0,0.5141958
ecd2417c14a6e85de1b84a0a539ad2266e0e816cf9a9b5c05a6a362e62c62c4d,1,0.9999598
dbb993eda20b76070de434a879a262ad7c1261eaca369c1498f7eec9c931ccc6,0,0.01886447
e49f750d57b78552980c6ae1e2d7a2ebcf40e863e1b170c0b6019b64166f0ac0,0,0.51126426
17ffdf8530db79c2eb7d7d5bc41bd66121ed06f7925d454663b1c0dceedbcf1b,1,0.99890065
207201037ba90ccea71b5ea50b417daac83c55adbffd3c608e4ae96882969d18,1,0.7583358
52771db43a467a53db2d220053aa810f7abac93d342e04c01291240ce77a6475,0,0.008242126
0198afc54a29a0f459256c614ea42dd039bc8e099db327534d15b679e209b07c,1,0.9254143
d597a1fd0dc41364831cf8b6ecd897c84e3dcd65ce50e02c2f0b093b2213c2fd,1,0.8150364
28270c01cdbe4b7def0b290d611e5443ef40d0d79bf12cee6961b4cf6d329309,1,0.9991437
df41a25990de23252c0b18d488524c8ab2b1c453f2b569776bddc0e5b4a28e0f,1,0.94558716
09d0df126cc57afda89fc9b30134b2ff3e99a13fff4d18aa81e8721ed5c5feeb,0,0.99839586
c5283fcf5c52378ec22641e5cec97f936ea1accb60ba09d1c6d9a9637306f244,1,0.998346
d2bfe4348008ff8b319eb936288188466d43c52261745941bf13f962cb3ce373,1,0.9628493
22c06d10180a5c4f099347d918e8fd9a2dbcb124ad5312b4121aa3b844f3086a,1,0.9967998
a03bd266ba2318f8bffd15192c184374271235d512dff865df7d8b9aee81a74e,1,0.994779
b940fe4a9aa3079095437541af1bbc20c1359a9ac14e7b04f0356821c61045b4,0,0.24707085
eacfca554820c58b523f9d7cab8f97d8ff3cd9ab8d5551762cd613448564efe1,1,0.991631
90085d603762828b2a56665f5ad24fc785ca12989c3a9edf49270b848390485d,1,0.99999523
441f3e1c64841a18414258df36326c4a048c32fe4543e42d0177d46e853afb6b,1,0.99789447
964e37286ff56119bf36705afea2f677d7eef0538329ea5020bed7d0b9d887f0,1,0.9992849
00db9d7bc34faf4125a50e3d5adae59f7a6f49c8841f934c741fff779754dd17,1,0.9991935
bfef3d01b8ef19c38f2b76f40ce47f8dc4893912501b057b6cdcde986d4a4e11,0,0.097541094
6e18c63b9219f0399d7a8b872fe57248773ab7d8b3981bb1ab1198f399d957ae,0,0.97916245
2d3a6de5c261b41c65c7713344e548dcb1edb828d32fadb321b253578534818c,1,0.99107414
33fa93eea975471eae38b04faa1662c407f39e77f28a98c6149244028df4c57e,1,0.99969053
78a646e1e443ed94bcb5147da31ebf8ea737b04043f4a6300190e8a6b864d0fb,0,0.9995752
9c813dd379deffc8585446dd7b496a40d97e17af55b58e100265205adcb2f673,1,0.9999572
c0c6bba38abc854cac679d0382b40c72e1662053d65a72b8ea2330ac6ade570b,1,0.9995727
d7136a536272cb28efd68519b203c160459858c095b0f8411df0ac78b150c762,0,0.4811853
7244fab7014a5cc0575ed369a919aed6fb3db1d8c5936f1ca51252c9a3935392,0,0.99614584
fe20a665e487b41f52b1cdf6069385b1af2513d7c0f0d76c27b01e49c9140ac0,1,0.99677926
9bc3e3f902e30f2a4507cb8e427044eb076252a288e84060288b27371c25bceb,0,0.0489117
bd947f846950b0acadcf66fcd22546a9f58365f5684a48238265c736f391b5f1,1,0.9943949
4ff13529f811512dd00923b93a3811fcc2b725def3073c9e5495ea26dc1d33f1,1,0.9997825
c364642726ce39b27e687628a51d8320ed98df129537ad1d85a91cba6f0d4a2b,0,0.08030565
bd641bbfc0a633fdf390175794bfb6fee6ce008c8e6f6f38f3f8c6ce7d78a8ff,0,0.99686986
66e37b60f54a89d81671754007c64ee9094fca7704980da6d4692258b9a0f530,1,0.9995376
5905aa58853a05e860c87e9feeeea7c32b43859c8e703485e233429cec8d38dc,0,0.023496578
929520ddccb064908b690c6fa19132f7e5330e0745c73394240b4f7967af413e,1,0.99957556
9a9fb2e85d4e28f2dd931056e3242f711e86619ec35cb89ba4bd689ff071e3f5,0,0.006527844
0ba05a01eaab966393c205416b751eee5424ada3780477243451059f13397fb8,1,0.9966869
783ded5a780fbb1e910a35309e37a89402e0964fea9078d03a6d8af8d96b3ffe,1,0.97768176
a7a03abaca918bfe1ee1384db426ad4eb9befbeeda2c8607cc3e9c56ba95a73f,1,0.9948584
57bd02dffc693769ce4537d7f8860f36644b429ee926cc3c044757d78933ca21,0,0.35932902
a91a6d6a17538bc9b0d24bd2c2dedb9e003be84d1adffdb30c79d6c29aa38189,0,0.008265224
0e7e128de822c1fb7b57072f2f9d6940d96553a857fb360e9449d6d8573387c6,0,0.6174138
66f72d45571f0946d920f5bbb9af8891d7a669312939c1bdb0a179092c634ced,0,0.5247451
455f033dd5bce43c1f317caaa0f91a34fa4d9e212a63356af2e474c09cecb446,0,0.98581576
2f42d3161d76287dfdf6d0f05e0ff970f35caed59be2e515d6783db5a654e8cd,1,0.99982953
b3090257f991239552fe2e53ef4a5a1aed78fb78e5447c875b4df452a5582e44,1,0.9999553
7f83ce112345e50a10ba6784930a1652b6c74fabdd9ab9ec7687ec09d253b973,1,0.9954607
2ff437034ace7a283d1bce2e6c614978258449ac090406d0387c9f850a6eb64d,1,0.9954607
bc3f30420d417e8cd151c1ce8400fe63db9e892d5abf2590995c5e320f48710b,1,0.9954607
77f655bd70c6116d381730182ca6c95e87d9027822f4667dde8c4e16e88da00e,1,0.9954607
b34873256b86979b64356a7f3307b0e49967a4870a241a7d4fbe4ad3845a9cf8,0,0.019970905
d28bf3f6af75abd66424975f4875469e7975da987522e9811d262e91ca375532,0,0.40952834
e954443aed545e0d634f2155e211164efa357f607508177ad215f35d5d20e370,0,0.6886142
6808bb94496b911284e29ce9e7bb541d4347cc73d1afe367f12be01179cfdb01,1,0.9983833
ff15c30821d62b9c4eedf08ce683723092732467ea7d7f433623915e3ccdcc1f,0,0.002148337
6340c94d76caf1a7c74c1f842ed1763f38b75813ae84849ef549736a90453a6f,1,0.9884193
4a86be587a471b443d73c3947d90f3e38d185782229650dc11a9745bb7469edd,1,0.9977901
958eb07c965af6478e89da93275ec19a57d6de0f2c270ba71f1b830786772676,0,0.64148444
5bc1ff569898c1577efd90c9c840bfdd322340f68564b82c79d6d1a7a4754a84,0,0.09022845
a812e5a3cab63f48defb5f87de693688e57e8954810892105b269b07e7da1ca8,0,0.0078774225
21c5fbc8b7bbcc442dcd75c8e5c5e04eecf345a97b58662705cf69b2ac7f6797,1,0.99747247
ca901db3d6a835ea99318d1f8c26604d5e545d84f84a95f6ce711a110cc51908,0,0.0075202696
710b82e1ca8b5db556d037d641e196ea7af467da35ba017cdea11c2c6915949b,1,0.999941
da0ac0edd943539c67c72cfa1f3552168cfd4d425f941cc49f470c9ec4fdc2a4,1,0.99846506
32774dec7e4e99306cf43d9f2f4f8b679907aa2595b0adb9ffa08ac54059d931,0,0.007627668
fef8dd7886e2c31f86832c7ad6c120a3b46dc3454d64140bbe03fb457229999c,1,0.9999354
eb16e94cbda650685ce197c1fbb0c0af93c6a1ba0636632cb09f8393e46199eb,1,0.9990959
f99d45c66145f201b1b2289e5a421ace0160aac9ba6cfee5e8fab0e10bba1d0e,0,0.031166894
c19af2245b1a24a82d980c869f30bd37ea776a7b3189487f41132ae7e3c67256,1,0.9989231
648fab4bd342780f630ce17d547560d24cf7e6e6ed0288314b031b3c2a072e94,1,0.9997955
57a14a4e9da7c5f4d42669649774a53ee980f6a4033641bf61126d76dd73e6ff,1,0.9998659
3fe4acf58e109679546a8926b26ab9dcdb8504d5ccc5fa17329ff5858b7642ad,1,0.9987311
a30fbb5e41ba0b7f74c267778105f8fb2908d8c3e280f3bab525fa91f1587ceb,0,0.008143093
059a50f41dab542fe47e8eec8eea742ace03feb12f93a510330249f59b415be3,1,0.86581564
096d17f095c0792724b3b3835a79738651109d594758087df7e291bafcb67feb,0,0.90659416
6e4a8c072bff9cce86e2d9bafb5f26bf86ff9b3dbc3c46361932cd1b5a807068,1,0.99560815
d1bcc53b557323430817e3c5c682c2070b9f264e87b89bfb9c8cc4b392cc5b07,1,0.9747971
01aebf96d669988c96a1cc39e293ea2c89dc97a4a38857620760784b7ca39223,1,0.9079375
2c4de5919c00212a490a09a8dce3f3cd4c3446157a771446f06254966346ff76,1,0.22446956
ba35e5d29e1a2386f188f9273de8037a30ec797b731b3ba7df564a9b546b1ba4,1,0.99919456
07df95b14ee4e696339516d4d35ebfebc00950966697d96f7005af1d1a7eba49,1,0.99890065
6aaffcfa0b0ee37aa2685cdc7b9005604ca4802e3757b21d44481e690bddef16,0,0.049381513
c4cf5bf16b7255cd902f82317908205ac5f91977466bb0b2e875fdd13509e23d,0,0.012857011
22de265eeaa427992e1fa456c0ef5db5bbdef6a9a000921ac32f0af0871a631d,1,0.99376255
fd63357a159d70835797a9f7ad84c563a5985cb577f5968760b3fb05ac89f800,0,0.01460376
fc4261d34e3a00a3d377155247742c6af4ab9f14632e819fee0c9eed048e6e27,1,0.9912868
505717aefa5e399bf4474e3e86101eefbeffc87db2946a7c9730512a00f65507,1,0.99995935
d98e602c83423c9708cf878f73fc6475b70f6665d2c7e19352359d97b2a59f8c,0,0.23808622
dec822ef3d10d7ac27f782116ac9843569878affa72db94641be2e53a003f9b8,1,0.99913317
2ad937991dcfbc6143e7ba83abb1482f031250415d15e2b2660c688b877bd4c1,1,0.99028325
aad25da6979c789f550dc0215ad310d4dddcf4a2d9bf4c2650b1bbc32d0e1ea9,1,0.99999523
ade38c01b0af1943ea9999f8c108dc7356e6078880d55e842e719e858937b622,1,0.999941
d4b986efc04661335df722b73f5bd5bb3cf469d0e6e3b54f46c35068a75ec640,0,0.026687313
a0a6a4db87fa0e277e719f2da18297781a9558311d129411085c0dacfc620d24,0,0.09325793
b21b38ad683a4067373f172c524255184095dfe2a33f2588ed6c1240a4a8a364,0,0.4566532
dd629b36b02344729cbd42831a45ebb12b01130e6fb53f9472df718c8e14319e,0,0.0021417965
576474a08944ad4252942977986ca1eec6f875ae995f806aea6201b5fee5c8b8,1,0.9981468
ab578cf90707d936edf842df28b4e6e44f1771dcfe36cfc075b2360082515e90,0,0.02642842
745e0ab21d3a4120118e9b0420ec0e2dea3ff2b319ac7a26aa2f30a455c2bcde,1,0.9999566
09ce184e1918abb0caa5f477106e05dd34c80c24e15ca547d4d4bfe57109eb9f,1,0.9967152
e264f58c3255d8183cb0afedd3921c85a799afcbb7f57908f0b7a966ca8d9059,0,0.95914805
b11a33e20f502938ed5e2980dbbd2711b4722c47f492b55222dcfec10e7cbc7d,1,0.99963737
5a8dc641881a1edcd407b24244c9c7736ab0b15ffdb53db0595d604e29447615,0,0.19401117
e2fb044de3074cff43e51dc7baa7f5eaad55016052721b663dd78ee275111303,1,0.9883171
250bc8f72108f50f96bd45b1bb8eb4d51b083cc030d1bd6f03c619e81de46c21,0,0.021335917
de904df27e41444ac052151039c43729703dc3790e15267ebeb5e1133b05e85d,1,0.9999901
477d7d6ecdeadfd1a5ec8a7775567bb5507964b7ba74152d6eba813a8ad276fe,1,0.77769864
9ffe3cd823afd7a260da093f3b08889e0d4aa374ec8ebc54e15c7f0d0849b5aa,0,0.1152947
600211d89675eb1723232606ee969ce4e79b6f691ba96fce03632666d2f37e30,1,0.9954536
1c5e845ef7b96e9579dcbdf027b963a86737fc17e66dfe174c2b4e2a68b68983,1,0.91194427
c4a27f11e9c07534328b86c45c78161d6603cf6125f56ffca0beb6d116ef1218,0,0.11285175
2104152f3ec4b951a281e63a4ea36dc2421175fb23dfef12525362353be11cbf,1,0.99876225
820ceea54bf62ef736e02a1e74e24cb5020f49b4eea28bfb3fb97fd75ffca4cd,0,0.55884665
59978ddd46b8983f9dbbd97e644a63cdd024eaddc47bd386cf6ffb808021c6b7,1,0.9969627
ce09f031c0d47fa2724607abcb6b5b7be525a5b083e217286cdbb396e21097d6,0,0.4667906
210d4b348475661a9ed4db373928ab3320e35a7594179591d1439818ce84cc59,1,0.9884052
b103d5225f694319fb40dc3c2d524afdb410ae9261b9c4043855a6e7e5a80c6d,0,0.58474857
f164b4e85394efb94da5e9bc7ca2c19f192e21d33777471c2a768c3294cb303e,1,0.9961939
8a21f95a7a0712e02e5f4d0f9dbbe16ad671f7e189e1c8607df508df419c7c5c,0,0.058585595
a8695b22e6e91f2267b9669f6792511048948151273b6a26b6bcf0f5b1df6557,1,0.99999523
4af427b12a5e953d6b7b8af1bc8bc59bdabf8bd661600c9b9f627c8563519393,1,0.9430025
5eef03e60afa469ba486d07b712567a890a9fb7d396c39ef7005771aac7ed9fd,0,0.07934037
0b1750a20bf3935b80384d4bff7efd3944d726e4dfe3cde3cf7f9563cb4aa73e,1,0.994779
40fe85fc47bd9bd8a5c21469090d8de0f72662e3661aae279643b420a17308be,1,0.9999677
ae233dbdd8fa9e4c6052f4b565c37765cb66830718e55c0fefe491183f4d07f9,0,0.07150031
4deb11e82d2e4dbb6c1b4dc7a15290736dbf1fc29d76d0c82d921a91f903e52c,1,0.9999578
4975c097ddbdf91b2df5203de9e1f2d9749bf628387580ed93fbf9774a283325,0,0.8727119
a820c730c161ce606fe17f1f59fb1e77a7ee58a7d0555dc93c2e61be8d509fd9,0,0.011934551
af8f69432eb2c640791174a8d81058500fc9fea9884edb601e019edbdbc27b48,1,0.9956945
4ef0e43cf3acee11ea38367c7bd02dabc64d3bbe896c985e9841fd1e113a2116,1,0.99909365
013961d1170b6f9c16656adbfd534b9bf4c21531c3e03b2fb5c7a7150eec78ff,1,0.9992842
19199a3726a33c691d31f6fe81a63a4bae5abbe94ac7708c2c6f766c496bfca7,0,0.16883405
5ef7d2cd535631609815da4f56848e99451407926d471c8a07fbed383fcd8d9e,0,0.36122885
60580e40313893687460ad23466b7e99492b5557738796b71fc60f747b7c7d2f,1,0.9984376
cec425a2d43454ae840aecc9720b21b5dd67a54abbc337de5af848ae7e427835,1,0.99999523
2cce15203e03a1a99c3a85445d55ee9ef43cf98f5bf8a86dd92311ff29832321,1,0.9566531
c6a592a2a5430ea49c20d7468d2478394b0c298d2e491cdbe04928cf99c90d1b,1,0.99983966
9efc07944ae9ed5374a148460e49f2d29bef5f0536b219c5579c6ad08f21bbb7,0,0.9538694
adab2491b398b212224477a20ceaaca988893ab849a118d27682681384188580,0,0.55884665
9e7dec83f8e5e40462d33b67506e550af26fe41010526933512611f677f15105,1,0.9997683
293802f7ee69b859680858cb5f907cc990665f972b0eb92e524a8f0bf60af98d,1,0.9998412
80fbbfebc43acbf59df0aef9371bcdcf4f810f88f55b2a12a3cac677cdd699a8,1,0.9972013
08d05bbe337cc7c8f9514b3381fa019d67f948d30a3ad85e670d2ce7d700e059,0,0.0042221006
0cd7f3135a9f334d447c460bdc9ba79e4ced235accaee84c600128278ec1d03e,1,0.99987733
985e39c14e6cc40e6ef27e3806ee1a3ede915ac779415186671a0476b5e87ca6,0,0.04169613
3c476dc0d1786cad8ebd1e48783ba4e3b515d12b2e975e5def7f0c19f8aeef7e,1,0.9943137
de0af2fabd0f58a6793f41385eea6d7f0a27c3d156fc791b40ffbf142c4b3bb5,1,0.9999751
8ce83f3778ce2cc11a584259c17ab1a60a71c441a7c845b8e5a9a53ff4bba322,0,0.0036680922
59bb02b84a1fbb276a8ebfa8392acb95f65848d7542a567ab6f00ed816ac0daa,1,0.9995603
87585b4b9465bf48b54ec90a28afae9f4319f2e68b908e598e34dfb1f97021ec,0,0.056230817
1305b06f2bfbc3bca5429601b9c876db47b244d52078b10daff2e57098b950fe,1,0.98827225
63466fa1d250469dca9ca3b5d4a98a570a40186390bbed31f649dd9755e142b1,1,0.965883
250a3e954b6caa007072bed7fba66651f5b199a4ded6f8f8d2e5a85f05d91999,0,0.11406007
4c00935f7c95ecaef0dd4966b515d0871138fe0af3a5c1ed9aaa7533cfdaeaac,1,0.9999821
65c3a9c5d32ab08efacb179a119aa86a099fbb551527754adf7a18b390b4a6d7,0,0.9923195
c334634ff4656fb0999f0c209e4e2540bc5c46be6bcd3a06e3cde7894ce5cb8f,1,0.8797047
3860692c8f42a3365c2f01205d27b154bfb2d9bac61f58f67b30d0a948318a3a,0,0.83826196
3d154ca65fe036b9a74907bcb6b5a2631887606f2c5163b86d9b9a7facf1d115,1,0.99898833
ef04fce3283b296f452635c9f15dbf6068e68104d546f901a827cd1f55bc039a,0,0.9328333
86ade24d7c249846b1d785342177a1ab9f993a35468ade57d3a98596a13b03ff,1,0.99990153
5d1259d0ed92c979c4a4287f260f74b2138ac43127dd7d1c645db67c2cf75434,1,0.9998116
60efa23f5eef2346260ce17536219ab60f0dd066ec1a710c4354bffc3aa66ea8,0,0.038864765
5f31c0b2fa211a9e163f179de8bb2ffc523be40d86a81af6f4ec68316978e7d5,0,0.80184305
86a08c79c112b8ed6fe09deaf585202a54779909384e3db59123d5a1c92bbbd2,0,0.045207165
9d64cb1eb49721769297208fa236268ae97276810806b959f7a4d2eb09142543,1,0.9998908
d0ab747147d09ca252448f22bed2b2ea3095a9f5775176376efe05aef9f3dc4d,1,0.99980134
707bd267f86b59844ed1ca80a282666db229b389be52fa155741ca93ba299c3e,1,0.99697006
30184d2d3932456d7d97f18d9b1277d8a9d8bc072f9ef61e3bad9d82060a16e3,0,0.70531064
579afce7f16a0f2b658f9b24ae1cc5a0611ee16f9fb4b271658adc37f159ac9b,0,0.116396785
856b5cf4f3ba3ab70933daeb2064099cc623f5465ad635ba4319762bf17703a8,0,0.0020698358
eaf1f74e10ab74f6fcfe90e423ebbb3a98e369f04c99f6af63fd6d23a2ac811f,1,0.9995616
741fb27077f84cf13c38081db4a61a4d84ebe34919df8f6fcbdf3fa181c56012,0,0.9975159
eeaa61caede3ff63fe8ea9e769f6b02b34e4881373343c926e7faa9881fb76da,0,0.79906267
3cf8a0f2a7979e9b9a1d6589d139fc909ab997376ab8861dc3b0b43193235512,1,0.77525055
bfcec9782c7639b0827a36b14d72d6cee70935d83205359270e60b433c8fca51,1,0.9991136
0f994278df3857122b24075cf94e03b59d2850e7d62b83adaab67803cb07de73,0,0.16161625
e9e6b5c34e5d1f7f904fb1a3e9bd19757ea61e16b0fd20c8c5a4d7aa77a4bdde,1,0.999954
91a19c8cbd0176fc6021e330f5cf32f267cdf2aa547a07775b46c235fe56414c,1,0.87019926
07fe34aba3d5878d6f38fe9092059af67ee3700e8f9fcdb9fc3467342a75647f,1,0.9985493
185c9d1b98524784ffbbcc0cc65eef5f6de1ec4f3de7d9e141f56c8657784882,0,0.02280255
b92351736c94918c745b29e3c5fe06e6899b5059b4ce8007a0d647c66159357f,1,0.9989442
62725743faae915b3b31565af2d54cfa8f51ef4ed2d7d3bd1dbde2651e049048,0,0.9277164
a823d1705be4fa187f229917683ee4f39c453c8946695d35ed766fbb6f7b50c0,1,0.7583358
b86cb2ec7082464ec3dffb60ebbbf4764689bfd4e270b9fe49f4a1ad20843e9b,1,0.99999523
add80aaf829d737c37c95406745c766123155e84fa731ddee163cf5eb0ed7a15,1,0.9999951
fe185a3ecc4457cb256e5bc96cf83a3df2abe2486e36542c7b84299e14ded4a3,1,0.99999523
f9334494d1754fd780d980dfd613627d8b1875823973afbe0525694d52d8dce6,1,0.99747866
3fb5b30a3c0e6827a2099e2054cb92be0f3f2ec2c63a9ad0f8d77ca5ed50a697,1,0.88112444
e8123d7117e21b2fa7f9948891b70c38b4c31e73994152cb7750a16aedd05248,0,0.064559676
4b45d50f2b62edaec97f73085fca936a6e49dc72bb4a9bfaa376910141117af2,0,0.02004214
7ff585196a1614f6e640e6e8127d3fd721e43e862ed36c455681fd7ee046f148,0,0.84264475
6ff89d2210df3389d0bd9ee78986db3fd4aab4568d2596786895c5fa6c210675,0,0.0023631477
a1decff87549e5dc6a144728280f1d36578ed74aa8f508966436134209286cf4,1,0.8553736
fcb660fc407a1e23e20f398d21eda09f5bcec431fe2ccb6549b92c35ac5ec879,0,0.4667906
a439a3f4fd4e944b39dfaf4b0d64c474a9089a7fbdc294dccc47693c301d8710,0,0.0076877894
6213125161f6a72bcbae00cc31b8252c4d9a29d24842754b177fc856e7ded991,1,0.9903798
74fcfa1cc6ee33469c72afc03b3f977b7ba271dbd6ecaa6cbba91f88e53a77b7,1,0.99618703
57ec15945cd11612600c4d57c3c62e3c0a835b7eb0f9b105679b8d7d16f5ca54,1,0.9613832
9e4095622e04228ea0858cf865598f12ab74ebb88c0f9342926f5b28b62500ad,0,0.108951464
4fa91cdc573ebeda7e57b5e513ff45f53b8b786c39d78d9b176c1c35b09616f5,0,0.0030367218
eeed9587115b7421de061f3c1d2d2669687c14fa2dff0ff6dd951b3979fbac55,0,0.00337348
0288cc4f2d42c06805d208c10eb65fd32b86f2975f13f1a7a1bf49486778f1d1,0,0.021736924
e62582d9b36623df7d676a4790eed5e49fc7e5b84cca7ee950a31fe2c2a6b1fc,1,0.7583358
d110551a117c6e1f10b6dd5f5405bc4d41a2aa36241c6a5e762890095d74022a,1,0.9991548
b534e01f9686b0888c23bc828e3e242fd1de6f765a279a408d4b50e38cd2e8d1,0,0.9934136
7d6aa931d019a1e7d10191264bdfa2e59ff18dbce4cdaef18e6338fc15897bbf,1,0.9468051
28a0f6b80c124e97b51bbf14731bc47c386dd05a31cdd403c0f8ce5b1094fbac,1,0.99849975
d9153fad6a1a4bc4af04f72e278668dacc7e3f71d71350be5c0925957ee32a45,1,0.44255543
6549331925ae2a8a7dbdf8ecfeddc311bb4c672c2a2ecb6bcc63fbbf9dbdf459,1,0.9966968
747b523800353380775f9df34997cf0ff4869988d5799d5191fd248a09079eee,1,0.5436153
899291428c0d9e83e4da193732ff3d216a61f8ae382492c035b660e0333f5514,1,0.9996686
92afa2ee27e4bd380b24c93ac2df51e6395fff5be1acffbb662a3d7619f07fd6,0,0.8934862
8dfd6e0a501b869f220061bf0b55824d9bd13fe258523bd96719ed625bb7b522,0,0.035236984
2f1330a5c1e8324caaac409178a154ef6ebf09ba23ca10d969a7e2a2f91d12e1,1,0.9961583
62b5078bae70b56b24f95d216bac819cb0792579f366f861f46d2507a17da476,1,0.9824354
5c02648f4e181c29efae9c3ed31e32b28ce64c817695cc3c2a99ee26b1b77bb8,0,0.97006947
f138ccef48b4f9f3f97c950522d2aa6b32db5a5b6f034320cf182a8c80ccf4a7,1,0.99932396
f7c12557ef4a6257c19f134c812aab6a7a6a9f182866a9f0bbcb837109597d83,0,0.74690086
cb55d3912ea4bf76d18ba30f820cd3ec778e66f4d8ae2028c405e8b8e9edf890,1,0.9995474
39585665621e496b7aef24eb9a2d6e592a6b348414b717544aebdd3fbeff3e7c,1,0.9993641
88b5a0bfbdb83031c279e92cd50cb8220ce1ca0a176a9cb7441c6745b49f2ae0,0,0.024153063
5ec4248b9b0973946d30d7da6231397e413f6e80d2fe70e7acaf725f61615742,1,0.99471825
ed9054b16a04d4af458520d97efdf25099f5a8c7b0ffbf390bc90a5eefdff8cd,0,0.42819408
453ee1b532083136dfafbf785c0e75db2dc3765896948a9eba6e0b6f56ac02d0,1,0.7583358
e621c2a47120355f378e631d64e446bef6f3e9e1a3702a756f8a1a3a4e6a6877,0,0.89219725
7008aea7a808b47e97e33c7fe064d805bfffbc89e0cf46098d6f1e9385c230a6,0,0.80184305
3bf44612ca3d629f7d68641827b4e562b267aff7eaae9d8f92317e30ab8b7928,1,0.7583358
30ba3fa2f83e0f08815db41a9c85422006b15f9a8a25cbdee5235094bacbd761,1,0.99927336
6ed7fafc2667e2c94f186ba2b8cc7aa04447278fc06a6b091fbbd423e0ae5f7b,0,0.0065665105
57c69337f533a5e655ae3b55b8685c3edfe6b255ff287efea7183c7fff91bcb2,1,0.99995065
262c4e8806db1cd49a1e45a9fdc2dbfef84b23fbb93ad8fc997f76f35ff918e4,1,0.9997683
06f1a053e386cafb093974fc6935c0b96b5fccfd4d3cf1fab087c92b5e86d544,0,0.029915484
5034b454afc7a9a374fadc29d98935a225c242590ade442a86ea06ecc26317ae,1,0.9800081
5739b5a6e54aa8f2aaa71e943c7029a2fb93fe7d5cf9da1b545058ac3e23e9d3,0,0.3697125
ef79f19e25c63b00a6fab356d1a4e3bc11e5506a0c75204a8d7fe93dfc1463c5,1,0.9990736
6197314700f829104e1840099de693fa25e0eda66237856ee322bc07587df44c,1,0.9992181
67c7aeaf1cde94196ce34d514cf291c7c1f05123ba6990485816c16210a36c3c,1,0.99883157
d588f932f96bb5860b1a253e8b632be3161515d5c281a667d3f1dc4dbd99067c,0,0.77444524
381d6f81983750333c494e8a354b3d2b89ef1bb8bfedfb76b1c4df4680ab28f5,1,0.99980515
6f851a03a4a867c1fa08a372be4301a36c9fe1d5f9c5a91fc5776c889cd2611a,1,0.7583358
efb71014ed1f367d0dd7d7fb3a24569ee1cc7af0148bd9343e23abdf381362b4,1,0.9884256
3d871598b5742bc5607e94579cbde5f183cf9a3b3259ab4ba15d6af907ebeccc,1,0.9988512
da4412e5c4f39aa40eda45617a515de5714cf53912114f61e0e3d1bbe33cec19,0,0.5553693
e8f8490a4614d4e72797ac011e394561c6bc04532baffafbefdb85a4b986a75a,1,0.99981815
dfe72465c1e985321b2dc43bd205228e4c90916312bbce56ce09f179e6e0b506,0,0.021484632
5e74fd84d21866630b135dcbb166949aca39a52372e9bf0407f0ee4d7e3f9e8f,0,0.16911793
bff85566ce22bb6f20d245bd70b504fefaf681c4ca069a979df773af17427464,0,0.98774856
d5485427aa750cf973981d0fe2d101db5459229b0941bda6c94646d0a570e03c,0,0.27719703
8aaac59c9cdb4149a5a1c81c73bb3179ec64534528dae3f2e537726d406152d4,0,0.068276204
41231b04e1005b8db088bc613f3e0cbc856390e71eadb9470526e820c5649b2f,1,0.9972687
d1bd8e79f5987cacc4cf7646081fb8460ea636013a2cbd0dd28c3dfc110aae94,1,0.996748
7a3490712f65ac65f3261de9e74bb076635bee853f509f3e9d186ea75483227b,1,0.9998605
01a712c98f89a965530fe63cf7b39c36089db4d876315bb81af3a6c1878c36c0,1,0.82593167
be29751860b418bd5cad77e6d0ee603ba3cae96048c9a86661d58d26ca8066aa,1,0.9763787
cf66b3df4b3742bfa8c0a100a4c46b37f06d3b191ba9f5e82f3e2b19dc47ef57,1,0.9968527
6f87b223bfc6a0cc6b9beb98cca7ecbd378b548f7793930d7c8e7785a5f276fd,0,0.3762123
0cff7f2a44334229f4b3ff81da8e51c07ba556160e3680642847510aa1d31a11,1,0.99911827
9cd30b1bf90282076665fe696d4aaf76da31372566c6b5ad6350bc4ea84b1486,1,0.9998876
f9effc778bdc3537547dae6d857b3a3fdcb39517028e59d9720db9799d54a33e,0,0.0025093309
180f42a84920f1aa321d116ef65583a0e1ba87b36333f03b184731deeaff1372,1,0.9992842
4ef4a66db3277e5a14288e1b04870d1c53e1322859a22b241ca1ebd945174fd6,0,0.9899294
d982a5016150b3500fccbc82904274670900f32990fce418d803fc57137df6d3,1,0.9402189
2cef3ceecd5cd8945ed479f033a11e66280592e6010384bc314cd00d0b020485,1,0.99996376
06804efd7c1058f3c5cc28b586ef9555277a5c27826652e62cae0afb684adcf0,0,0.4102323
be8000b92efe1d4e348a71d3d3b19f9208a1d7f68ed742aaf56d4d7b63a50af1,1,0.9983279
f181b800e11b6b84a801aa17a22d95374f7a688abb1c288c4c28cf7ae1608cdd,0,0.9843769
91e5f72b563a4981a2112419e29bcaf78ffaa0feca59d466b21f320979768ec4,1,0.7583358
62a8a952c7d33f853aa9ea7bf8bb5641925cdd0fd3fa936449589cab9b71cd11,0,0.041232035
b7279601a0b6a946818ddf07abe5ad5c1a3b916b4a7ec8d2a780b9b55209a0f8,1,0.9999634
13b29fa250c2f4b22dc5bf88da8e90c360a3d3a571a445ab4519e37fc14b49b5,1,0.98394555
cd2670c7d3834446935a1220c8279c61b40b82fee0b2e0badea8ecf5d5856781,1,0.7974656
c2a63195a90e2b1da8c6c853acffb55045369fc3cf734980acae94711e0152fc,0,0.71339613
4041bf261db7068c498f718a33014691cc45cc112486b082ce11a4ff080fe78e,0,0.9999423
29a8f0c5c485ad0cfaa489bd048b58b15b203ae09e3113a6e89da4cbb99a9b96,1,0.9894086
e3ad6efca3cfd47be219151088774af3e9cc27c5543bec20adc2fa12db176c61,0,0.04893848
b451638d0a1e4b41457ccba577d4cf05099be19ec27aa74d2b473b231ed05094,1,0.9886281
028e3cf421b169f86897bb069503abcb25909a90283252016333444dde30ac5c,1,0.9950654
f519fcaf5771bf147ae5f9fa88217c5cfc9ad9bc2433f5a529b1eb53e46a2e60,0,0.9559141
daac1bd3e73e9a0b55849a1342e9d148b202695acb938e23612e9056bd859d9b,0,0.760626
0186a5ae3b59097c99414ceeae9950aeca167e031bf151a517ffa6a6b215c7c5,1,0.8067277
e2e5f282c86560daa4a2a460d053592a95ae41a9cac6ae52dfe7a0f69a951210,0,0.0021103304
4e123acfc227b3eade2e2d275d2ba2169732cb8d06056a724b0dfb3a99ffc30e,1,0.8010824
4293f5e9865d7b65e2c86b89283e89ba1031679d2f096d31574d01cac5b86c01,1,0.99998236
ad3462540c9825e96e3c03a0a333b8c67e484d3c05572fa65060ffbbc4e3cfc1,1,0.9980762
6c61e0830a996363c51f25c7f5b6b8af16abe7ce03a49d1b7dad5c34f50540fa,0,0.24718522
2b0926b41faf47bff859cfed3878aae5176e027eaa02b6e9286e91ddcb182278,0,0.2086848
c88dde2af7a8f4ae274356d35b70ed646892a1cbb116ea5e1412bdbabec40596,1,0.9979075
47723ad7167d0d04553a2ce3679aaa586aa47374e8f73b5089d38d4573d735c7,0,0.03184904
cdee0410e15483c070443c3899ebb26071c86f3d4f5ad8410cf51369e58028d9,1,0.9996018
735a80fb356f4032d033b28f40a762756645faa7480e7ff95ea21133ac799598,0,0.011173398
4c295ac324007ff669b3733d70d7aca5ab4b3c80b341fc3a4e719d5e41a9fea8,0,0.17762943
9c5e93a2e8f1d82cd8b08e177a8c1b25d9e563c4dd886e05504c4811c2466c02,1,0.7583358
0a5d9df35683f8a2e6883e8d5e30aee3b3d526ab81609b7bbdaf7e2dfb131f63,0,0.05840881
0f518ab5e15b4d4e4bdf82c8bc51620ef99a28cf5251679dbf1f1e7a156df0b8,1,0.99917334
309984b52c7a418dc758b5b3a2bfc67a8b7895e46741e3f2c4cd87e4fc45a1cf,0,0.7641311
1445dede4cec642e8afdc0c3238914a89a25725f8292337622322a0d00dd6fea,0,0.41150385
c72069e8257b3108c76d8cdb24b96b2097383e895e4912f57b3b90a0fe37e49f,0,0.0039977594
6fd0382f70537db3530a3f04b6846b3f004469a13ac88ac8ec52fa4d63d68ec7,1,0.999982
7e740c3b277d89657dd88f7c1d87e043c33f6e726c51320153a34496b0d53304,0,0.15045582
5727237d39ae1ca1ba9ee71fc4c3540a874432bb9722a10f0c7c6091a3ffa015,0,0.6010282
c99264bd7122a94e56e466819421c5e832cc305e5ba053e4dcb27e92f5e8c6a6,1,0.996851
c15e5f36389ab94729b6a48b7a809dda2d7f99e2604689583e4a52eda0187fe3,0,0.87562716
505abd08c0e72476f03e903e80cc74b1aa486307e57d27dc7c4f35d00ff7ee35,1,0.7583358
886e7950de261b91303476528ae41a1158067cfd9ca22f2038095823a561636f,1,0.9992508
a6607f249c79a6b0258bc58bc13bd2ca59acf616ad72bbfb89a23c5458d60d46,1,0.99999523
2736f5012942a771c4e44f8b1198357e11c0cbb6b4ffd80a7a15ee46b1268dd6,1,0.99323916
5dc3d649da67108ac30deb444c7b7d0d0bf877f7a1a0cfc98d18bf0d3ab97b67,1,0.9998253
259ede0f50d14e0afde35785057bcfd349deddc5bbfb04743975e021187b8d77,0,0.20958836
b6b363f0b5373186db2bc522bbb4ec7836ba8dc5a122467d543dc499555f0872,0,0.009412856
8c1d5c53a32622ada450c0e1040830915d7c337e98ad44161f12ece6698a88d9,1,0.9992962
0d5f8de80e002263748ab6215a2ec4f2ade160fbe2bc6409e67bc19280c670d6,0,0.0033972643
5e099771ee75ffe1116ddbd4dca06f421755a8ff1d530dafc6aaee183decb14c,0,0.0076353783
9ba9be9211818c3d8ccc623a56abfa9e8db732f004640ab4ce6e1df743e8672c,1,0.9992962
d5577446dae069a077dbcc529e2f73f02234230450d8e0ba633dc0f8ae8fa833,1,0.9982181
c26e9837e3b45bc97831dbd32627b07f4a578e5faaa3e195fa640949283dde62,1,0.8240035
d343f3f02ec24df9691457fda671829de75aa66af36c8e737535f54106e25ef4,1,0.99983513
b115d943c8df9c3538e13e7ab9174c5cc74ac7bd727a392ec007f9d95070acf6,1,0.9997683
4e83a0a3f63fe3b6725cdeeb17417881c16e546db0735d695c01a0f28bbe889f,1,0.9997509
d703d3b0fcd3486f606bc41746edaf92dedc120ab853adad9d3c397cd2b89966,1,0.99998236
16c3765bb53038bebcdd611a245a41129d5fed939e5ca99d35b4f8804d1477f0,0,0.0017929726
78fe64bd1780ec922fbb80426b39384a5a92da7d9edb3f100e80094e4cc1bd26,1,0.73980916
bef4658263dd6370b9857a564a143b2f06ad6cc3f5e7d7318d4db388617c7c23,1,0.9996376
da4aa792d67be20e9c26bbf3c84934429191756dc39e8db2baaf94819d332851,0,0.12567444
6c78d2f3d4957411b64c52620886641269df72911a9809baa5038708a6356769,1,0.99998033
425af720a61bf7d620a7d3d8a45580191a70e6bcd63c05da7196114e85895809,1,0.99166685
4bd9f9e37ebe46ab6fbc55115816a145d36382a05989c2dd6c990846731c7101,1,0.9997509
0ba4e13cd5c9ac17271bcb0e5d591548931ecb2e68e91c209ae7d127cb62f387,0,0.61762065
297f4b35e24cb45ab6b05ac3fe0243c4a7549760a173279a2b961eeb2b72aebe,0,0.07112155
ebdce6a755397b03f848b7b0fab518b6aa2dcaa894aff87d254f01fc20b48074,1,0.9992842
185a6090346f6c934dcc9a6ee40c8986f42e6dfd442f08c28d1d06cbfbd01c71,1,0.9982181
57a0a81eebdf6c1e0a5ab0489165f167856712121b86959f0c34ce5c24014266,0,0.00068983174
d6e87fb3a6f6bc2527c16a768ab517aec705666f3e8540f21b47e9747ff67e9c,0,0.12389325
0dbe9f727e99af6eb771040111d1c5876a0afb9a87662a8dc0af8ec10ef4bc96,0,0.025654646
1c33c6ce6bf6afb5f2840a399311fefe9dc3e1d2bf6c4e15c8463094231e3762,0,0.87720245
3bd9b2ee433caebc162d041d27fff185b57db5bfbc9fea2f112d2b429e5036fd,0,0.53054714
a6c696236bed5d9b18e9f8ac7d22805641854ef800b432295287e90a0dea7179,1,0.97970027
0d4a061b76e9a04f1c80b57a154054e9c8661bf1d0e955743795d06a8657bc9c,1,0.9997683
ee9b50a7f683ca8afb13d162ecfaef1fb08184dc85bb90bcde7f42879ece6e12,0,0.0042398837
74e3f884b2944730397d10be06301ffbedba5fe583d2911540c8559dc499cb2c,0,0.23737969
f1bdda8f6b591962ba1ec775dd487ec0181ac3ae75750fee2b3ee1a961e7eb99,0,0.7369233
a894c68073354fe6f823ecb7819de13d6021ce8397c34b9cfcbfcf7f4f017912,1,0.9997855
cb5c3f4bb7bb048e956573b5cfbc58e71ea6a6c6086ea88910774d950108e751,1,0.8824745
7c4b6b0d414d337237706eb91e8f664123046ea832e23fa12756eb1cd8ef39c4,0,0.9880435
93c2a86159af3395035e32961448867d3f0252837e10802586d8b27d63969f1b,1,0.99223775
04b1a9d4d4df7f6d84f3737e3f60568fdc6d78339ab249703008a4664ce1f50c,1,0.99890065
25f698a278f4b29e0ef32b0f84d47ca0f2c80a1b53dfcce79d002e49bc91d35b,1,0.20724888
69e5414ed51fa0cdd5cbfde0b0e160a66820499e048e949b5d6d90b6f5572bf6,0,0.78746176
717a8851f9150a3c2985c8fb16636af241ce55315e3298bb3f26a2c28539fb77,1,0.111578815
83b5db41a6ec154ac9f5d745ae29c003d5cdd6b44804c5d58c245891f75241b9,1,0.9999794
8de78a1dcf133d9a9df352faa9aae1ce5e25cdac48a9e38d94224980960f3590,1,0.98234326
88edd6bcd1d2b1264cb90a091bfb9a6ae38386dd7549ef45bb186a0c61244605,0,0.07545237
525900058676e6e74d438f6168e84298666e7f3501622298eff350441766fe2b,1,0.98120165
65691b32850bccae7493098d1c5569f449014dfbe63a5b94b40ed1d47f3430d7,0,0.98641986
0b4716771191526e4e274b9092b7f8508629d24ff2a3f5f6f49ce187f08fa83a,0,0.023502814
3621d8103f8740edab5db5e4e87fa7858c56dd90f26474a656cde9321faf4fd1,1,0.997079
d7f38c65ab8009c9ab2ae551e91e434d2c7c7e396b1baeb4d95d25512324cc57,1,0.5526728
aca52eca4ab82f11e42b560031955e99b06cbc3a61d44d78ea1d627842d59939,1,0.946632
14ad13c394d7ea06c74732da01f24ad26797fabc73df3ff327fda59cf44a1434,1,0.99939156
7d1d90aec813be4976b5eb39955c385ed46f11b424f6fa8c3f9d74ce661258f9,1,0.92790633
bde061bb16e0c9ae8ef60a7e58d41d6c5b4d54bc30cca7a80b2b59f1b61ed0ce,1,0.99998224
1d1170ea4c5f82ba9c3100e8eea1ae7befba01efb881bb04e29ffefda336e00c,0,0.05207147
df20c8d23cd7672c60ff4882c98b1c3115e56eaf64c064a7f060547aabcf8276,0,0.108803734
ddfc6bf914e789ec4b24f24a9f1088bc1ee6ab740709fcc658ebe07fbac4e2a2,0,0.85298115
5c2d1d5dc881fbd7a99f99cf2ffc39882a6adb5e988b1cf8470765ad06514ab0,1,0.9968839
bafaada856e4441e87852a929461fcd7e3d0ece4d4051c97e0d407cf445489f1,1,0.99945194
703a0de59062ada7a9a4a951d48e0d21ebbbe5a043a2786cc94554e136213cb1,1,0.9999602
0f28a7701441c9e50c4ce129aa225c5c3a5c451a10fd2fbc7a8bf8c83cb8238f,0,0.00077473075
afa6769031aed41e6d21f6d2b47721649314943ef64d87cd2d2ec4881c4d01d3,0,0.8637695
1dceb7227c892839091322f8e3786050fa177d04664dad5a0bb664de6c6b7534,1,0.9830451
b0d93cf639979043c125606c822206f8efec8d086fc52e46febec672e64e5723,1,0.95033437
da1529a57eb8288c6178a0d6e0735310d0691bdf677b802d560f49fdcb972513,1,0.9986626
a17aa07831f424dc0d9a776e8448bee93b9cfea5df9c96c8563899f5a0223080,1,0.99376255
b74dbdc146f66959e9c98bc7d691ba5231c8dd2692dd6ad0717513f39d94c8af,1,0.7583358
2a3b00dedd7538a4f0e28bb64117ca014de2534132bb6e56aa0518c732b0041b,1,0.9035882
9d59857269c563739cd3097000e9b3ef52a6f7a545b9e864fc55c6c9773a2c44,0,0.7463995
31044106fec76bf973a308fbc488535c0c084b3d0172c2a51418dda9cd63ab88,0,0.9427001
50bfde0cd6fe677bb64f088277dbef5d661a29577e5ff36cf74d02cd6a693d58,0,0.90955526
b345f3e5198e143b3696215cbd0f108fbd4b559ce8fd5b79a7a09a81fe934a2f,1,0.99984443
873dc1b9d98b8448e004bb0c701d413a6e52f5179bd0bfc7e10e84816d2acb51,0,0.004005369
d7ff02576003582e19ed12e7ee4d7f16c25b15ed626c26da8945f1b071a818fe,1,0.99966085
26083f40c86cca3be661d9cd03d2c0a3f0b3004d21f3c343ac85fbe9b72f8f24,0,0.012337251
11c92c83291a203e617ad507abce19b3a72799c6751c4636a864fed45ad7a63b,1,0.9999794
fbf6efb52e451f44ea3e7144a9bd0c5e60ba84f765f633e540f2d08a0b83beb1,1,0.99967515
22d28a7879e17e086699840cb081321c021fdec9a2163572328c1090e558102f,1,0.9624097
ed75a8e62d42521234f5b6b93618f3676c8e3555ba9360ef187eb4f4aa2e3a63,0,0.9975159
43a7ae0b61a726a83c1688d6cc4ef79bbaef77194d0f7b1c4cabc4304ff3fee0,0,0.1649107
8b1bba26b9fd81a0fa0ecc501dce7d8f75efbcded79c703b244fc3c3feb4d2d4,0,0.1649107
7da8fbbeaffe411dc47b707d10c44bf23a74e1b351e8dcae8e4b83f85d0d3ad9,1,0.888331
e95d057215fa098c4ea023cc55234b3dd2336e8ad1919e5abc434258a884e7c9,1,0.99870133
30010fbe9b01567eb594bdc2c13ba2b996df54445357fcdbbf2d76247b54bd98,1,0.99996316
62ffd9ab98dbb2e133c0e8684285824aaa274a1e25a1e06e106ef2c8814d1118,0,0.074346885
78751084b5bbb158007055ea9783dc47eb48797622f24cb722a451befa9b8249,1,0.99966633
1f6e8443598c3ad904fbcf3acfd88eab7c3d5b59ee942aeb60b9751adf6e26f5,1,0.9999901
50a8c2df05a90024efdbbebeb97ce93c26da14c69fe7f811915b969b8091b11e,1,0.12005616
323cb25986315e3451c7bccf4bdedd313fd4276db6d9e63f29c1ec19bcd7ac0b,1,0.9999294
052d1ec3a3590a3a2fc019dac2d8972886c0261c00145722a0a07ae060b97762,1,0.99993706
d9601d5b30517ef00b417e2a61671ce1fc4a597bbd44c0be42de1506abd57889,1,0.9426436
8351008a6e07b4e057c6350d615caee33aa8f718e299d9e2ecba93cd5b9458d7,1,0.82593167
a5602829eacf746bbac621b3856e0a6308f271da80e940716faa2f2a5b6b3fdc,1,0.99999523
f3985e867523733e30f2c14dc3dbeef6fa9171ba6946db952d3404b01221a43c,1,0.9969531
fc953f0c9ced3fcd11a5946fa2fc18f655e9c8950b57b8dc7c2d0ab11b484172,0,0.6241496
3807074db1792a131533204e2fa3479c86331da4d372e9353c8bba1de377c683,1,0.7583358
877a65f612526abe099efe1d6e2690c231afb4b637478e420ab7a73c9022f6c4,0,0.98581576
73d8752f4768ed8c868c312a1e903cc27454a117aab0ba3a5297922cc8c73e16,1,0.99776316
e10fe5bb947453046d473cbdf480ea1f6fa555e30572111e59381efac451019c,1,0.99999464
e3c9e50aedfb4e296e04992a6e54a51fe25cc0fab42f3576acda0353ed1b696b,0,0.9618591
f8bcc33eb479602daf44c60ec0d6c99c6a0666d4c581ac1ed7fe1b66c56b5438,1,0.9999542
d0fc3dcd78c3f286aee83d654fa23cb457ca69fb69def28a6ad1d85350a0d081,1,0.99966085
4b617aa3be292769e71ddbf83c325f0ba008136d12f20ebede005f468bad7f4a,1,0.7583358
dbc1c72bb72342c8d0ba7cd74bab552ece618cd3a835ed4b22f69ac53b07d9cf,1,0.9962239
a43f25c52a2027758f541671395a6f732017cd086b4ff83bcd36276c7ebe708c,1,0.99906355
ea5edeebc3f21abc60acc98984c48f153e06c05dd9dcda52bb2db05808b25e99,0,0.18347694
5e1b33fa8ed8116df8cfce41763f63a7b41890920cd4b920a4a35e53459be675,1,0.99764997
e3198f98eedbc26efe03b1f97f1655dd3f1334e4deb367a42d70368a75ea59d1,1,0.99998236
75eae6a968a72c363b9c9a743ae5cc635197452518a82a50d958020e14d8ad68,1,0.9403199
f1e17a51df5d8b78e6c0f75c2efc762c6cdbc31230bcaffeb24bdcae7cdc302b,1,0.9999901
f1e2ab943c984a26f172b4cdb4bfe1f1a5e6ab13eeb6074d542b0a1a6a8ed67a,1,0.99996257
79b78968abe9523f0304f4a6255d0a0d49de7d5a198fdc85b3e35e0fb87546a2,1,0.99981076
04f47312e4f474011c30f4d6a446f91a54c3271c249abcd52effe117720bc089,1,0.9989248
599bd9f4aa2c77ccde8c875526ba62ff367ee20c2589d5815ba356527662516d,0,0.15779972
cc32e64217224916a18ade543a98898220cbaf97cb37971c90b84e453e65b349,0,0.9264372
06e5bec6760411ba734d087fcdd90ce288870112fd7f730ca56cf002b70cc2e7,1,0.9067717
59e3df379d1bee477da8acee2283d64762b777d8f8ade123f98469ffa127ea9b,1,0.9990798
ce4e2002297c59586b007707c75beadb9c822fd0ed4ae1623bf5d714cdb2e305,0,0.9982077
72c32c49c53d20e52fd0901296d6a567b9a862ece3a09c02cc78298982e4bdb7,1,0.9943949
f490d15ce89f316968213bd19610a4162499df0e565bcef8cd2e5f6a9b8f253f,1,0.99850225
b15f0265632233b294897d0f3b592dcf2c0446f10a0920c021e49f4b5064974f,1,0.9998628
c0d37f93158fb72cd6a078ac385cea64d6587150713cac5e87376cf9d4ecdcd4,1,0.9997421
cd5be379c6cdfa10f3c8d8c0770949b6db0d72d6b0dff966412f742429382c72,1,0.9997421
4e6c73e3b216e33e005476c12c922a7300d252430c7f2f19d457ab211cbbb178,1,0.9992962
63a9f3f77e9986a688cb33dc24221b546100d04c182d718da15bcbd4a0542583,1,0.9992612
d43dfd7ef8f0b4eed04d1cfc4cc1098fd80a72c0698451aac316ceff6ad5a087,1,0.995917
773cebc53766dd4f55db6d04250f3bb8c9e7a5078e41d1ff955899191b5fa508,1,0.99376255
e11b919f5fdbb848236ec58abf69d231734e075b374e4bb04b215976f4dc3fc5,1,0.9901931
5800e3e92978e90b1463bf6c947ac7479663a8b5c65fe0025002c756efe7a325,1,0.9943949
f672de08aad2094b596a16378f0188d91b2a78595ea656586109674ede1ec76f,1,0.93973917
10cd448676c0bb916d4a35fb43237e1a7d4eb9476155147c0cc8a7764c1dbc6f,1,0.99862957
0d8b541ea11bb4388902441a1ca66378ab0a7a42a2a93d6cb1ddb6e84adb96df,0,0.6099204
c80fec046728a5b092d2af01b3ee8b6f2d03d0803be875adccb76bbb1ea5ad23,0,0.02452947
111fb2ca4add7e961e723804b7f41826ca024df47b50178a5db14653d4d46634,0,0.15792158
eab6136615ecf1ae99cf2d041f8e30107d1b79d25034e20f1219e1982d738dd1,1,0.9999821
d3c2ce9323ba8fed057ac61a57a71b8719a7a6a431df3777e5b5c2755f4fcb5d,1,0.9999933
95f2a0c49174d7ee24dd3796aad55be80bf76f3eba3d539641f42369b7cbc60d,1,0.99999523
2910452b61476829770cc584534854047c369a1c0780344330c5e1915b54f695,1,0.7362037
b8bed7400576981d400004b58779ddafb73584ccc7f4e62b7ed79d8218a1cf81,1,0.99283904
bd636613dc9fd1df0bbc1c75058772bab2971347b1e256084f1ae07af923f49b,1,0.9999356
4c88c845d9a9c6235f8c6e78cd38b4fc8c33699346d145517bf123659cd2de89,0,0.0072187153
e70495d94b352fb8a0295ef7f8a72de603321177fc8685c8c30fcd0f0ac4031e,1,0.93609643
54435076079c322727eff232453b167f86500bac78a3cc0986f6096f51bc4580,0,0.9874341
aa35bccf6906d0aef025f0914533a1bc20a201db60b61b26dd3962034ac072f8,1,0.99999523
12da11d4b19f9ac730b5abd71a057a4f3b9ea0dc448503ed03fef400720f486a,1,0.2354871
7d934726bd904b947fa07d322a175b68e7ad49754305410c860eda06fc1e8f1d,1,0.9983833
369ef94b796192ed816e72ffb0cb61f18532f521958159bd7b05c319ec7b3e0f,1,0.9958116
71416e41aaf591e929bfe07729100e14a3b89712077ff54e45ca1e40a6a031e4,1,0.99998
1e6fdd4112f3d14cd1821f0a9a74295f2587777f12c84d6434daa85e73e159f7,1,0.99976975
13c87cd43af02d0d2fb6ca906ad557a00a2f73fd2043e2d2ed01c2c5f9c10ef9,1,0.6211299
893d56ee38093bc1f290001129825737104633dd440fcecd63974b0f9947f4f3,1,0.9997991
2f0db9a9c292c3fe71a19b1f014cf24a9e189db16b1c6ce23c98d4684991e600,0,0.024959046
112f68114ea3a8a3a593e2c712fdb282a2c5c30aeb96261b20f3d49d9030b85a,0,0.44557258
bdc4398a417948e3d4ed6d095fd8cdbe6ce4ac5f9adf80a88fd8e97536f950c9,0,0.98581576
a1f22158b62b9e9e72c7fd57c016fc0b2ada2ed7689ba20e06e3878e22946e7d,1,0.9996748
4b8a9aae702a8f3c9a71c6313f99d0027d87066cbb1288ce488bc8af7cb43d17,1,0.99582505
0318b34e3032a43523a8eba4e116cfb2bd0fe1fc75fc200c7f0221ff970c0a6e,1,0.9996542
9e67f7bf9454daea663b1179b689de4d2684d3ffe905391390dafb7c02ba0b5d,1,0.99949515
a0f35e2e58326dfa55689c74900acf286f3d884e2310424ae9fcec83413a727f,0,0.62456906
f52cccc28baa465fac8736a4b3e64f61073dfc1f332b0bdcb3bb1ca2c9f23bb9,1,0.8962977
dd6a0ff8e2eba44f491c337f38b019ec486dab72b5a83a716424314e2757081c,0,0.00071596075
a1cecb7e6719202bc62ed7395cab9e1b56d7e76a6204a24f7466fffab183c110,0,0.005247666
f7ced38978ef30e75bb6d95de5c865f0582cb348ade9322f90b055e4b30d77a8,0,0.0022035148
ece5348be34839e03e3beab92f06b7c01952126190ce18942fae69ae9c32f270,1,0.9972013
b9cd8583e6066dde91ecc702724841032db2f254c4b08a86c5fde7b1eb534575,0,0.00048509872
9877d71f39dd5bd981d5a5b40a06342e12c1cb0cae30218e6a65b196c4cf04cd,0,0.005016214
8930728a29dde033c4442871907f6af9269c3b923e15d30c026a1a739971aa9e,1,0.7583358
954ce7c410868b399615b866c4960d39e50aae37d341ad191c4536fb1fa89e3a,1,0.8007916
3c6af36f9f0578f236154135516880b9ec336a234ff53389f28e37a626cd74ff,1,0.9432081
4c907b9394a2e52054432658e39e766f0d9efdcfc1589986cf741efc6c9db286,0,0.47497436
6699d74cb4bc7cda14faf48d35b5eee41d38c3b0851932849c61704f98f989f4,1,0.9389693
6126fc3da2a88ffba04872d4ae4e2fede641eab849b355caa702607f897fc3e7,1,0.99999535
87331a20d2a332d63369e15cec903d447f19e31b181ab44936ed6805bcd506af,0,0.2327078
9e386a6bef7fc30f2266f0ba67ca38dd7b2334cb0a7ba90c8a61069b5a2608e8,0,0.026599657
9b92894a2f9ff616d609feaead3baba54dcf1dce8217440e99296fd3e2304b31,1,0.97366196
e15ebe6b60173a80a7fc6b421ad5bc59d72404eae2e71ff1b0cf530b20c1d886,0,0.021316191
924e25469bbd2ab2976a2f783059f06cd18eb638f4376d249af3915cac972481,1,0.9991437
75b95ea75b37ab35972f9c474d1698dc468057a94475124662f536561abb5e5a,0,0.8477789
8c97566186b6ae1f3b0c9f122767788f8ea7e75992a6482b1702662ca9986fca,1,0.9999821
998efc20b1011d827254de274ed42de88733c9dda982dfc7a3e4057849ea8bba,1,0.8218517
189a5ac4d54ca955752ec983f223b3ebe253df4493f24965594a5cb81d70661b,1,0.9999645
6137f0141c46ffcab0ee08087bd33a79fdb79f0248fde0fba4a3813f952289b0,1,0.9999901
328d27b3480fa9ecb9cfb04010f4ea072c0a59683e5f4b7cace0913218ced08e,1,0.99999523
73b79a851a0125add6a0129532f92f530d2953d6ed79d57c518440fdce31efdd,0,0.9293971
c0e8bef074dc2641d57afa56aecec355c739f16cee08c4b9ddfa8b38fc0cb5da,0,0.039530396
a53f5d5edaececf058f7ddaf1242f5593b113a7229765073faac7b4981c25d1b,1,0.99955386
ee70c8a57292226a37d0f983eab66aa9f5b8a47f66c79dfe28c060dad4ca8735,1,0.99999523
eabd6b197a7a73cbfc6f50f6080e4a62033510e1f2880cb9f45ba31f8b202447,1,0.999985
7d45f8347595acb2b1ac4d9fc960cadbdb5ae3a01e0b86f07811f2b9b35eeae1,1,0.99990284
c48ccc4f41328f78f9652848551799daf8bd3804c46cd128d766c0a5a072467e,0,0.9897718
464e083c819253fa3d48a0a7c609bf0f416e4aed138f228d9787d8839c7637bb,0,0.9838088
aa929272b61178eab1e66bc76a246af25bacec100f8b5bc945d494c3f0d511e8,0,0.08807592
646fb8ee9cf81163ce4110ba6d30faa89905fe4bde3dc582809fb7a131cc9c4c,1,0.99951875
72e6b1e6509c0659fbbc56adcebb731fce84a6ad9ece8f0f8be1c31633c091ff,1,0.9781262
6fdb4cd67ef929b1233c2b0b17076998577c04f48e179b16438e02ccda02dfa2,1,0.9762477
491e71727b3c9279ee9ea4e0bea3746ef064c4eb6b1aa6c63223cc5505599aef,0,0.0321764
85ecb5c760819baba0368a5f67f9ba1c4e6617e43d757afb3211ec28f6ff55b1,0,0.15144137
280b64e98f907854e9186c7189ec8b9ddb9194d705b2f800a300a8d986a110fb,1,0.99188095
52fb0e3e11a14319a6c149a0c3bda58b4823f58c13233d2976b13dd151600985,0,0.9959565
76e0da46a148dbc0cff807c2f3955f73f56cdda01f53ba0af8bbc0f31f908385,1,0.99993145
391065573d235a5cc8bb68fefd06ccf3c7cff9095d8536b877d33e2a16efa449,1,0.96021575
c7861ae3e8895c24451e3ecfa7fe9d1fc30201549ce6cc8d0e62962d03a00e20,1,0.9666826
c4b13345d970fc5d4b0795111d5eb71b0c990f6786924d262cdb2331ce72a028,0,0.28258777
2756ceb20a6e282b37caf0525ec0d76e86bc015f27508c9a24aaf9245021e1bb,1,0.99739766
8963b2fe247dd718026d18341239d4e99d69b9c084ce3cde9971808d1ddc0366,1,0.99981815
02490fa9f472ec872723d64d03402967e77932d2df72c588b0d7a7df9e17ae62,1,0.99309844
13d96fede8e9050f5793e0a1e7fb6380374364fc060a085771d0ef7155c38883,0,0.36709395
3c54ee3e6809101b186053e9bfd1f82c6c220508f4718161d11a44b9c539aa69,1,0.5670823
e245c27b1043f9c77ba3fa56e00f35c1fcd11cea778cb3f1bbbec8750f9b6b19,0,0.4576039
31763424c3572d2402eee73fa68d7a4fd1c202ca39d1fa00df6aa0b2d47cbcbb,1,0.99998605
648b09f791ea93df1fb001db4e28b543943a4082ab4a78ab5c30c58dea9c367b,1,0.27089593
6cffe38eff1b17bfe4e98378123239affc497beb56319f01e9161fdc72bd5061,1,0.8779016
09be410b790d004273cc2e976095277c8e7c2f2f7d5b0163f0d6ea2e79490547,1,0.8779016
11fb1f45fe9e241e73890f5a4e1142e5b063ead8fd723776d342ed339a23d65b,1,0.2715132
386c021ac1b90e7a4ba6a06ffef07b4138ccad3b8467e7b8d05e917ba0f664ed,1,0.99981815
8128425b87657d454eb6957a1fc9279ab2f3a63edd46c1d157215b7d83a7a6c0,0,0.00332487
5d5357a16181fd6edcf0028ba5e0196f2b85b7d9e290af56e781f9bc98c13f24,1,0.9980222
f0410e096047d44e4e9d4e36e9f645ad3af36453dab6795c23de7ba50f0b7775,0,0.2273477
e9b44002558215225c97ba44ce9c60d5d8ffc3716675df50913f1f48288272ca,1,0.99995387
a7c65ab6a5519fa2f14111530ec681459c555ab6604fdca4bf2003f4a135f226,1,0.99998105
164faa3e529452c367c01ca5b128e454064b11b53ae5c6663bb9f0160588d661,1,0.8891697
dfa76f23cb82f596d0f50531bb1b07dc02d792048f822a203d80fb9470beceae,1,0.99998236
fca47ae0242a2a3a92300d7631b973aba7cc4b28ff073feabe3c4218b2d23f64,1,0.97813684
c66c663d8a0216f1c340be3e982f05032293434f46952003c009db603e1163f7,1,0.9998833
984e92face4720e6bd38225a916f7f7f1069efc65eb8f9a110845773c11f34d6,1,0.9999901
cd7334623e844ae409fcccc1b950c5ce13f6722eb1694b5c885753ca948b8ee4,1,0.28000775
e8e388f1eb3b3fcdef8b9ccaaccb6ba5a4fa79e5fd36bcdf659fece432a15b33,1,0.99538785
22ff0ca8c0ea990068278a9aeb0742882a7727825635b9b57b10f91be2748afa,1,0.994753
b3efa89e43801ded41605546b9667b9202f07cabbafa320481d035cf06467b2d,1,0.92912894
15a6721d6c7ca6db06e03b07aa7825bf87db1e95bf127f1f4b7eba7f7274c7cb,0,0.022924894
c42045d236867c8df668ada2b7185bb348be348712c7870a392b2090a8e93579,1,0.9999014
d3f546b172dd3cc7a3c556551e36515326d66a18bab32dbf55eaadbd0cf9f3fb,1,0.7583358
5eb32848a7df3520fb47349383a9c4f8ae4fd41a656d2517617684f292501822,0,0.008784754
dcaecde6b41c6ee38a01e76db90b50a039511a1cd09ddc1dc7a54fe3ade222ac,1,0.9997683
e2ca049be190fb65cadf898dc169a67edeb17cfb2c5df07b47e2a4d1b39f2e74,1,0.7349185
ce4f5d70d29149aa0dca9a7a83e504b09c89e685018017fa8861326b263780ba,1,0.99890065
50e7c0e5022e777ccb23e37bc002ff67fe90bd780c083097964ecf80486acfde,1,0.9406672
3ff40b72d86ed9c0c7fbb2b3d528d220f4981a816c44c16ec935c0ae7c2db5fc,0,0.19769059
14b76e3a103097cc8092205cc33952a124310a73ab60a21395f96cf6beab410f,1,0.98496926
949c1e57509e0e8e25fee3d7c50f1cc8fb5f6e2cf40f5d64f737a0a9a2a2488b,1,0.70904475
d68b3e0c83126158a22d85402a61aea884d2e356b719972be4a1e1750662dc3b,0,0.9916248
92222f461a02dc599de11da47cd58a559f8475c980018026775011b5ba17695f,1,0.99738747
125266493ff672407329181c02bbf354d82e046bff31b8dc6d26c46a34a2acff,1,0.9050787
cda83878e6fc748885ce66bf6e5e38f51ba1b2355eec0a4d47fc75bf95b69d13,1,0.9999553
040545ae70aaa3239816e281fee41c1b6cf3106838a07d8baf1e643498f91678,1,0.9966091
36d1fdb0e4eecdaaa2260aedc3d552c48f00075009d880eee0f6d60a3151e40a,0,0.6701837
257184cb920bb32180122cd5c188bef42c88015e8d00b64e8bc2224724433ece,1,0.9996768
d3686fad3f89b7f391ffa1d8398312e40d5632ffe550e371e8ccb5406d718e33,0,0.0014645716
f2d54940550b387ae2493ccefdc5f9fc7e3cd309cb41db68a1fd0e51d6373c2d,1,0.9999739
0c4c048cdd6d7aa5548c215bf45f5cc619af10362e38e4ee8dfe902831298a6a,1,0.9772405
4edf5893732c282e3fe499c859018f4259beb81a952aafcb3bdfbebb46a4750c,1,0.9956481
6629952e0763d58d9307f18046ee6ca7f4d7cf120277361b02f3c0de647f7bd0,0,0.99664956
3dab7a004cb59f14c04d9d846c54b6ae55201d629ebff44df4c40b85467432bf,0,0.507515
b5fda58d34ebba4f71c59cc000e24f9a2ca8491ef3a35e80372d017a8c8a303e,1,0.99384177
4d5cffe79fb0389b052e95f3dee775117adf7c8df782f7cd44b2ed09431fd73a,1,0.9993315
793c271dd27c0c8792c7af2b8cdc9650a517f62f0d307ea16f001330895d422b,0,0.25135383
de1e7eb4648251796aee55007d220afc4519676d5f79e8fde930611a681dfbff,1,0.99797446
f9390ed1b64b042b13ebc5d9da9f7856ab2df15bafd4e97ca8ebd5169f155297,1,0.9986198
a56f964873a9ff3de9466d45eed112ab1a67866c9a78d931cb2887995c74c9c4,0,0.89562136
a36a12f518f5c7770382bcf2d87ed5f119a4a15892dbebd561e8f32e0dbb288b,1,0.8434997
66c66fa679cc66265a202e72f788f1caf24d3cea2d49b4873e524212de353440,1,0.9994493
b73569fc200e96ebc5220db4eead09746d2e8776c207923a4637113e6fe5f19e,1,0.99949515
eb91339f8fde1f9891c21c192a4476e6adc1d7d477e7090db21df2444df25815,1,0.9950707
3091d6cd01c86573f8746f98be1be0b6d39dccff8b3eff547e509c51032676ae,0,0.79662955
3f2f95398e1af2b3eb8aef1780674d9189e9dcbfd5be5762989f281ae8653e17,0,0.7745418
325400297284bb47392137d73b331d876166cf3a9946aeca15c06ae2b27b8d55,0,0.082369454
612aa938fbf567460462cef9a86e76ed2cef339b2413873c4b10a6b4a78bb88f,1,0.9958106
97688e8fc13c7f7623b9d13926a855ff81809217ac37968abbc7db7d9e9d2246,1,0.99738747
dcd322eb03a73e029493e35a933c358fcd6861f7b282557d618739a8a45de283,1,0.9668246
6cf334ec4dab23462f29c762cce050459eb63bfbf84f5d12edf261605fed28be,0,0.059383325
c825c8a85f68a0ae47ca995823d5031f7485c2813d6722612aeb4b3bd3e58cb2,1,0.7583358
960eb5153b6c237af2690dd669052c2374cdbb91c5c2938ce15ff8f7b1c923f4,1,0.99954647
1ff50ad9b9779204010f7de97999f444beaafcdb1368789d1c2a6e0d9ab3848e,0,0.14144526
16b66060495a76c6e26dee04a70a78405a78b266da2ea3d811e7153e36689f1f,1,0.99985504
46449ff71ff12cfdb7326c15300b4b96a484f73970d06ec98b49647fd72bf1dc,0,0.99070144
26971fdd34cda3ea13f5473b4ed49c6b9600b7e8e9222e9f6f778ec3f0725c09,0,0.0049407696
5fbe950d3e445a5224fec2d1f8a317df3288308e86af8d7a3d36d3377868ab6b,0,0.5141958
d90de36f7bd3130187cc5bb88837840c3a86876b0ee20b7876ce2ea0b803e054,1,0.99291694
e4331b9330e4653e2406ed0342545f2cbb3bf40d051a1890ebedee11923a05be,0,0.18189384
0910d7f20c9b822d96481d5b8b5dc2fab628298c9c1c8ecdb349710dd9b655fd,0,0.9049546
f7f89a6904e76b29b60dd2c0b10c531716a6ffadd46dec6a844cd79d265a4bc4,1,0.9998066
15c9c8c679ae537684373098da6f9577bccc8ab763f643522ae3cf1b882888fe,0,0.060217913
df735ed30ab70e36f1d915d069096066a5b24c9b4cefbe2c9a59946f98b6d2f3,0,0.035486054
eebe9f140d96f8a9404f97d607c808457e00de6c97ff745b30f373492103256b,1,0.9996768
a44388c0691550ab3afeece9f5ae9cbbea821b3ceebea2f333661c63d4a0e15f,1,0.008616717
ea78a88ebfb790864cd5b89dde32ef0ab20fee2525d7f522f5071f15cb0281cb,1,0.9949538
0f955c5ffc1ce0f4d72121b26546eb809975694fd3a7d227fb300d511fb500f6,1,0.99853635
1b6c735e332f70e184f4aaea159abf3ac7b3e5e4f7eababfd17bdad1438c1699,1,0.9999677
30542266c369a05b3b8088472cd82fbd48a0f362be5bbfcabf01fd05950debcf,1,0.9984322
e726dc1479488a326117fd9c077a8001f91b365820559dba83649d6f25d393e8,1,0.5132078
587fa18d41f3b6405ff6a65a5f7ef055029c384576331dda80769528dd71f53d,1,0.9999659
cf6be0269411a4373b5dfe74393e14bb61d38e50252f8575d2af79c2e53527e9,1,0.9249475
2548848ed8c220ae4b6f88764ba9dd5ea056cca650898187dd684c49d7bc6196,1,0.9943949
f279ccb86219ab27690cda8c95435b46ecce8420bf3fe6de12f90a231c57c9e4,1,0.7583358
9772bf116db435ab4a7d556061fe0554fc1433ec4271203a675ae7f61e2e7073,0,0.08023672
03c7b1dce76bd19188c7daff1caf904d6ed6682ee4d087f45d5cb77e43f39420,0,0.99148995
813372a012fbd5bb638f4e65b08491ac4371bc845484dfcb08dffe26c8839ab4,1,0.99727076
36810cdd4a969d548eafd70622a95a3a666a7bf8e1ca1f94cfa69f6f8ef287f3,1,0.99988735
f77a62c36e240ad326e752efcb51fd27cc1c2180f0148c085fff91d4c8cf7a4a,0,0.4270314
bb899b5a9a5f4cb68b240acc2dba1c5bd6575eaffe26d39ebf8a4b308ce4d101,0,0.98581576
88890076022bcb95fcd6c7fb9a303ec9d34569770d11839bd6d945644f037489,1,0.99628806
0afc522b98f40051b313292f7e5fa9310ea866d80f46106ae5e1352b673a4868,1,0.96529794
c47bda91eace7ff39a96e57235ca9003d5ea7bcf6bdb7ef4fae95e28eff9bb44,1,0.965883
ea30d8dca8a7525db5acdd9269912e26747afe62c67888c4ccf714510282104c,1,0.9997055
7b36e702c0d508178fce87647c6e306dcee2e43d503933f4b998eee9706eb352,0,0.9585228
06df3d96e73ea10f6a281370658399e60d19815ffafe7eb798bb06bc514a2e39,1,0.99492353
6fb2975c40ed78326bb70f1f6bf888cbfaedd660a5385e06e3f2ac5770d476e6,1,0.99697006
bb50009948ca4cbab16fec6714dac6b6a598cf22a8159183e6abeda980f04c73,1,0.9725239
291a433afda12af782337ea0cbb32f835d5a626d33e32edccf2661312fce35e7,0,0.005023814
5a1a24bf5deec33bd43db2494b783b6d0091df6d340a406df7634e3ba94a36c4,1,0.77358395
ed5e6eeb2ab61e4c09728b91c3e33569322729b0a2b612475363c65bac20a7a1,1,0.7583358
860c5984b2cbddfb2067c1af3a7a6ce256373fa5f0d66c9185b44a0bc1959d6a,1,0.9999105
7100a92d74ac49d2928edd484de3733a0837c2b045e05bd59b135829cdd267a9,0,0.9967288
ad2a44f9e5f527e391428890e978c24dca3c24622feb4c23a3df923f5519dae7,1,0.99637455
2161ac9dc05e3d7e7e6b7d2c5d25fd3ef5a0179505532de0756789aafaa343ca,1,0.9662877
d491928e26474b1fe86d91d378b3e1d661b30542810ab80b6b73ffa074f603d9,1,0.99987173
9702b7683f2fc8592e37ebf1f141e45b0ffabf940512a574fd97d0f660f9e787,1,0.9999311
6ec9ad2a514e45b1cefa06bd88a99214c1bf9a86efe8935336830f4acebb3ddb,1,0.94683206
c2821c1b0de0a9fa495776e168d5756da54fe80423d5f533db9d8eeb093848c1,0,0.061734702
98b0da291e85b3104fd261e3fbbce5e894bab883e4461533104b3c872c4db1cf,0,0.0108531825
815177605b8a52fa9fdfb7f0daa27c001848d9adedb74ba6eb6d5413895f3d36,1,0.99945194
bc1f3c2e8fa908378d9b192edb6a3517cd909d292631954c8b78b59314efefb4,1,0.9272012
12fc652a1d6db3ff9f3b44a494f8ed767c3b6d45765de0c81b04cf47f4a0e652,1,0.99969554
7e7a1b9ecb250c46117ade5ca6db0f76928bd382f23e06a5d8ae50bc34ea14db,1,0.9306797
a650abf97f5190927da557231784a54079d9e276862ba45029f64b020be21cf0,0,0.15045582
bdaa2ef746451364fdb721cff86327dbfb2b954886c1fa7bbfa808d1294de6ed,1,0.9999794
7e2295847275e55e5ee79179edfae768af7f803f3fe13955c15df95af193a581,1,0.9994336
84f383f8a2c1f0cd1218596689868ffc13ac7b199489dfaf5dbd43788ef0a760,0,0.9984547
836089afb5c8c622c44b71cf37097c1ce8451939a7dc0b468aad3e35dd7c3b2e,1,0.99215215
63fcca185d4b6d8bd2da09ce3743ec9ea6d043e5d4dbe3bb01b5ecf2c7ff550e,0,0.023381896
23d60da2124e4fec62239892d11409bf6a6a42e5639cd2728252c3b274163c01,1,0.5333562
1031a095a31a0a1799fa3315f3e4ff3c43b5b54e57186584956d6df169db34c2,1,0.99773574
ba28a236ef2c2551f26899f006822a1f2c8b25757123a1180625de69f30a9316,0,0.69500136
d1b1ddcaecd4d1389e79e633c769fe22ce0abe9dbd1fd7e375477d85125c0204,1,0.9997683
5186db04bbeb7bf1652f500917a56a0883b6e7102f9928550516561dae97feb3,1,0.9998258
4d828525565c342ff0892c6dec0f552c904ab347a24bea0e3e57e6bdd6160fbe,1,0.98859566
9d9c9993f3182768408778fee9ba948fdd01e9ef9f5cc7a8d4b4c466a88eba84,0,0.55884665
2b7e390ab68b114b79002a9a11da88961f47ca66928e35078c9ba73e5f1e9531,1,0.9960238
22b21bbb236391a8f97f3a515026afbbf3b987a9acfbff5b4fbaa4c53854ed82,1,0.994779
9999617511cda385ead05db50d63ef094b205b111dbd546126e509332231017f,0,0.029022466
54588907b7e2f19ed1567ccb008b5ab5747e0c6e52395fd55b6e3fc322c64c9d,1,0.9999598
443919a9fce907cda3f14709351f525cfc16d9fd9731d1431d2cc78e3dd78741,0,0.050581854
651f3b3e3fd049235bbcb7caae3d8c57d80606cbf17e6d0d1bb7d3df2e58f3eb,0,0.41845423
85c57e19cac57669ca25ba30a67bf3835342e6e6c3e5a79a66b36f24b0fc2468,1,0.7583358
7ea05fa332e6fb2f1d2ee4dd1dcc11c1eb25d8ffafbde3be589dbc44d997de56,1,0.9848083
00c4583f3818814baafb3353fcc412f5ba6df04c99d9df832b39acecd1508b2f,0,0.3311474
df3e751e1dbeab7df72d473d4b54894a315d45b09f64e552f131835464258cba,1,0.9983714
9d9afbaeed2f4d52782951e7ea3079c5be06f934780a8f473e736119f1fdbab5,1,0.99990726
72b5305a16c07d9e75ff5e6e95d733bb1db4658222a7592e52e83785f28fa526,1,0.9799468
5bb0f6011e8210877db3c810e92d038c29cc7da756933109a188f4b263ddd331,0,0.9801043
e48504c2b30ac9eb653822ffd8372272dc797b834472d7b4a48a06d2bef6806e,1,0.9999621
299f1e783fcfe0a9637375422787796d0c6f106a3d61bea0fbb77e11296779ab,1,0.99999523
d2228d5b9d4cbb4afc8a17393c7476c1462e9aa29048d738f0931c3f0a2b1e09,1,0.8824745
ead0191295ec0b1fb26025a59d64955dd91251fd263bc30095018b9eec1bb4a7,1,0.9937202
d6f2fccd84629e2d0156932a557d9875b2ba0837a376df3c71f0364b360092c7,0,0.9258843
e6d6cb7a300ac1664b438b677ad1a284562b188aaed9c397e239a6ae694d898e,0,0.035471287
e4c53e7f0e61ce355593744fa06eb417083615651cb398b57c76298d6f5e9e68,0,0.5060885
9ed4b09cb9e373ab9ef9b4ef699e6700d9ecf376b90f67bba5967ac00f5285ce,1,0.8290376
2b20712213d52d053893951154dfc672fbb209e6e3619649c437c173beb9043f,1,0.99981815
62e0025fc0f1ce5851a9bbfaf1588bb9778bde64f7263ad262156c888ef75536,0,0.9983644
2ce7c23b98b9ee0299a879d9eee34575f2b95d6b20602057fc1dff189988846b,1,0.17648439
fe2022ec95f6ebd4f8b27671311bc872341b782cc860aeeade5bf98523250e88,0,0.0036680922
982d0c951d477bf8fdd7335e36c83a3308062d89ad7ca1f8b3c80dcd7c9dd72f,1,0.57488096
a445f658685ad064cb0494423878593dacf111234f3c01d87f42029e59495962,0,0.027138926
c80c717ccbdd1ff295123d83feefda2b94487b3f92fac65e917d95c12968b992,1,0.99897647
f475dae345a2a682afe0158fd02a92366102c30ad511adb7147a540392d5392d,1,0.9989287
ccfe2390bd2b87c0ad39886185d277766fc0c56c1eb7bf3f215e17d5b3804e7b,0,0.6160316
9855801ce61274b4c9e0dc37d0f9aa2e7dbf7d7c0d7b89d86398478d389e7a7a,0,0.99877244
937c12b9d60dbf7b8245f8abb2d73e874a1765a7dbf8017f9e8a53d795da6298,0,0.0374919
2d0dba5a6b644efd13c631066b7c30d97042dce9630fff2c2a7b98c958b2ab65,0,0.0066502662
026ed9816b75945ec9fdae972f9436d5215e04cc4ee627599b2b2d9baabbd73c,0,0.9980546
3205b63bcf744c5f4e7d5c4ece2562970c65a661db9a92ab11ad782fff13b3b5,1,0.7583358
d5691482ba28b3f88207339903c5c2c70bd68d086630aceb8fc8d872be3ab353,1,0.9990527
09015638f828742fe3ce84895522a669fc028cab6f6236de8428d700130619ce,0,0.8466483
234831d8711cb145306a3b3c024d9dfee4c2a8ed28566d0ee4ed21ae6f0b6a73,1,0.989829
aea8d5eeebddf5b595d605ed747ea6bf5c0646df9328114e8bbd146a309ba1e8,1,0.99991775
c0241d5b6dbe5f3093651eef6684100b31742b6c14bc91ced05f53a17a882d00,0,0.03188642
2087ccb36433adbc47ec064cdc05c139aa1fb31d18f19daff4e95bd5d3fd3b50,1,0.96639454
9db93522bf69f74b25d079d373aaaca9276008f8bb51298b2087218a6a79afe2,0,0.60182863
0f400e7ab0593f6201613a8ff049eeed910d2065cc693ab2a5136ecaa6997750,1,0.99949515
71d94b183b71f71988e80e91992fed619e03db287a722856f1ebaa3672b389ee,1,0.9997683
dc6fb26bcf418761ea20fc54a83d698df9d86537b1cf205a9021195b54b54559,1,0.997603
4c72ffa336f5265f445dc8e9f427f8e52300313d755e5da5404260c7b3eeedf2,1,0.99991786
02d4d61b591bb69914b2ca948708701a7e94d14c016c2d3f397de3dc47404807,1,0.9851481
4e7a3ceff4a2b170b7538c17175bccea8d3a2e88a844a9209f94227ab66f4e38,1,0.99999523
e6185c68f4f013e30d28f7633f8f29f620f27e63edb884efce79e20e8d0c0067,0,0.001713881
c0a22b664867fb8da671f6441260252bac8b7c8f97a61a622c150989bfdc92f4,1,0.99987733
f6f27ef99880e4d530e8381a2607960dc37db9e0086c2691d8b3b6b7559af135,0,0.26530874
458cb23fffa945e7b763f18529b2abc275d789f8faf409ebc269d89d09ff5402,0,0.037403356
89d1e611a75db07cc193c3db5a815690d2838437b901a3b69dc60fb15cb64b43,0,0.73745424
6427814976a6d962529c76ea42390ca1679e6f42da80044b551f48fcc64bb460,1,0.9877586
4790256be5fceb3914b794e14a6b6c5fbe0a5e5ae3d83e11ee494e16068e12f5,1,0.9995883
5f2709a8654c569abcf3642d71ea655072b77b67f317fd93fe6f9150e68433ba,1,0.98923594
ebd26f02ec0c2bfa9235cc9b1f6cc548aeaa263cf9be902d56606e92f41306ff,0,0.1152947
2e4a5d53702455641a69bd212d343822929a05c829b8e5f8d1713ec8ccfb3090,1,0.99998605
4f7f0b7df66c0a59643d79d4b6e387bcd694c60ffcb6df68eb93ea2fd14d52a3,0,0.9926116
8e9b24d6f024e897dbf5c8371f64ad7c1d9f26bb3f3049e6813c133f2ff0968e,1,0.9959117
b275fc6fd33b1657f698c510a1d594e3534f5bfee930665b68f6827dd8308f71,1,0.9927793
7bac31fd84883f5c642f8154b6e17b0ca129e0293481190c1e31f63d668d7542,1,0.99887675
5952e723dadfe8f251afc6ce6700071f2bcfcf1eeb1fb0d959b6cfa1538cc610,1,0.99830735
e2e3b7177af53b98337bcb004bfd2d064359f5d0026815e2504d11da6172abb2,1,0.99967873
91f2b1a8878c9a1804dc4f8fa4f1cda5971d5ab08700a847a27538ad280e556c,1,0.9999789
d8c09354a23ccff87956a88467c64aa9110b85885a79d2c6ced4c8ec3baddb13,1,0.9924787
fa595d97107c02e17a88a9d34ce888c087712ac6553eea2dfbc71bffca5721bf,1,0.99596834
3c2091a18d0ecbcc69517138173262420ab01bb25de74c99672fa1349b8e7c87,1,0.7583358
1b4db3500d1cc802e84067edbc51be6aad916838d1e08a29df4349ecb4987402,0,0.9975159
449d3877a2f32a51f3d805887ef5975ef598cdba81bfef9a104b0b3ebf8b1cc5,1,0.9987968
cee06d0c982b7663ad2db3f76a23f680777b7b1155b240e61a88e0e23b884306,0,0.109097384
225575b5a5a70102c96a63cba775ee710e61c23e3324d9a42206e555a0b061da,1,0.999894
4b6df9ee23acb64c1d0c4e345770b0dbfab98535dafd0d467a2ae4b51c03143e,1,0.99714977
2b87846f0587f6e557c6c94154d9217b7a874c03544aee5a3931e2cfada3aa04,1,0.99998426
5be4f8d790ab2db9a490eef712f9115ccd06ef8f2923e2fde4445bfedf2da8b5,1,0.99940586
9ef117900792118e2ab04fcbc1b54eb18fc74cf2f32c20685a00644feef95bb4,0,0.26224032
6f0bb763352db4387774e6760a02fa17032abf88112833401e56f109a536015c,1,0.99964285
266ddd3b437379198ced41227683ed562a3e5a1acc11d208e652acfc5b9a452b,1,0.9999598
3084166ac1f1bb146095a32f7d3f17b8899e784117df79c117c21f4feac31a47,1,0.48094523
b64d016ce4456daad77f01d01ed663dddfffc1a138c87d799cab65f692e1a763,0,0.650838
b942b04d690a5d1afc4b56cb190ebe7af8d6b3ccf40a4b3413826fe8e7c8ddde,1,0.9570053
33be518d96b5b22d991699129c039e2a111374a14310e45d77f248c99fc13af0,0,0.9976433
2db897ac8ca3a51b75844c619d8bf44d5a7383ad0083fc6076ae1d3d57110f09,1,0.9647607
dbf1bd47263affd07e21a69060accc453254f5ef9b0e6f3cd4fafe669784e1e0,1,0.99999523
ef91e46b142a375e525d7e48704c3d518051ced219d3c74ad44adca911c62754,0,0.004277169
c04e1cd0f74cd931e5eaecd92857921811b29da6d95896d40591d23a692f925f,0,0.0006416866
640b8ff1a4d134aa5d5b26c4bf5e7cb45cf48b5d3710b5a0135e3caeb399c724,1,0.7838234
c201a60d69f133b8e701c484bb38a20ed9165214b00e9696088ba320d6b46e43,1,0.99980384
88cdaece1afb2ef6c9febe5240975538ff725ca54ee8580d14da87a7d81bc287,1,0.9945957
4f56bf1b529b35698557ed958bbc856fdccde33ec2941385a12b3496cd35fa84,1,0.98812044
afad66fefcf8be261a8f26586a0cae6be7ba05234d7b0669530d1827c450de5b,0,0.98437977
85aab8c884a3b1b03f20f5a3f302e4a7468328d1cee374eff266e071aab1cd38,1,0.9944906
3d53b3dd8af3aefcd008b0b82b18debe1ae0e918200c21486cdeee33e55836dc,0,0.23876022
ae0d4585c0a66b2d9dc0b19e7fbe3f27fb5f5924b11b0093fe1c1da3b2e43952,1,0.99966085
b1c29bb852c15a186682d1fc22d5d28a24e64d34eade6724af26dca8715586ac,1,0.9827046
282602d8bd33007f1931707a3a97761f1ddd873afe1b5efbff7a85d566e58d02,1,0.7583358
3b1317a390ea080be65763c3e41013c8f69aa08bdbe6cada0610e96d0bd4f1b1,0,0.99900204
baa0eac36de530aa0e5f2330984af65bf53770586aa2dfdeed3641a829b5d242,1,0.9997683
3b7c472fed57017972521188ea65b06d3aaa4afd8405b1d2fbf78dd0d240f0d2,1,0.9850032
4733506a7d3e19f55674cc05980df12d72df9ad54150e1d8a1b9d63122e19fb7,1,0.9987596
c7afdc09a82e84f24fdc34a71ee1a149f1d76ff41bbfba1ef4879293fab8ef6f,0,0.963741
791284dac71569b8ee0a8782900cf25379b42a27c93e1b2d66e652b820820964,1,0.9974147
7ee506a86db1a58809844526f9ac975109d5b0f15c2833751eb18be6fc327d57,0,0.0007520388
583800191a6c9b65ca9b2719f5336d3cc596fedffa5904ba3c0f6409bfcba9ed,0,0.0086081065
23e7275b5e226f20ecf0ebf5beef3159ac148192febbcfc3a813dbe5bd10d903,0,0.03557969
1d6f68a3dc565cadbd836283ca6e6841ec690df12837e01230b8fa41f950490e,0,0.99466324
519df374671725df52a55f8e6976abd63091fba4258f4b1937fed40ccef8ada7,1,0.9958325
de43057fe63d27536dc7b0a5072dba133f66d63ea306197547765fabff9f3c6f,0,0.9759369
4a5641d6c7c0b53f3f3243d5eaf4eeedf6642bf26ee7ce0dbc312ad12663ecec,0,0.5774769
69d0c08e280998e842fa98abc1e0e507fa1aaae65609f228f9bab159c35e6f2e,0,0.00026856325
7f1a2d5a147df6f984e553849b1aeb55a430885855fedc7cab9c1910589aa67c,0,0.0025600002
b464cad4b3a2973b4250633df9464eec8b00ff60d79af515b7ee50b9cb0164a6,1,0.9048354
3a60b6552b1e9101ac0e81d5ce1e0431522515d1f05883e199631e934c76c21b,1,0.9999677
064be90134e4e890a60aa7c2e03592069377f1dfe1b3e0d01238769975051abb,1,0.9997987
19f2781e1a6c6a660872fb8ee89f666794d73fed12ba695495e9a6f61513fc32,0,0.0004652288
e78a38e27150bb8fc845cf01c7ceaba0818484113eba9fccf0ed5170478b8a86,1,0.99763703
7bf0c915d7a325e67f7a8dca7a9a4906f0ed46d841a0ef4ef5a7b78b7011e6e6,1,0.33752397
4eeec3fe3027a18620cc7d00663cbf9807f4c247684834160360780ec6664c81,1,0.77620685
30d43f8c37c5141628331c63598a5dbf157eace6d8d0601b11d8d983b014c2f8,1,0.9999769
46795fe0f817c4c09c5f6c49dd6d5486d0721cea59a1862a7d3415e8e6f13824,0,0.07830937
16962323ac3f1acc2b3717c41b27472f767e54dbcec9ae44e872e1a093c2009d,1,0.995161
2271ce8f88b87b58ca19aba1af939b8ce1917fff9067b46a882ceb94de2c0f2c,0,0.10634447
7553d643313c25f499528e8f5a8ab2f0167c4a3d3540b403f8663192acfac344,1,0.7583358
0ce10764f8806a897c66136554215cac96a5954dda92c79222176651c7b23e65,1,0.9999815
6b86ac7a2eea89b513abb45020ef7e8d47dfe02ecea8ab5aab99a256fec8c06f,0,0.016974319
37717a834f642c49cd16631b543d97c76242e724f1d1ddf078567679ee3c2e3b,1,0.99877805
38890ab0c0947b729734152b77ce68761754fe21cb804e8316874f77bbb46303,1,0.9883597
271fad255a3397390376673340a63cefcffe783a4dd03c41f710a6148e48a39f,0,0.28176403
17d5d6ac7a922fdd634f899f0f5d6a2f050d85e33af8de63b4042f0807df2f5d,0,0.3264989
bbef7df5e6e32977c266fd6c9d22db00007e29f7b9f1508af60b3f7dc7019c7c,1,0.99299276
c179db6d8ce3c7cb881cc5a46004ec45c143cbad396d15a48a56943c97f38330,1,0.99999523
5f760ace4cc72ee061852b7f6770a0522ff910299e1ebe824781cf0709692f59,1,0.99987054
9361c0850a6ef34a92ba4a00f11e188eb687fd5e7c9901d4cbd91c84a713a758,1,0.9994318
4e6d22264274ee6cde66e1ff82751c2b439c007ebcc9870cb28b7ff89f45f0fe,0,0.99614584
8567be598d618a834c534e22b274bbff2598059f9ec482e35579ed984c0558be,0,0.78746176
efb6d28bb923d3ac75fbe0e169359b521df6c606c06f1044a77299f873eb5874,1,0.9999572
8ed2871786f769c04e89d964092cf9a9c83465f36e33181bc95a502764d8dc28,0,0.2664216
e9f2c7d71b48ab4c7cbcd66089ecfe0a38faf9af6dc7ee895d26f5dfa3ce89e2,0,0.01451569
0cf970d2ee94c44408ab6cbcaabfee468ac202346b9980f240c2feb9f6eb246d,1,0.94852555
4f2c4a7f64dc65e70234b34ccb131df7817c7bc9c1fce04310e666efd9a169fa,1,0.99048644
30186a8b88fb905cebe4f547ba1400c39f61abbbeb1025fcff7b4f52958cb82a,1,0.99999523
a28d499b1748fdc562901d0ce9dcd43f1871fb6ddfe701c5d4a6d26ac43747e8,1,0.99949515
e239db92bcf5a9aabeee2b55059233a6e4aa03bd4fd3b03a587ca96bb612dea9,1,0.9997683
a0356ed9e68d48d5f305f13badfbce82393e68a676d23e35307deb4f561dcd70,1,0.9997683
785b086190934a62581b0019169579cbe8253eaef5aae4dc6ba8cfa967b98b1f,1,0.80401033
aba0c1ed825b58c422ed122dae04a15ae0cca85e665256e046013cee0499a1d0,1,0.99625057
0578ceef23cfe7a9be029ddda59894775a4599186d2802cfc03ae184139620ac,0,0.003208253
92cad0b40ce3f15fbe12d7fa96eeec85dd624dcf1f255a394cd5334254691cac,0,0.2685428
caa94e92c02a8279f2fdabd162ee2acfe9308657ec78beee9fdb4365f9043a79,1,0.999469
c3e24097d1f94b816d1f25cd0355985d751eaddc0ff6f6530a00cd20e65f96f7,0,0.00228466
bd096351e47f8e606dcc23adebd7d36f155be6a19092169c2a88d75c687fd525,1,0.9983531
c51ce88bd3efc7dded47a1f343b50978c984dea2e286d4bbee20d4b07486f855,1,0.9989556
c2388db9dd2eb0f28a359887d84ae01eef27f0388660f4f1ca557567bc74956c,1,0.999684
2b9252c9074ab6abca4190c9c578b6acb193c8f9b6401b0d0f83c27bdd5aa780,1,0.99924767
e3500c6bea8fd621eb0d396fa421c9e57e77efa51faa5355ef77e7692312f8f8,1,0.9596117
954b58329146b9288cedec9f8c699b1c4436963e732192523123e498a24dfbc9,0,0.056437433
608483048759a9c698c71bbfeef0d2c3602ba867e6f2f1566a79fbc82d7db6b5,0,0.004704638
0c51e71d7d6d316043cad0b882f9e7aafc776a4ffc972a968c47bd0322580738,0,0.4667906
a89f7434b6d7ce7f6827d4e1b8ff75e849011e2bd09e08d1ad2518e517f81eef,0,0.0006865109
21f1f4c575cb8e9b1ffa0677fed0e23142fa96f9328fb2a29333c804551a78cb,1,0.9999658
5e4cc1bb1380728331caffaea400ba6e18a2a751907685d62e06bb0f403cd381,0,0.12389325
18d2e7d226f205b7e2ed074db0bb645f51bc356081b0e4c44c2448e407e39a28,0,0.4667906
911c27786b58ddbd14dd79279b0855d1098149144148b00ca37b186a016bbfba,1,0.24846454
83368d62316c0ede6990c50446d057dbee77cbba10de3a0b7a2d44bd78c309e4,0,0.044008266
f18c852203c744fc7fb375da489f104027f851129bf2604817fb5a634d5269bc,1,0.99940753
1addbe979aa72d59c77918530af6e415053a755a79c9a9b4cf244e4d284fb322,1,0.9803996
f90a9fb4813d7ed9cb40727922307fbe926610903a8e9d14267a0a0aa26f9029,1,0.99936074
a773cd2e22fc5a09ff8d8fac9d022104f8e48c7923a3c6b4d9bf5953e0d40e4d,1,0.9996567
7cdf0d01f4b4b15b987a74b5427a0e38f23a56fbdf3a1b13ace480dfcbd29cab,1,0.994779
62c230f4accd1c4c14db2b6742f8366fcaf3aa528f90e5526ac25f50094398f9,1,0.97599334
b6f289aee243bef95db5cb54d6c6e599fe5b6adabc6aecefcd78e14661c464bf,0,0.11462667
c59faf8d8e392d79867ef20d150586a621b933c898975f0122a0e1bf74399e52,1,0.9999553
75c79441657ed4372a59a0d8b05c2179f5cdf0d16d9e04433570e845d2c911da,0,0.99686986
6422ec477617efcb449f108e944e4f97d9fd3ec9bfb4b5d2e8652ff61c1b719b,1,0.9999572
e0fdb252b32a2bd3b8c10ff2ef05a62244bf97234f295738c6622bf4db971a6f,0,0.99504507
4374a1054ff48bdd88bbdc83698b21d8a875a1e8768cc1bf95cf0b8b3e52fe5c,1,0.963908
fa52f771c0fdf4bd4cc5aa1ba230e348d1971a944dc1c1c2f541fade0d9b54bc,0,0.8706355
d0b34eb5cccaa75b68f5f23283921986d85bcb3d8ecd337cc2a64900360712d0,1,0.9999789
a4bfa67e1a6146522669406b4fbe262b0b21a43314b179eb2b5aa198ea498f29,0,0.82002157
25e9b0fb32ee0248bb2fd3ce79f04abf5fe37960bbfb432fdae7f6f599a5a5fd,1,0.9999677
747db553870af4a7a29826266c0b2bc6e6d12a948ef299d901fef72ad23c8490,0,0.22446617
227dd906da6e6e443bdd598996820dd90816e3ba6c3ae6d93155033fcde9b1d5,1,0.98889273
a85970e0d82af5a6f14efbf0c66de1ce6d238732cbde5611ffe7b483f45b7c4b,1,0.9430025
81bbb802723619a7266e2af5ae272383dfdbb8def871894e510bc4ed259ab861,1,0.99994373
b7a92345aa3523f7cc5e07ccece663112d93ffc6da738427c0c1742b253c765b,1,0.99992204
92a8396a57e72140a78bd8dd51b8fb1974ea0003dce56aaa05d96c69a85d5414,1,0.9999825
e1375ad433678f93a53f8c87093abfaaffc7bc2bada5ea4b3420e5e5674bb724,1,0.9999782
c40f6f408d666bc0bb16dd7e8328b07a521628ed64ca0bbbc641a4f758ac237d,1,0.9999863
a0dd6ff404190592a6513b16125d0a933958f3443a15162dc0f6011ef9357aa8,0,0.98745406
1d4d9c7627f6df7ca544f70afebbbaa9b92a6fd06284cd58c5eb7781e97b4adf,1,0.99924767
7b5d4ab0bf6b8317cedd9e6746c19b547c335566940fdcbdf6736834ed00e2d5,1,0.99977607
4641128ea399c2d64089d336241983c8c6ac5a68a9b3a3e0743bf95f7d56c2d1,0,0.02042811
10fd79ab70f15dff7634ddab965641414c0ee19d53fb3310fe59c718ac4187af,1,0.9999063
906aa0b9844ab076d1090551da0ddb4fbe0a2186025214d4d25fa7a5d5a30ddc,1,0.9995552
1281f838940aba394f3a305e071365b255a17764e29c111257e78bdb4073687c,1,0.9980666
bdf0b1ca66bc6a9d9fb84ae4a2abf60bfb7176d9004a0f6d00a88bbf0ead83b1,0,0.020260483
eaa1251d50d13e5aaa6e163093228a0cd88c887ebc8b1ab40910ce10b2169f49,0,0.7382263
969a11a140d088bd5ae383bd86fd18ad130bacda86712491f79f0df2f904b4fa,1,0.99969006
1731025c521fab71bf1cd37330b871585969d4b564d1795fd18c17ec0e29b833,0,0.048404
efa71525a2a7aec3f98ae4a3c5922b3e31ed15f274ffb77fdbdbf4f2d637ca7d,0,0.04169613
267d2a44858e76c0b355a13b080eaf3e3c61ff77dd4cbfe087754c98c0a66fab,0,0.8004078
601eafbd4d318d797f3965e39c18a4dbafa380881ddf76cb13f294e58846ba02,0,0.0088506965
6c1cee35be059453edc61a655a14745c9313c90f89d33654754ea2c097c4face,1,0.9983833
17bd9cc31aaf32e15cc7cb7e0e56f26f605baae6d7b2b04dc1159c2d6af686f9,1,0.9999794
8e7ffac2728f13134da65609dcc32e09c6b587233c65a28e883a87526b894586,1,0.9760448
174d9d7c8c43ee3aaa6f2922484280c34b4c13f9a0c5e83d4ba8b0f183377f53,0,0.043790486
acb63cc348651536f3e4bf517cad7351407e35d3ee2ad74c4ee55f3a813a58dc,1,0.98649395
d1c2fb3f0a5c07237e84e180860c314c7176d0ca8d38bb370e71e74f9a8bb261,0,0.1235018
73b75380f740b700d89977a7961e94471459cda8c2cdc06bbddc4018b38856f9,1,0.46034008
52463fc5d11edc4237a2d1e06fe9a1b11afd0f4ce2f9ffd82322d2e5b9355aea,1,0.99051744
08fff811b0e34bd4560d7455680faeae0441bedfb7f303557c696ed02ae7951f,1,0.9998784
81de85da773e1385847d163b3465e204cfa592fb27a2c1316a5c7ceac08cbff9,1,0.4441451
b0ebef2501d7dce8141221465f21e14bf6ae9142b0c48cc72f0ca49e03329dd8,1,0.99345845
129943b0c50055fae9a6e72e1644f0866d45edcb36692875a3de1599ccfd5359,0,0.976702
959a2931a1f37fa30088e22fdbd264ad742cfc437e2e39d65157e4b7eec97206,0,0.31344658
49f9b833542a7761ef307db177cc57f7b5e0187731712158268a623e88a2961b,0,0.00031687404
4ff9df832624a57538901228569c93ffaebc90195d4b6c7bde947582ba7ccb57,0,0.005369756
0a5c60f41a7a6a1ff99b532f3bf7a28513a51bcaeb2d3cd2230991fef5e501d3,1,0.99997973
f0ee04bd4ac577d553c76d5e8fa87e438d291705a5e7098c761e86b5e380b0c8,0,0.015272153
787b6f75e7b03dc040cdf9a0ce11dc4e64b5442425e0271a01abae663a282839,1,0.99981815
da27c0565b0e8d37fceb13eab7c05833bd0443a60fdc7b6842ac5c4450c71afe,1,0.9992181
9c4080ba8d6f4e472694e5931bdc1d8faefffc2bba5c8d50a268f7ec78d8c2ce,1,0.9830451
ababb6c8c62cb680f4521b5fbaba24ae6ed7b57a2f3fc3dde7967665b0666b4e,0,0.25991783
72d1f51683e3a130bf52172d9bdede4b147a713adac30de04cea56be3e04b0d5,0,0.009653207
77bb1e00cd3d96955e871264d84f6b022a2937477d60dd0edcefeab17db3a4a1,0,0.6241496
